INSERT INTO public.ciudades (id, nombre, nombre_pais, es_valido, created_at, updated_at) VALUES (1, 'Iusto necessitatibus voluptatem sit omnis voluptate. Aperiam ea ducimus qui cum enim placeat. Sequi velit et velit et aut et.', 'Earum tempore nihil doloremque excepturi. Voluptatem in quis eius. Voluptate eius sequi dolore repudiandae.', true, '2018-12-28 01:05:07', '2018-12-28 01:05:07');
INSERT INTO public.ciudades (id, nombre, nombre_pais, es_valido, created_at, updated_at) VALUES (2, 'Alias iste hic quas sint. Voluptatum odio mollitia necessitatibus et impedit. Aliquid consectetur aut aut ut esse dignissimos.', 'Quia tempora dolores ut tenetur modi ducimus voluptatem. Accusantium cumque fugit voluptas temporibus.', true, '2018-12-28 01:05:07', '2018-12-28 01:05:07');
INSERT INTO public.ciudades (id, nombre, nombre_pais, es_valido, created_at, updated_at) VALUES (3, 'Impedit aut ut iste rerum et ut et. Id iusto recusandae vitae sed. Ad omnis dicta non sunt. Perferendis et in est sit.', 'Cumque voluptas et placeat mollitia ipsum repellat quis. Voluptatibus pariatur ea ratione. Fugiat nemo nam blanditiis soluta.', true, '2018-12-28 01:05:07', '2018-12-28 01:05:07');
INSERT INTO public.ciudades (id, nombre, nombre_pais, es_valido, created_at, updated_at) VALUES (4, 'Quis ut totam laudantium quas. Est quo dolor enim. Quia sit harum itaque quaerat. Voluptas omnis inventore repudiandae nisi.', 'Rerum voluptate quia aliquid. Nam sit rerum reprehenderit. Aperiam doloremque est sed nihil quibusdam fugiat molestiae.', true, '2018-12-28 01:05:07', '2018-12-28 01:05:07');
INSERT INTO public.ciudades (id, nombre, nombre_pais, es_valido, created_at, updated_at) VALUES (5, 'Labore est repellendus libero enim. Voluptatum in doloribus ut excepturi beatae culpa aut. Ut rerum nobis voluptatibus nisi.', 'Maxime earum accusantium placeat ea corporis nihil. Delectus placeat voluptates ut quia. Doloribus excepturi architecto soluta.', true, '2018-12-28 01:05:07', '2018-12-28 01:05:07');
INSERT INTO public.ciudades (id, nombre, nombre_pais, es_valido, created_at, updated_at) VALUES (6, 'Voluptatem beatae et tempore. Dolore porro omnis repellat aliquid nihil magni aut. Nam dolorum vel nihil recusandae cupiditate.', 'Accusamus deleniti necessitatibus error est praesentium enim. Impedit quos sint harum porro.', true, '2018-12-28 01:05:07', '2018-12-28 01:05:07');
INSERT INTO public.ciudades (id, nombre, nombre_pais, es_valido, created_at, updated_at) VALUES (7, 'Perferendis esse aut ex exercitationem harum pariatur. Qui sed qui rerum repudiandae.', 'Et assumenda saepe similique facilis. Sit rerum sit animi.', true, '2018-12-28 01:05:07', '2018-12-28 01:05:07');
INSERT INTO public.ciudades (id, nombre, nombre_pais, es_valido, created_at, updated_at) VALUES (8, 'Nam tempora dolores eligendi provident unde. Ut ut reiciendis magnam exercitationem officia.', 'Soluta qui a nihil. Autem et eligendi ratione quibusdam qui nemo doloremque. Ut sit impedit fugit non eos.', true, '2018-12-28 01:05:07', '2018-12-28 01:05:07');
INSERT INTO public.ciudades (id, nombre, nombre_pais, es_valido, created_at, updated_at) VALUES (9, 'Voluptatem ipsam et et ipsa omnis. Optio quidem est cupiditate qui non.', 'Dolores ut ad dolor exercitationem. Non quis harum architecto et ea assumenda libero. Et itaque et nisi eius omnis.', true, '2018-12-28 01:05:07', '2018-12-28 01:05:07');
INSERT INTO public.ciudades (id, nombre, nombre_pais, es_valido, created_at, updated_at) VALUES (10, 'Sint occaecati blanditiis sit. Numquam doloremque quae unde voluptas.', 'Quo cum enim commodi reprehenderit. Natus perspiciatis non debitis deserunt et.', true, '2018-12-28 01:05:07', '2018-12-28 01:05:07');INSERT INTO public.aeropuertos (id, ciudad_id, direccion, nombre, es_valido, created_at, updated_at) VALUES (1, 4, 'Quia inventore quo minus quo commodi. In dignissimos sed eligendi magni aut nemo.', 'Consequatur omnis magni voluptatem unde.', true, '2018-12-28 01:05:07', '2018-12-28 01:05:07');
INSERT INTO public.aeropuertos (id, ciudad_id, direccion, nombre, es_valido, created_at, updated_at) VALUES (2, 3, 'Quaerat voluptatem soluta deserunt dolores optio iste. Delectus et ex enim deleniti.', 'Autem perferendis consequatur perferendis tempora numquam.', true, '2018-12-28 01:05:07', '2018-12-28 01:05:07');
INSERT INTO public.aeropuertos (id, ciudad_id, direccion, nombre, es_valido, created_at, updated_at) VALUES (3, 5, 'Iure est cupiditate esse sint. Hic aut ipsa quod aut. Quia temporibus nihil vitae vel quos.', 'Fugiat impedit culpa odio facilis.', true, '2018-12-28 01:05:07', '2018-12-28 01:05:07');
INSERT INTO public.aeropuertos (id, ciudad_id, direccion, nombre, es_valido, created_at, updated_at) VALUES (4, 7, 'Eos assumenda incidunt ut sed nesciunt. Delectus iste nulla et qui. Reprehenderit quas nemo harum facilis deleniti.', 'Architecto omnis nam qui facere veritatis quos.', true, '2018-12-28 01:05:07', '2018-12-28 01:05:07');
INSERT INTO public.aeropuertos (id, ciudad_id, direccion, nombre, es_valido, created_at, updated_at) VALUES (5, 4, 'Ratione enim aut dolores placeat. Tempore qui ut quibusdam quia esse. Laudantium in iure cum rerum voluptatibus et eum.', 'Voluptatem voluptatem aliquid et eligendi voluptas.', true, '2018-12-28 01:05:07', '2018-12-28 01:05:07');
INSERT INTO public.aeropuertos (id, ciudad_id, direccion, nombre, es_valido, created_at, updated_at) VALUES (6, 6, 'Et quae consectetur ut illo quis et temporibus. Minus aut rerum velit quibusdam eveniet quas. Provident hic nisi ea.', 'Et atque laboriosam est soluta.', true, '2018-12-28 01:05:07', '2018-12-28 01:05:07');
INSERT INTO public.aeropuertos (id, ciudad_id, direccion, nombre, es_valido, created_at, updated_at) VALUES (7, 6, 'Omnis et et quod corrupti. Facere itaque itaque quibusdam tenetur qui dolore et. Quia non cumque et. Labore aperiam numquam et.', 'Et repudiandae quam aut vel sunt non quisquam et.', true, '2018-12-28 01:05:07', '2018-12-28 01:05:07');
INSERT INTO public.aeropuertos (id, ciudad_id, direccion, nombre, es_valido, created_at, updated_at) VALUES (8, 5, 'Eaque ex odit corporis. Officiis error quidem ut quia quidem qui. Hic temporibus eius quam a molestiae suscipit.', 'Quos possimus incidunt numquam occaecati quae sit accusamus.', true, '2018-12-28 01:05:07', '2018-12-28 01:05:07');
INSERT INTO public.aeropuertos (id, ciudad_id, direccion, nombre, es_valido, created_at, updated_at) VALUES (9, 10, 'Tempore nam quasi error repudiandae. Maxime amet vitae molestias tenetur. Ut ut est sit rem et. Eos culpa fuga ratione.', 'Est eveniet dolor recusandae quas. Quo libero ducimus fugiat.', true, '2018-12-28 01:05:07', '2018-12-28 01:05:07');
INSERT INTO public.aeropuertos (id, ciudad_id, direccion, nombre, es_valido, created_at, updated_at) VALUES (10, 5, 'Rerum dolor ipsa consectetur voluptatibus quo quis rem. Voluptatem qui illum adipisci sunt illum.', 'Reiciendis quo quia nesciunt ea voluptate et sapiente.', true, '2018-12-28 01:05:07', '2018-12-28 01:05:07');
INSERT INTO public.aeropuertos (id, ciudad_id, direccion, nombre, es_valido, created_at, updated_at) VALUES (11, 5, 'Est pariatur est qui. Temporibus velit et ipsa et beatae. Et et pariatur aliquid. Omnis quos ullam esse enim optio sapiente et.', 'Autem nihil ipsam saepe aut quasi voluptatem quos laboriosam.', true, '2018-12-28 01:05:07', '2018-12-28 01:05:07');
INSERT INTO public.aeropuertos (id, ciudad_id, direccion, nombre, es_valido, created_at, updated_at) VALUES (12, 6, 'Dolor quia non sunt adipisci qui et. Incidunt et sint in facilis officia sed fugiat. Expedita rerum ea est molestiae.', 'Id impedit sit et. Non ipsa consequatur magni ut sint.', true, '2018-12-28 01:05:07', '2018-12-28 01:05:07');
INSERT INTO public.aeropuertos (id, ciudad_id, direccion, nombre, es_valido, created_at, updated_at) VALUES (13, 6, 'Veniam omnis sed illo omnis commodi et nulla deserunt. Quis velit voluptas rem. Distinctio in excepturi iste voluptatem.', 'Aut laborum dolorem quae consequatur aut neque.', true, '2018-12-28 01:05:07', '2018-12-28 01:05:07');
INSERT INTO public.aeropuertos (id, ciudad_id, direccion, nombre, es_valido, created_at, updated_at) VALUES (14, 10, 'Ut quisquam quia quos. Qui iste culpa atque.', 'Ut quas ex neque voluptas iste quis.', true, '2018-12-28 01:05:07', '2018-12-28 01:05:07');
INSERT INTO public.aeropuertos (id, ciudad_id, direccion, nombre, es_valido, created_at, updated_at) VALUES (15, 10, 'Est enim autem voluptatem eveniet eos ducimus praesentium. Similique quia a omnis. A quis est magnam est nesciunt ipsum.', 'Esse eos doloremque voluptatem eos molestiae animi eum.', true, '2018-12-28 01:05:07', '2018-12-28 01:05:07');
INSERT INTO public.aeropuertos (id, ciudad_id, direccion, nombre, es_valido, created_at, updated_at) VALUES (16, 5, 'Nemo ut id alias. Sed perferendis quo eos. Sunt praesentium tempore at sit.', 'Labore occaecati soluta soluta placeat.', true, '2018-12-28 01:05:07', '2018-12-28 01:05:07');
INSERT INTO public.aeropuertos (id, ciudad_id, direccion, nombre, es_valido, created_at, updated_at) VALUES (17, 3, 'Deleniti rerum voluptatum occaecati fuga. Dolorum sint voluptatum fugiat autem unde voluptatum. Modi aut laudantium et.', 'Quaerat vitae similique quia labore veritatis accusantium.', true, '2018-12-28 01:05:07', '2018-12-28 01:05:07');
INSERT INTO public.aeropuertos (id, ciudad_id, direccion, nombre, es_valido, created_at, updated_at) VALUES (18, 5, 'Quo ex voluptas quo doloribus. Ipsum est eos unde voluptas. Cupiditate minus culpa ratione nobis aut quia.', 'Possimus sed at reprehenderit qui est rerum.', true, '2018-12-28 01:05:07', '2018-12-28 01:05:07');
INSERT INTO public.aeropuertos (id, ciudad_id, direccion, nombre, es_valido, created_at, updated_at) VALUES (19, 9, 'Eos rerum sunt autem quasi. Ut repellat quidem id molestiae quis. Animi sapiente reiciendis consequatur ab fugiat debitis ea.', 'Numquam et voluptatem et sunt voluptate est.', true, '2018-12-28 01:05:07', '2018-12-28 01:05:07');
INSERT INTO public.aeropuertos (id, ciudad_id, direccion, nombre, es_valido, created_at, updated_at) VALUES (20, 5, 'Sunt occaecati atque dolorum quo ratione. Et quia aut tempora eos voluptates ipsum.', 'Voluptatibus molestiae cum cupiditate aliquid officiis.', true, '2018-12-28 01:05:07', '2018-12-28 01:05:07');
INSERT INTO public.aeropuertos (id, ciudad_id, direccion, nombre, es_valido, created_at, updated_at) VALUES (21, 6, 'Eos adipisci hic soluta quidem unde id necessitatibus. Atque qui quia nulla ratione. Numquam nam et adipisci sed ea sit.', 'Qui consectetur aperiam non aliquid rerum ut autem.', true, '2018-12-28 01:05:07', '2018-12-28 01:05:07');
INSERT INTO public.aeropuertos (id, ciudad_id, direccion, nombre, es_valido, created_at, updated_at) VALUES (22, 2, 'Beatae iste ratione odit nihil. Vel voluptatem aut et ut maiores. Et qui quisquam iste autem sed odio.', 'Perspiciatis molestiae aut possimus adipisci vel est.', true, '2018-12-28 01:05:07', '2018-12-28 01:05:07');
INSERT INTO public.aeropuertos (id, ciudad_id, direccion, nombre, es_valido, created_at, updated_at) VALUES (23, 6, 'Ipsam excepturi est incidunt. Temporibus eius laudantium soluta mollitia. Et quasi doloribus rerum aut nihil vitae veniam.', 'Repellendus aut a aut ut aut. Explicabo eius animi eos.', true, '2018-12-28 01:05:07', '2018-12-28 01:05:07');
INSERT INTO public.aeropuertos (id, ciudad_id, direccion, nombre, es_valido, created_at, updated_at) VALUES (24, 7, 'Molestiae placeat quia itaque dolorum tenetur. Vel et deserunt perspiciatis at fugiat nobis. Magnam soluta qui nulla voluptate.', 'Doloribus omnis ipsa non perspiciatis quos.', true, '2018-12-28 01:05:07', '2018-12-28 01:05:07');
INSERT INTO public.aeropuertos (id, ciudad_id, direccion, nombre, es_valido, created_at, updated_at) VALUES (25, 3, 'Officia veritatis qui in omnis et debitis. Laboriosam dolores nihil sapiente nostrum. Voluptas omnis at aperiam eum quo et.', 'Et totam laboriosam qui.', true, '2018-12-28 01:05:07', '2018-12-28 01:05:07');
INSERT INTO public.aeropuertos (id, ciudad_id, direccion, nombre, es_valido, created_at, updated_at) VALUES (26, 2, 'Quos ipsa error tenetur atque et consequatur. Recusandae in aperiam nesciunt ipsum sit.', 'Ad aut eos impedit ea nisi omnis.', true, '2018-12-28 01:05:07', '2018-12-28 01:05:07');
INSERT INTO public.aeropuertos (id, ciudad_id, direccion, nombre, es_valido, created_at, updated_at) VALUES (27, 3, 'Vitae ducimus quia voluptatibus consequuntur et. Illo ipsa ex quod et et. At culpa amet doloribus.', 'Mollitia autem autem dolor aspernatur consequatur.', true, '2018-12-28 01:05:07', '2018-12-28 01:05:07');
INSERT INTO public.aeropuertos (id, ciudad_id, direccion, nombre, es_valido, created_at, updated_at) VALUES (28, 3, 'Ex eaque excepturi dolor. Harum ullam non quasi cumque expedita id. Deleniti dolor voluptas inventore ex quidem.', 'Voluptatem nesciunt eos sint corrupti velit ex voluptatem.', true, '2018-12-28 01:05:07', '2018-12-28 01:05:07');
INSERT INTO public.aeropuertos (id, ciudad_id, direccion, nombre, es_valido, created_at, updated_at) VALUES (29, 2, 'Voluptatem fugit quo et aut voluptatem. Sit ut vero cupiditate eius. Est libero dolor eaque odit.', 'Consectetur deserunt non voluptate ipsa adipisci modi.', true, '2018-12-28 01:05:07', '2018-12-28 01:05:07');
INSERT INTO public.aeropuertos (id, ciudad_id, direccion, nombre, es_valido, created_at, updated_at) VALUES (30, 9, 'Omnis et optio hic et accusantium. Laboriosam quia quam incidunt voluptate odio.', 'Nam fuga et molestiae.', true, '2018-12-28 01:05:07', '2018-12-28 01:05:07');INSERT INTO public.hoteles (id, ciudad_id, nombre, direccion, estrellas, descripcion, es_valido, created_at, updated_at) VALUES (1, 3, 'Libero et a officia nihil illo molestiae officia.', 'Beatae amet modi aut illo reiciendis distinctio dolores. Maxime cumque illo quia facilis sit.', 5, 'Repellat aliquam quidem saepe temporibus natus. In sed ex delectus pariatur in eligendi. Quia modi est aut. Sunt doloremque dolores voluptas qui impedit eum. Earum sed iure consequatur nisi ea dolore inventore. Ut magni minus exercitationem temporibus quidem voluptatem. Ex omnis temporibus quam explicabo dolor in.', true, '2018-12-28 01:05:07', '2018-12-28 01:05:07');
INSERT INTO public.hoteles (id, ciudad_id, nombre, direccion, estrellas, descripcion, es_valido, created_at, updated_at) VALUES (2, 10, 'Nihil consequuntur ducimus quod iusto voluptas.', 'Praesentium autem incidunt error repudiandae. Nesciunt sed aliquam officia.', 3, 'Rerum sapiente est et nemo doloribus iusto. Quae odio minima harum facilis architecto reprehenderit eos. Non ducimus cumque enim. Quae repellat eligendi quibusdam corporis laboriosam deleniti cum. Voluptas quis qui voluptatum saepe. Veritatis officia provident quisquam soluta. Magnam inventore numquam est in quis. Velit est sit natus non. Officia omnis distinctio eveniet aperiam. Corporis soluta aut iure perspiciatis. Inventore provident corrupti aut doloribus ea. Atque quaerat commodi dicta culpa ex non.', true, '2018-12-28 01:05:07', '2018-12-28 01:05:07');
INSERT INTO public.hoteles (id, ciudad_id, nombre, direccion, estrellas, descripcion, es_valido, created_at, updated_at) VALUES (3, 7, 'Iusto et distinctio ab quia labore non culpa.', 'Sint dignissimos quos aliquam consequuntur quia ducimus. Eius voluptatem et nesciunt minima eligendi ut occaecati.', 4, 'Sapiente est nobis adipisci tempore vitae et. Esse qui autem eos blanditiis. Aut nihil rerum architecto necessitatibus sapiente velit fugiat. Eveniet aut dicta asperiores ab et et consequatur. Molestias ab beatae ex non voluptatem est. Adipisci eaque officia exercitationem nesciunt vel quis omnis. Quae quia sit provident nisi accusantium in consequatur. Ratione voluptatibus ut et et laudantium mollitia. Architecto reprehenderit voluptatem alias minima qui.', true, '2018-12-28 01:05:07', '2018-12-28 01:05:07');
INSERT INTO public.hoteles (id, ciudad_id, nombre, direccion, estrellas, descripcion, es_valido, created_at, updated_at) VALUES (4, 10, 'Libero a molestias ad id facilis possimus aut non.', 'Aliquid voluptatem autem assumenda harum. Ea animi ipsa omnis necessitatibus ut ullam. Sit non non quia eum.', 3, 'Optio suscipit soluta nesciunt quod. Nostrum et rerum eius voluptas est rerum. Asperiores dolorum id aut nobis neque quia. Sit expedita deleniti non officia. Et aut odit voluptas nisi. Corrupti corrupti qui aperiam saepe debitis deleniti ut. Reiciendis possimus quam facilis et. Consectetur ut tenetur consequatur molestiae. Harum nemo repellendus dolores qui suscipit sint minus. Consequatur ullam qui dignissimos et. Et aperiam itaque necessitatibus excepturi. Consectetur harum voluptas nihil.', true, '2018-12-28 01:05:07', '2018-12-28 01:05:07');
INSERT INTO public.hoteles (id, ciudad_id, nombre, direccion, estrellas, descripcion, es_valido, created_at, updated_at) VALUES (5, 1, 'Accusantium fugit ut voluptatibus.', 'Ratione nesciunt molestiae blanditiis et amet accusamus dicta consequuntur. Quia amet maxime ad sed modi quaerat.', 1, 'Et qui iste beatae odio voluptas. Velit molestiae voluptatem aut ad. Odit rerum aspernatur et nulla maxime earum. Unde atque nesciunt ut dolorem voluptatem iusto a provident. Sit at sunt itaque totam eum. Rerum officia autem quibusdam et. Provident vel nesciunt aut dolorem dolor aperiam in. Nostrum voluptates dignissimos quas qui accusamus. Voluptatibus nulla repudiandae qui. Sapiente reiciendis non est incidunt. Quia aperiam perspiciatis autem ut. Labore autem illo rerum ut soluta labore dolore.', true, '2018-12-28 01:05:07', '2018-12-28 01:05:07');
INSERT INTO public.hoteles (id, ciudad_id, nombre, direccion, estrellas, descripcion, es_valido, created_at, updated_at) VALUES (6, 3, 'Dolore qui ea aliquam nemo sint.', 'Ipsum et eveniet eos ad mollitia. Sed omnis quidem voluptatibus natus velit. Aut quia odio aut recusandae consequatur id qui.', 3, 'Consequatur beatae nulla molestiae sit magni beatae. Quasi voluptatem id cum ratione dolorum eveniet sunt. Officiis omnis eos dolores ut voluptatem eum dolorum. Ut iure dolor illo ipsum. Beatae quia minus quia tempora commodi. Dolores omnis eveniet veritatis eius. Voluptatem beatae sapiente et nobis. Voluptatibus amet unde aut cum. Consequatur et dolorum ad laborum qui in ea. Aut voluptatem aperiam magnam saepe.', true, '2018-12-28 01:05:07', '2018-12-28 01:05:07');
INSERT INTO public.hoteles (id, ciudad_id, nombre, direccion, estrellas, descripcion, es_valido, created_at, updated_at) VALUES (7, 4, 'Harum vel aut dolores voluptatem.', 'Sed ut facilis facilis dolore. Autem cum velit eum est ex. Ut reiciendis illum iste voluptatem cum.', 2, 'Placeat accusantium laboriosam culpa temporibus. Natus cum suscipit ut quaerat quam. Ipsam tempore et ut nam vel expedita unde. Esse ut velit labore est. Dolorum reiciendis exercitationem aliquid vel voluptatem voluptas fuga. Aut hic ut enim tempore voluptates. Ipsa sapiente ducimus dicta alias molestias et exercitationem. Assumenda laudantium ullam nemo. Incidunt distinctio fugiat magni a id officiis. Sed consequatur explicabo et commodi deleniti consequuntur voluptate.', true, '2018-12-28 01:05:07', '2018-12-28 01:05:07');
INSERT INTO public.hoteles (id, ciudad_id, nombre, direccion, estrellas, descripcion, es_valido, created_at, updated_at) VALUES (8, 10, 'Itaque aliquam ut velit et velit totam exercitationem.', 'Ex veniam vel magnam qui impedit esse explicabo. Et totam alias aut. Ea quidem molestiae minus fugiat.', 2, 'Necessitatibus consequatur veniam officiis sed molestiae vel est. Numquam soluta rerum qui officiis rem sed voluptatem. Ipsum repellat voluptas sint delectus enim. Nobis placeat nihil sit dignissimos voluptate. Vel corrupti voluptatum sit rerum distinctio. Quo quo voluptate et voluptas ad et. Eum consequuntur facilis illum nemo.', true, '2018-12-28 01:05:07', '2018-12-28 01:05:07');
INSERT INTO public.hoteles (id, ciudad_id, nombre, direccion, estrellas, descripcion, es_valido, created_at, updated_at) VALUES (9, 8, 'Sit repellendus et non tempore a temporibus est.', 'Rerum cumque culpa quidem autem voluptas. Excepturi omnis rem repellat itaque natus. Nam ab nulla sint ad dolores veniam.', 1, 'Et praesentium eos excepturi commodi et voluptatem. Minima iste ut et commodi occaecati expedita. Tempora quis ut ipsam nobis corporis fugit est consequatur. Quo necessitatibus quia impedit aut quo ut. Quod ipsa rerum alias et nostrum totam nesciunt voluptatem. Ratione placeat beatae quibusdam distinctio. Et velit dicta nihil hic.', true, '2018-12-28 01:05:07', '2018-12-28 01:05:07');
INSERT INTO public.hoteles (id, ciudad_id, nombre, direccion, estrellas, descripcion, es_valido, created_at, updated_at) VALUES (10, 3, 'Aut iste molestiae beatae optio.', 'Iste illum illo maxime laboriosam voluptates ut nisi. Sed sed sint voluptas ut est unde. Aut et ullam hic et eligendi sint.', 4, 'Voluptatem deleniti autem deleniti repudiandae. Ab labore esse omnis labore autem tempore dicta. Velit aut voluptates rem quae. Expedita occaecati aut officiis aut. Deleniti accusamus iste molestiae eos reiciendis minus et. Sapiente unde et provident perferendis quae pariatur. Veritatis autem vel perferendis assumenda. Minus in qui occaecati aut sit aperiam. Commodi facilis occaecati temporibus quas qui quo. Nesciunt assumenda culpa iure unde sequi voluptas sed eaque.', true, '2018-12-28 01:05:07', '2018-12-28 01:05:07');
INSERT INTO public.hoteles (id, ciudad_id, nombre, direccion, estrellas, descripcion, es_valido, created_at, updated_at) VALUES (11, 3, 'Nisi natus pariatur eius dicta harum.', 'Perspiciatis enim ratione est animi animi. Corporis aut sed velit non.', 2, 'Consequatur est consequatur eius quibusdam quos consequatur. Quia deserunt voluptatem et eius. Ut asperiores rerum et reprehenderit atque. Eveniet tempore mollitia ut vel aspernatur. Eveniet illum quis inventore aut. Deserunt aliquam inventore cupiditate et commodi et. Praesentium suscipit nisi distinctio unde facere. Culpa et recusandae autem minima in. Officiis et sunt corrupti accusamus odio ad. Veniam ipsa ut provident officiis repellat reiciendis.', true, '2018-12-28 01:05:07', '2018-12-28 01:05:07');
INSERT INTO public.hoteles (id, ciudad_id, nombre, direccion, estrellas, descripcion, es_valido, created_at, updated_at) VALUES (12, 10, 'Sed aperiam perspiciatis est a.', 'Inventore incidunt nulla ad. Id quia illo velit nostrum tenetur est quod est. Eaque cumque maiores qui est.', 3, 'Odit sed corporis provident incidunt qui. Adipisci et dolorem sapiente corrupti ea animi voluptas. Et autem occaecati velit quos exercitationem consequatur odio. Nulla laboriosam aperiam voluptatum facilis sed ut. Nobis dolorem veritatis mollitia aut. Perspiciatis nostrum perspiciatis enim nostrum ut beatae. Optio voluptates consectetur beatae tempora. Minima deserunt quod magnam. Quod eos cupiditate inventore est id labore enim. Voluptas ut explicabo aut quae. Sint et id incidunt est.', true, '2018-12-28 01:05:07', '2018-12-28 01:05:07');
INSERT INTO public.hoteles (id, ciudad_id, nombre, direccion, estrellas, descripcion, es_valido, created_at, updated_at) VALUES (13, 1, 'Consequatur numquam nobis itaque quo quis.', 'Facere perferendis odio exercitationem earum consectetur dolorum. Quos error et ducimus saepe. Sint eum dolorum fuga esse quos.', 5, 'Nam ut rerum consequatur assumenda. Reprehenderit recusandae rerum voluptatum accusantium recusandae corporis. Nihil modi non dolorem minus laudantium illo inventore. Quos recusandae unde commodi. Nam ut qui sit illum. Facilis quae et omnis necessitatibus sit similique nihil. Totam sed ut sit non ut. Fugiat atque autem qui nihil. Nisi voluptatibus dolorem corporis in perspiciatis labore architecto. Rerum quo est et sed delectus eum.', true, '2018-12-28 01:05:07', '2018-12-28 01:05:07');
INSERT INTO public.hoteles (id, ciudad_id, nombre, direccion, estrellas, descripcion, es_valido, created_at, updated_at) VALUES (14, 8, 'Hic quod fugiat esse ut pariatur cum qui.', 'Sint unde ut soluta quisquam. Accusantium dicta sed velit et aperiam ipsum. Molestiae similique et vitae excepturi.', 3, 'Eius consectetur et est sed. Magnam veritatis voluptatibus tempora porro asperiores aliquid. Quidem dolor quaerat hic similique nam reiciendis. Voluptatum totam saepe est perferendis officia et dolor. Nam rem sint sit nisi aut assumenda. Autem labore ut molestias sapiente. Vel voluptas ad facere quas vel autem. Atque enim dolor omnis doloribus nulla. Labore dolores facere maiores quia ab. Perspiciatis cumque qui culpa impedit qui. Odio enim a consequatur expedita omnis fugit.', true, '2018-12-28 01:05:07', '2018-12-28 01:05:07');
INSERT INTO public.hoteles (id, ciudad_id, nombre, direccion, estrellas, descripcion, es_valido, created_at, updated_at) VALUES (15, 7, 'Accusantium voluptatum consequatur sint sunt hic sed aut.', 'Enim expedita et aspernatur recusandae ratione. Odit iusto harum tempore iste qui dolorum. Enim velit sint vel dolorem.', 3, 'Sequi expedita et et dignissimos deleniti. Quae sed impedit in nam. Iure recusandae sint exercitationem nulla distinctio quasi nemo veritatis. Asperiores natus ipsa voluptas et quia veniam velit corporis. Accusamus eveniet quis est veritatis animi quo. Animi eum tempore sapiente quia perspiciatis. Modi illo hic sed laborum. Amet et numquam incidunt assumenda occaecati qui mollitia voluptatibus. Non enim explicabo autem quae omnis dicta qui. Quisquam enim voluptatibus praesentium voluptas.', true, '2018-12-28 01:05:07', '2018-12-28 01:05:07');
INSERT INTO public.hoteles (id, ciudad_id, nombre, direccion, estrellas, descripcion, es_valido, created_at, updated_at) VALUES (16, 1, 'Recusandae et id inventore. Enim voluptatem excepturi alias in.', 'Maiores sit quas eum quae qui tenetur ut. Aut ut id quas repellendus labore sit. Aut ea expedita fugiat aliquid et veritatis.', 4, 'Qui aperiam dolorem ut aut. Assumenda veniam numquam exercitationem officia. Ullam voluptatibus nihil est quia. Omnis quis beatae et mollitia autem. Quae iste qui voluptas at voluptatem quibusdam commodi laborum. Ut dolorum nostrum non facilis sed vero. Est laudantium voluptas voluptatum voluptatibus omnis aut pariatur. Voluptatibus sit fuga vel recusandae. Ipsum voluptatibus animi et.', true, '2018-12-28 01:05:07', '2018-12-28 01:05:07');
INSERT INTO public.hoteles (id, ciudad_id, nombre, direccion, estrellas, descripcion, es_valido, created_at, updated_at) VALUES (17, 9, 'Tempore ut fugit iste doloribus.', 'Veritatis quia dolores qui quae molestiae. Ratione at consequatur nostrum provident eum enim rerum cumque.', 3, 'Veritatis aperiam dolorem sed nemo. Nobis ut asperiores et aperiam id. Illo et nobis molestias ex consequatur neque impedit. Itaque distinctio in quis id possimus optio. Sunt vitae ab nemo eligendi dolorum nulla. Beatae aliquid culpa tempore unde quas facere. Ea accusantium exercitationem enim velit id velit. Sunt incidunt et architecto quasi facere. Architecto ea est vitae explicabo illum dicta consequatur autem.', true, '2018-12-28 01:05:07', '2018-12-28 01:05:07');
INSERT INTO public.hoteles (id, ciudad_id, nombre, direccion, estrellas, descripcion, es_valido, created_at, updated_at) VALUES (18, 5, 'Mollitia iste neque qui voluptates.', 'Numquam doloribus et ab optio quae magni. Corrupti doloribus rerum quod debitis magni ea dolorem.', 3, 'Sunt qui reprehenderit facere ut. Aut qui fuga in consectetur ab voluptatum ut. Blanditiis vel omnis voluptatem. Mollitia repudiandae accusamus aut molestiae. Odit non maxime ipsum ut quia impedit. Officia nobis optio deserunt dolor eos modi qui. Qui laudantium quam eveniet. Totam et nesciunt voluptatem. Vero voluptates itaque molestiae fugit itaque blanditiis. Atque dolore laborum sed vel maiores occaecati est. Nisi nulla architecto in. Nam itaque aut est. Tempora in enim qui consequatur debitis.', true, '2018-12-28 01:05:07', '2018-12-28 01:05:07');
INSERT INTO public.hoteles (id, ciudad_id, nombre, direccion, estrellas, descripcion, es_valido, created_at, updated_at) VALUES (19, 1, 'Veniam ut maxime at. Assumenda id suscipit vel.', 'Sunt aut nobis quo sequi voluptatum. Tempore rerum nihil eaque quasi ex. Iusto est aut sint et ipsa quasi.', 5, 'Eveniet id nam dolores qui debitis non culpa porro. Unde quas nostrum dolores animi accusantium qui. Sed et praesentium iste laboriosam libero debitis culpa accusantium. Quia temporibus cupiditate fugit in quo occaecati eligendi. Deserunt qui eveniet et animi qui ut voluptatem. Esse eos neque et vel dolor id incidunt. Suscipit et velit eius expedita ut. Nulla veritatis laborum delectus ex et veritatis aut. Et autem eum ut asperiores ullam.', true, '2018-12-28 01:05:07', '2018-12-28 01:05:07');
INSERT INTO public.hoteles (id, ciudad_id, nombre, direccion, estrellas, descripcion, es_valido, created_at, updated_at) VALUES (20, 4, 'Dolore sed dolorem aspernatur tempora asperiores.', 'Necessitatibus animi et consequatur qui. Reiciendis aperiam et vel aliquid nobis.', 2, 'Exercitationem est cumque est magnam. Quo sapiente et voluptas eos architecto voluptas. Sint suscipit soluta maxime esse. Et consequuntur eos corrupti. Et aut non magnam praesentium debitis consequuntur. Nihil consequatur quasi vel non dicta rerum est. Qui sequi error vero placeat at eos pariatur dolorem. Sit mollitia harum velit consequatur aut consequatur consequatur dolorem.', true, '2018-12-28 01:05:07', '2018-12-28 01:05:07');
INSERT INTO public.hoteles (id, ciudad_id, nombre, direccion, estrellas, descripcion, es_valido, created_at, updated_at) VALUES (21, 1, 'Rem adipisci ex commodi hic odio. Qui sequi sunt officia.', 'Harum ratione sit et aliquid et hic autem. Unde est omnis consectetur natus sed dolorem. Hic est maxime vel rerum.', 3, 'Repudiandae qui id debitis sit molestiae qui corporis esse. Quibusdam sit autem necessitatibus. Ut et facere ducimus a eaque quos voluptatum. Exercitationem magnam sed consequuntur omnis harum et sint. At ipsam omnis sapiente in ad autem sit. Omnis cumque nobis officia aperiam voluptas cum sunt. Excepturi dolor ducimus placeat rem ex. Saepe non autem nulla voluptatibus ex.', true, '2018-12-28 01:05:07', '2018-12-28 01:05:07');
INSERT INTO public.hoteles (id, ciudad_id, nombre, direccion, estrellas, descripcion, es_valido, created_at, updated_at) VALUES (22, 2, 'Voluptate doloribus natus molestiae nobis unde.', 'Quasi nostrum non doloremque eius rem. Labore sit vel sed porro aut et quis. Itaque qui eveniet suscipit temporibus.', 5, 'Quo minima omnis fugiat ipsum adipisci. Libero non ad occaecati corrupti consequatur. Nihil ea aut eos sapiente eaque unde. Tenetur ut qui iusto distinctio sed. Incidunt maxime optio pariatur eveniet facilis. Repudiandae laudantium sed omnis et ab corporis soluta. Quae cupiditate odio aut fugiat voluptatum ullam praesentium. Excepturi rerum dolores eaque voluptates sit rerum nam. Consequatur atque natus quia. Sunt quod fuga cum a et et. Rerum nihil aliquid et quia.', true, '2018-12-28 01:05:07', '2018-12-28 01:05:07');
INSERT INTO public.hoteles (id, ciudad_id, nombre, direccion, estrellas, descripcion, es_valido, created_at, updated_at) VALUES (23, 5, 'Quibusdam hic libero consequuntur non molestiae quod.', 'Qui corrupti sunt exercitationem. Non ratione rerum temporibus nostrum adipisci quia sed. Et tempora iure veniam.', 2, 'Et atque debitis autem nihil. Quae aperiam dolorum omnis et exercitationem nihil aliquam odit. Voluptatem nostrum quasi exercitationem id ullam commodi. Et aut natus voluptatem soluta molestias voluptatem recusandae. Velit id et officia quos nisi aut suscipit. Nihil culpa repellendus doloremque rerum incidunt ad. Ea voluptatum eius saepe eum eveniet ut fugit at. Nobis deserunt explicabo dignissimos.', true, '2018-12-28 01:05:07', '2018-12-28 01:05:07');
INSERT INTO public.hoteles (id, ciudad_id, nombre, direccion, estrellas, descripcion, es_valido, created_at, updated_at) VALUES (24, 10, 'Totam nostrum sed ut at sequi incidunt voluptate.', 'Et architecto magni eligendi libero. Quasi illum sunt ut.', 3, 'Quod quia natus rerum magnam sed natus labore. Similique itaque dolorem quae iure omnis. Quia cupiditate sint ipsam beatae quam corrupti fugit. Qui explicabo minus dolorum impedit. Minus ut possimus error facere molestiae pariatur. Facere itaque aut et sit error. Eaque quia distinctio iusto non consequatur a. Quam numquam excepturi quos fugit ipsa ipsa et. Excepturi dolorem asperiores sit soluta esse ea. Sunt est maiores excepturi sed neque molestias reiciendis. Corporis est omnis odio officiis.', true, '2018-12-28 01:05:07', '2018-12-28 01:05:07');
INSERT INTO public.hoteles (id, ciudad_id, nombre, direccion, estrellas, descripcion, es_valido, created_at, updated_at) VALUES (25, 10, 'Veniam tempora consequatur maiores et sit aliquam.', 'Harum at molestiae ipsa ab. Omnis labore similique ipsum quos consequatur repudiandae. Magnam tempore sit laborum aut aut.', 2, 'Asperiores ipsam quia et nihil assumenda amet. Voluptatem eaque aut est dolorem quis. Molestias voluptatum dignissimos nihil numquam accusantium. Et quibusdam quo quo aliquid eius. Voluptatem qui consequatur iusto ipsa mollitia accusamus ratione est. Repudiandae dolores voluptas ut. Adipisci tenetur et ut ut sunt. Voluptas eligendi ut pariatur voluptate rerum corporis. In eius cupiditate earum iure. Dignissimos autem velit ut suscipit rerum in voluptatem.', true, '2018-12-28 01:05:07', '2018-12-28 01:05:07');
INSERT INTO public.hoteles (id, ciudad_id, nombre, direccion, estrellas, descripcion, es_valido, created_at, updated_at) VALUES (26, 1, 'Omnis rerum quod fugiat vel.', 'Hic ut aspernatur aut eaque molestiae id omnis. Mollitia voluptas sint in.', 5, 'Odio labore et facilis atque sunt quia. Sed totam ea et doloribus quo et. Esse quo dolores sed non aut quaerat. Delectus id est explicabo repellendus labore. Et consectetur quam molestiae magni eaque. Voluptatum voluptatem eligendi sed qui. Impedit et qui non eum nostrum ex rerum quia. Quaerat omnis sed cum velit quidem. Qui excepturi aut consectetur quaerat molestias. Omnis nobis est modi delectus. Excepturi aut rerum repudiandae qui.', true, '2018-12-28 01:05:07', '2018-12-28 01:05:07');
INSERT INTO public.hoteles (id, ciudad_id, nombre, direccion, estrellas, descripcion, es_valido, created_at, updated_at) VALUES (27, 9, 'Quis rerum nam soluta voluptatem eveniet quibusdam ea.', 'Optio doloremque at natus est sed sit distinctio nulla. Ut eos et sequi et. Nisi molestiae non iure.', 4, 'Ut eius blanditiis sit adipisci nihil. Sed et omnis libero sunt corrupti vitae. Nobis veniam asperiores doloremque incidunt dolore maxime. Ex necessitatibus nulla aut voluptas qui a. Eos officia autem sint porro nobis explicabo voluptas enim. Est ut in enim cupiditate quo nesciunt est animi. Dolor eligendi quidem nemo quaerat animi facilis. Doloribus et omnis dolor in. Fugiat eos placeat rerum ea. Sint nesciunt sed cupiditate optio commodi minima dolorem.', true, '2018-12-28 01:05:07', '2018-12-28 01:05:07');
INSERT INTO public.hoteles (id, ciudad_id, nombre, direccion, estrellas, descripcion, es_valido, created_at, updated_at) VALUES (28, 6, 'Aut provident labore tempora qui provident ut.', 'Ut molestiae et veritatis neque autem non amet quidem. Omnis est quo accusamus aspernatur. Quia aspernatur distinctio velit.', 5, 'Similique necessitatibus deserunt voluptates fugiat expedita odit placeat sed. Cum aspernatur commodi omnis. Numquam distinctio ea ipsum sit officia aut voluptatem. Iusto vitae quisquam libero perspiciatis ut itaque. Fuga voluptas ullam omnis est placeat consequatur debitis. Eum maiores voluptate minus voluptatem illo. Voluptatum velit non id.', true, '2018-12-28 01:05:07', '2018-12-28 01:05:07');
INSERT INTO public.hoteles (id, ciudad_id, nombre, direccion, estrellas, descripcion, es_valido, created_at, updated_at) VALUES (29, 2, 'Qui autem a eos exercitationem id voluptatem neque.', 'Quia minus est reiciendis nostrum deserunt inventore. Magnam quam quis id quo sed quia. Sint odit ut praesentium.', 2, 'Et non quisquam odio et est. Tempore assumenda vel ut quaerat neque. Vel placeat aspernatur sint voluptatem suscipit. Reprehenderit aut et et velit omnis id voluptatem. Doloremque quia consequuntur culpa doloremque. Numquam velit qui placeat unde est qui. Quia nam voluptates dicta enim quia et quo qui. Ad autem sunt ut ut qui enim. Est dolores repudiandae rerum odit iste aut odit. Ipsam eligendi sed fugit odio. Et expedita harum accusamus sed aut doloremque ipsa.', true, '2018-12-28 01:05:07', '2018-12-28 01:05:07');
INSERT INTO public.hoteles (id, ciudad_id, nombre, direccion, estrellas, descripcion, es_valido, created_at, updated_at) VALUES (30, 10, 'A rerum rerum exercitationem quasi dolores beatae delectus.', 'Non aut aspernatur sit. Est sequi dolor illo. Et esse dolorum quis nisi dignissimos consequatur et. Error et non et nulla.', 3, 'Ut qui laborum perferendis delectus provident et enim. Voluptatem facere aut ullam ab atque alias. Consequatur quia est laboriosam libero iure. Dolorem beatae cum ea quasi id inventore ut. Omnis autem minus aperiam inventore iste culpa. Doloremque ipsa fugit reprehenderit consequatur nihil. Voluptatum qui et perferendis est vitae totam nam. Accusantium fuga id ab hic. Ducimus ipsam quia est autem.', true, '2018-12-28 01:05:07', '2018-12-28 01:05:07');
INSERT INTO public.hoteles (id, ciudad_id, nombre, direccion, estrellas, descripcion, es_valido, created_at, updated_at) VALUES (31, 2, 'Earum voluptatem optio et omnis omnis doloremque ducimus.', 'Est esse similique eligendi ducimus molestiae vero voluptatem est. Fugit illum non possimus doloremque.', 2, 'Quia laboriosam porro molestiae qui sapiente. Debitis explicabo non autem natus. Eum nihil debitis voluptatem cupiditate possimus laboriosam veniam. Velit quo ad ipsum error cum ut ad. Amet labore nesciunt at sapiente non. Debitis molestias accusamus rerum asperiores atque. Quo et facilis molestias consequatur et. Dolores dolor iure sint eos aperiam dolore aliquam suscipit. Rem quos eaque qui ratione. Veritatis dolor consectetur voluptates amet nam et quam. Voluptas commodi est neque tempore.', true, '2018-12-28 01:05:07', '2018-12-28 01:05:07');
INSERT INTO public.hoteles (id, ciudad_id, nombre, direccion, estrellas, descripcion, es_valido, created_at, updated_at) VALUES (32, 6, 'Consectetur aliquid veritatis qui in ad.', 'Quia et inventore quo fugit. Facilis suscipit consequatur velit consequuntur.', 1, 'Neque ex a placeat praesentium eius qui. Sit accusantium velit vitae error odio. Ab repellat et nisi cum architecto dolor fugit vel. Explicabo vitae rerum culpa temporibus et autem id similique. Quaerat excepturi cum commodi quaerat. Ad eius cum quasi alias ex et consequatur. Earum sit molestias porro deserunt sit nulla distinctio. Nihil amet velit omnis quaerat aut. Repudiandae placeat consequatur soluta illum commodi et nisi. Nemo numquam reiciendis deserunt eaque et minima aspernatur.', true, '2018-12-28 01:05:07', '2018-12-28 01:05:07');
INSERT INTO public.hoteles (id, ciudad_id, nombre, direccion, estrellas, descripcion, es_valido, created_at, updated_at) VALUES (33, 9, 'Quas ipsum molestiae est ut quia.', 'Voluptatem est eligendi eos perferendis mollitia quis magni delectus. Aliquid quas reiciendis esse ut.', 2, 'At sed sed voluptas. Quidem quisquam voluptatum eum. Quibusdam dolores suscipit reprehenderit. Laudantium sint quam corporis reiciendis sapiente deserunt tempora. Ea vero illum beatae. Expedita impedit accusamus omnis voluptas aut voluptatem amet. Dolor earum impedit dolores error alias mollitia laborum. Modi assumenda praesentium doloribus blanditiis aut repellat id. Reprehenderit qui incidunt sequi libero hic. Et rerum qui ea excepturi et. Ex rerum voluptas molestiae ut aut nulla ipsa alias.', true, '2018-12-28 01:05:07', '2018-12-28 01:05:07');
INSERT INTO public.hoteles (id, ciudad_id, nombre, direccion, estrellas, descripcion, es_valido, created_at, updated_at) VALUES (34, 1, 'Totam non maxime odio. Modi quia et provident aut autem fugit.', 'Vel numquam earum facere doloribus blanditiis. Est est aut adipisci sunt dolores. Similique exercitationem aut molestiae ex.', 5, 'Nobis nam praesentium eum modi aperiam consequuntur. Dignissimos est dolor blanditiis nihil. Cumque excepturi id numquam repudiandae. Voluptas labore sunt a quia omnis. Consequatur enim commodi adipisci dolorem. Voluptatum est quis voluptatem natus. Sit corporis cum quo vero illo tempore qui a.', true, '2018-12-28 01:05:07', '2018-12-28 01:05:07');
INSERT INTO public.hoteles (id, ciudad_id, nombre, direccion, estrellas, descripcion, es_valido, created_at, updated_at) VALUES (35, 5, 'Tempore repellat officia sapiente dolore enim.', 'Totam tempora enim culpa voluptas sed alias. Tempore aperiam non voluptatum amet. Consequatur sint iste ipsum est.', 1, 'Molestiae dolores et molestiae velit beatae facilis voluptates. Impedit placeat rerum vitae vel quis dolores aut. Dolorem qui magni consequatur incidunt quia commodi doloremque. Voluptatem rerum eum expedita. Fuga velit blanditiis ipsam suscipit officiis nihil expedita impedit. Autem necessitatibus aut eius nemo magni sapiente illo. Ab rerum non asperiores expedita. Vel iusto rerum corrupti provident est sit ut. Qui mollitia et error distinctio nihil similique quia enim. Aut tempore ea unde omnis.', true, '2018-12-28 01:05:07', '2018-12-28 01:05:07');
INSERT INTO public.hoteles (id, ciudad_id, nombre, direccion, estrellas, descripcion, es_valido, created_at, updated_at) VALUES (36, 6, 'Perspiciatis ad voluptatem cupiditate corrupti.', 'Beatae maiores sit beatae amet impedit hic esse. Sunt fugit quae nobis laborum vel beatae ut. Sit sunt repudiandae rerum esse.', 4, 'Quo eos qui in dolorem. Consequuntur aut ipsa in. Beatae non eum iure. Qui quam repudiandae itaque qui provident inventore voluptatem. Consectetur voluptatem dolores minima ratione optio sunt sit expedita. Aliquam eaque natus repudiandae voluptatem quod explicabo quas. Natus nesciunt natus rerum nulla voluptates possimus atque voluptatum. Molestias id cum temporibus sequi omnis sunt. Commodi sit qui beatae qui nisi est vel sit.', true, '2018-12-28 01:05:07', '2018-12-28 01:05:07');
INSERT INTO public.hoteles (id, ciudad_id, nombre, direccion, estrellas, descripcion, es_valido, created_at, updated_at) VALUES (37, 5, 'Et ea et quis consectetur rem enim nemo asperiores.', 'Pariatur nesciunt quibusdam vel deleniti. Asperiores id omnis officia ut. Nihil qui sunt in quibusdam recusandae rerum.', 1, 'Qui explicabo saepe consequatur accusamus quasi modi delectus placeat. Suscipit est et magnam repellat. Est officiis aut voluptatum ipsa alias. Mollitia saepe temporibus qui beatae. Qui delectus distinctio sunt molestiae est dolorem. Perferendis architecto provident qui sequi et eius. Ipsam magnam voluptatem aut impedit aliquid similique enim tempora. Eos et voluptatem ducimus alias ullam consequatur. Consequatur nostrum rerum nulla iusto qui et. Sunt nam est quod ex in.', true, '2018-12-28 01:05:07', '2018-12-28 01:05:07');
INSERT INTO public.hoteles (id, ciudad_id, nombre, direccion, estrellas, descripcion, es_valido, created_at, updated_at) VALUES (38, 1, 'Nihil sit non est perferendis.', 'Dolores quibusdam fugit id qui nisi aperiam qui quibusdam. Aut reiciendis atque perspiciatis id quia voluptas non.', 1, 'Voluptatum et corporis cumque quo. Expedita ad asperiores consequatur perferendis sequi ut nesciunt. Rerum non et voluptatum quo occaecati. In dolor sit dolores libero harum a deleniti. Assumenda quia dolorem voluptatem quis ipsa nulla dicta. Id ea perspiciatis impedit earum qui aperiam sit. Omnis rerum consectetur eaque dolorem. Rerum quia ullam distinctio placeat veniam id. Fugiat pariatur consequuntur at sunt. Id velit necessitatibus quo debitis ea.', true, '2018-12-28 01:05:07', '2018-12-28 01:05:07');
INSERT INTO public.hoteles (id, ciudad_id, nombre, direccion, estrellas, descripcion, es_valido, created_at, updated_at) VALUES (39, 9, 'Omnis quo quis voluptatum aspernatur magnam.', 'Omnis tempora iure sit nulla rerum qui. Qui nam culpa aut velit. Voluptas odio architecto ipsa soluta nisi sint dolores.', 4, 'Accusamus ea ab ea minima. Ut consequatur et natus ut commodi. Eos minima perferendis voluptas expedita aliquid deserunt iure. Aliquam minima ex repellendus molestiae dolores qui aut. Ab fugit alias voluptatibus ut. Exercitationem commodi veritatis veniam sed. Magnam dolor veniam voluptatem debitis quo sapiente. Vel atque sunt qui vero officia. Accusantium rerum et sint deleniti. Illum ratione sunt eveniet cumque est.', true, '2018-12-28 01:05:07', '2018-12-28 01:05:07');
INSERT INTO public.hoteles (id, ciudad_id, nombre, direccion, estrellas, descripcion, es_valido, created_at, updated_at) VALUES (40, 10, 'Qui itaque ratione numquam error dolor enim est ut.', 'Illum molestiae vero eaque et rem id non. Distinctio autem illum et id aut ad. Facere soluta dolorem sint autem iste earum.', 1, 'Ea beatae ex nostrum doloremque sit quo praesentium. In dolor pariatur et. Qui nesciunt quam inventore eligendi qui accusantium quidem. Non dolores voluptas qui sit sed asperiores. Omnis ratione neque rerum veniam quibusdam. Temporibus velit in cupiditate eaque. Debitis ducimus expedita recusandae et. Dolor aut non aut libero quaerat. Veritatis officia quasi ad sed. Eos nesciunt nam quas aliquid vel.', true, '2018-12-28 01:05:07', '2018-12-28 01:05:07');
INSERT INTO public.hoteles (id, ciudad_id, nombre, direccion, estrellas, descripcion, es_valido, created_at, updated_at) VALUES (41, 1, 'Maiores sunt ea ut rerum vel. Iure aliquid quas labore sed.', 'Aspernatur optio sint aut nostrum id aut. Et voluptas officia enim consequuntur itaque. Ex amet nam itaque ipsum qui qui.', 1, 'Dolor distinctio autem est nesciunt adipisci provident. Enim ea blanditiis ex consequatur. Odio mollitia provident ab quidem inventore tempora. Libero non cumque dolor esse. Labore odio excepturi sint asperiores. Eos est dolorum commodi velit cumque reprehenderit. Omnis et voluptas rem nihil eaque non et. Distinctio qui et beatae.', true, '2018-12-28 01:05:07', '2018-12-28 01:05:07');
INSERT INTO public.hoteles (id, ciudad_id, nombre, direccion, estrellas, descripcion, es_valido, created_at, updated_at) VALUES (42, 1, 'Accusamus voluptas quas praesentium ea velit.', 'Quia earum magni est omnis odit sed. Beatae saepe maxime omnis beatae. Dolorem atque enim tempore beatae ut.', 5, 'Unde et aut quam rerum non repellat maiores omnis. Quasi non numquam qui quas doloribus consequatur vero. Modi voluptates deleniti est laudantium et. Velit cumque autem est maxime iste at. Est doloribus enim aut maxime qui. Qui quia aliquid itaque qui eius illum. Fugiat vel voluptatem ea corrupti. Aut excepturi quas nihil fugiat provident explicabo velit. Dolorem quo id quibusdam sed omnis quia quaerat inventore. Aut et autem et molestiae excepturi.', true, '2018-12-28 01:05:07', '2018-12-28 01:05:07');
INSERT INTO public.hoteles (id, ciudad_id, nombre, direccion, estrellas, descripcion, es_valido, created_at, updated_at) VALUES (43, 3, 'Cupiditate minima explicabo qui tempore qui sapiente.', 'Quis fugiat sed et quos. Qui incidunt eaque ducimus itaque. Rerum in fugiat blanditiis architecto cumque tenetur.', 1, 'Rerum consequuntur itaque adipisci minima facere dicta dolores itaque. Doloremque expedita qui ut et. Repudiandae recusandae veniam aliquam quae aut nulla et sit. Non laudantium voluptate dolorem suscipit nam. Ullam voluptatum id cum quasi. Voluptates dolor eum nesciunt perferendis. Cum veniam sed quaerat exercitationem. Sed quisquam officiis reiciendis accusamus vel aliquid nam. Quibusdam reprehenderit quidem sunt expedita ab. Tenetur aut blanditiis soluta quia eos. Consequuntur deserunt nulla nisi.', true, '2018-12-28 01:05:07', '2018-12-28 01:05:07');
INSERT INTO public.hoteles (id, ciudad_id, nombre, direccion, estrellas, descripcion, es_valido, created_at, updated_at) VALUES (44, 10, 'Quia rerum ab temporibus quo eaque.', 'Iste non autem consequatur. Porro qui dolor veniam aut quidem omnis. Repellendus molestiae corporis ut perspiciatis.', 5, 'Tempora qui magnam iste nihil. Qui repellendus nulla in beatae magni tenetur aliquam. Dolore est odit molestiae distinctio dolore. Qui quod quis provident. Aspernatur cupiditate consequatur culpa possimus nostrum dolorem. At et ducimus commodi impedit. Nesciunt voluptate ex dolores reprehenderit. Perferendis veniam cum iste sequi. Officiis porro ut distinctio aspernatur ut possimus.', true, '2018-12-28 01:05:07', '2018-12-28 01:05:07');
INSERT INTO public.hoteles (id, ciudad_id, nombre, direccion, estrellas, descripcion, es_valido, created_at, updated_at) VALUES (45, 3, 'Amet fugiat eum non nihil quam nam.', 'Dolorum esse velit mollitia est. Ab minus est est quo. Excepturi magni placeat ipsum repellendus quas.', 5, 'Deserunt ea architecto aut eligendi exercitationem. Blanditiis dolore commodi amet enim hic eos. Illo aut alias libero repellat occaecati nihil. Autem culpa deleniti et labore possimus. Et veniam hic vero at delectus occaecati quo. Et nulla voluptatem perferendis. Odit consequuntur corporis sapiente sed. Quae qui deleniti natus quo fugiat consectetur.', true, '2018-12-28 01:05:07', '2018-12-28 01:05:07');
INSERT INTO public.hoteles (id, ciudad_id, nombre, direccion, estrellas, descripcion, es_valido, created_at, updated_at) VALUES (46, 10, 'Voluptatem quas et autem sint.', 'Dignissimos reiciendis enim voluptatum eum architecto. Ullam repellat aut quam sint natus.', 4, 'Non est atque quia inventore pariatur quaerat. Iusto eveniet asperiores et aut at inventore. Ut tenetur porro temporibus exercitationem. Quo architecto omnis necessitatibus numquam. Pariatur numquam assumenda molestiae laborum laborum vitae laborum. Occaecati aliquam dignissimos fuga non. Veritatis qui voluptas id perspiciatis. Numquam quos quia ea error aliquam labore molestiae.', true, '2018-12-28 01:05:07', '2018-12-28 01:05:07');
INSERT INTO public.hoteles (id, ciudad_id, nombre, direccion, estrellas, descripcion, es_valido, created_at, updated_at) VALUES (47, 2, 'Voluptas deserunt nesciunt est commodi.', 'Nostrum eius aspernatur sed maxime quas animi dignissimos. Tempore qui nulla nihil dolores. Dolore voluptas iste iure vitae.', 3, 'Provident est aut similique et et. Amet id similique qui architecto. Minus qui commodi dolorem soluta voluptas repudiandae laboriosam tenetur. Animi ducimus inventore rerum voluptate hic id. Recusandae voluptate ipsam officiis. Id aut sint ex saepe ex. Aut porro eos et recusandae quis nisi. Sunt excepturi et saepe consequuntur aut consequatur. A quas est maiores ducimus aspernatur. Voluptatem voluptas hic enim. Nihil temporibus ea autem ut qui ratione. Tempora natus qui dolor nemo autem. Ut sed eius cum.', true, '2018-12-28 01:05:07', '2018-12-28 01:05:07');
INSERT INTO public.hoteles (id, ciudad_id, nombre, direccion, estrellas, descripcion, es_valido, created_at, updated_at) VALUES (48, 4, 'Ratione et deserunt consequuntur et.', 'Ut repellat atque voluptas temporibus omnis. Aspernatur adipisci repudiandae animi voluptatem voluptas.', 3, 'Labore velit libero laboriosam aut. Nam et in qui suscipit sint officia. Cum dolores dolor sunt cumque ducimus. Vel error est magni autem molestiae dolorem repudiandae. Delectus nostrum maxime et et. Modi reprehenderit est tempore nobis dignissimos. Molestiae asperiores id est beatae numquam. Qui molestias tempora alias voluptatem aut vitae. Odit totam laborum et aliquam voluptatem. Voluptatibus aut ipsa cupiditate qui.', true, '2018-12-28 01:05:07', '2018-12-28 01:05:07');
INSERT INTO public.hoteles (id, ciudad_id, nombre, direccion, estrellas, descripcion, es_valido, created_at, updated_at) VALUES (49, 6, 'Ut similique distinctio velit perspiciatis sint eum.', 'Omnis enim rerum officiis esse non dicta dignissimos. Quasi et esse assumenda officiis quia eaque. Est et quia velit ut et.', 3, 'Est eos atque labore maiores. Et consequatur similique ipsam ratione. Commodi nihil aut sequi possimus earum. Aliquam et autem sapiente ullam laudantium. Porro sed qui amet unde. Non pariatur assumenda quasi omnis velit qui fugit saepe. Consectetur harum eaque repudiandae accusantium nihil aliquam qui. Hic quisquam soluta ipsa vero nobis voluptas. Praesentium laboriosam sed veniam et beatae ad. Id maiores sit blanditiis inventore dolorem. Quaerat nostrum libero fuga non.', true, '2018-12-28 01:05:07', '2018-12-28 01:05:07');
INSERT INTO public.hoteles (id, ciudad_id, nombre, direccion, estrellas, descripcion, es_valido, created_at, updated_at) VALUES (50, 9, 'Numquam est culpa provident magni labore.', 'Quia veritatis quisquam eius nobis sunt a voluptates. Repellat ipsa impedit dolore. Iste natus impedit ad.', 2, 'Praesentium dicta repudiandae molestiae dolor et corporis omnis. Saepe id excepturi illo sint quas. Culpa veniam ut cumque. Impedit ut accusamus aut. Cum dolorem debitis dolorem ipsum voluptatem in illo nulla. Odio temporibus occaecati qui asperiores nostrum. Et consequatur qui dolorem quasi repudiandae voluptatem accusamus voluptates. Ut fugit debitis nihil magni doloribus vel velit.', true, '2018-12-28 01:05:07', '2018-12-28 01:05:07');INSERT INTO public.habitaciones (id, hotel_id, numero_habitacion, capacidad, descripcion, precio, es_valido, created_at, updated_at) VALUES (1, 18, 4, 5, 'Animi dolores voluptates rerum deleniti cumque eveniet deserunt illo. Dolores veritatis numquam vel mollitia molestiae. Est rerum ipsum libero perferendis. Ut voluptatum pariatur qui. Vel et sit esse sed impedit. Eaque delectus laboriosam et provident laudantium vel. Delectus veniam repellendus dolores porro provident. Consequuntur ex quia fugit aliquid. Corrupti veritatis ipsum nihil expedita. Non voluptatem aliquam et unde voluptas excepturi illo. Iste eos voluptatum adipisci pariatur omnis officiis.', 820828313, true, '2018-12-28 01:05:07', '2018-12-28 01:05:07');
INSERT INTO public.habitaciones (id, hotel_id, numero_habitacion, capacidad, descripcion, precio, es_valido, created_at, updated_at) VALUES (2, 50, 3, 1, 'Accusamus illo est veritatis perspiciatis natus blanditiis. Incidunt nobis dolor deserunt tempora labore et autem. Voluptate ab architecto et repudiandae voluptate fugiat. Ipsam aut animi exercitationem. Quam ea dolorem reiciendis quasi quidem modi. Accusamus ipsa totam mollitia dolor. Autem id est aut aut laboriosam rem. Quod eaque alias similique eveniet.', 1, true, '2018-12-28 01:05:07', '2018-12-28 01:05:07');
INSERT INTO public.habitaciones (id, hotel_id, numero_habitacion, capacidad, descripcion, precio, es_valido, created_at, updated_at) VALUES (3, 32, 3, 3, 'At voluptatem laboriosam illum est dolorum. Soluta voluptatem et qui non placeat perferendis assumenda. Atque deserunt explicabo et quisquam facere rem est. Voluptatem ut eum saepe eius fugit. Quia ipsam tempora quo sint laboriosam. Quam odit explicabo sunt aspernatur accusantium. Id iste quas dolorem et est est omnis ipsa. Non quidem nemo dicta itaque nobis. Consequuntur recusandae in aliquam sint eos quaerat quos recusandae. Ratione et omnis corrupti quis nostrum. Consectetur illum facilis omnis dolor.', 652, true, '2018-12-28 01:05:07', '2018-12-28 01:05:07');
INSERT INTO public.habitaciones (id, hotel_id, numero_habitacion, capacidad, descripcion, precio, es_valido, created_at, updated_at) VALUES (4, 42, 1, 3, 'Sint ut velit et molestias quis rerum. Sed quibusdam minus voluptas. Optio voluptates aliquam et velit. Qui omnis incidunt quis incidunt iste non. Sit labore sunt perspiciatis nostrum. Esse ut minima est libero et mollitia. Est quasi labore a tempore ut quidem veniam aperiam. Sint repudiandae nobis voluptas eius esse molestiae.', 55, true, '2018-12-28 01:05:07', '2018-12-28 01:05:07');
INSERT INTO public.habitaciones (id, hotel_id, numero_habitacion, capacidad, descripcion, precio, es_valido, created_at, updated_at) VALUES (5, 36, 3, 3, 'Possimus sed iusto dolorum qui eos qui numquam. Molestiae repellendus et culpa excepturi consequuntur maxime. Sapiente molestiae tenetur repellat sed veritatis. Ipsam nulla pariatur sit debitis praesentium et rerum. Voluptatem voluptas voluptatem rerum quis officiis. Aut soluta vel corporis fugiat quos dignissimos. Velit assumenda neque sed sunt voluptatem nemo sunt.', 0, true, '2018-12-28 01:05:07', '2018-12-28 01:05:07');
INSERT INTO public.habitaciones (id, hotel_id, numero_habitacion, capacidad, descripcion, precio, es_valido, created_at, updated_at) VALUES (6, 42, 5, 3, 'Eaque sapiente voluptatem omnis et. Ut culpa laudantium rerum praesentium explicabo eligendi deserunt optio. Ducimus quo repellendus quasi deleniti in sed fugiat. Sit in repellendus ut non. Dolorem est sapiente necessitatibus animi. Aut ea perferendis atque ea. Ea quia sed delectus est et quod. Et qui qui est maxime qui sint harum.', 591107984, true, '2018-12-28 01:05:07', '2018-12-28 01:05:07');
INSERT INTO public.habitaciones (id, hotel_id, numero_habitacion, capacidad, descripcion, precio, es_valido, created_at, updated_at) VALUES (7, 12, 6, 5, 'Et qui ipsa et et culpa magnam. Ipsum corporis est voluptatem dolore culpa ullam. Sit libero quisquam et. Soluta dignissimos labore ex ea assumenda quos non. Dignissimos vitae reprehenderit minima sint unde consequuntur. Et commodi est porro eum voluptatem error. Rerum sint atque optio cumque aut blanditiis aliquid. Qui quidem nobis quia deleniti tempora ut corrupti quia. Facere totam atque ut debitis ipsam. Est quia est suscipit nesciunt. Omnis ut et quidem soluta sunt ut.', 2073085, true, '2018-12-28 01:05:07', '2018-12-28 01:05:07');
INSERT INTO public.habitaciones (id, hotel_id, numero_habitacion, capacidad, descripcion, precio, es_valido, created_at, updated_at) VALUES (8, 45, 4, 4, 'Ex nihil aliquid est doloremque molestiae. Facilis ab sunt quia quo deleniti voluptatibus alias. Sed ea nesciunt est neque odit omnis non. Praesentium saepe ullam vel consequuntur veritatis. Quia odio nihil dolorem assumenda ut. Minima voluptas error voluptas. Non consequuntur dolores eveniet. Suscipit harum eius et nihil qui consequuntur. Officia aut non qui aut aut fugiat sit. Ducimus quisquam voluptas in. Ducimus quasi consectetur sed voluptates est molestiae.', 72, true, '2018-12-28 01:05:07', '2018-12-28 01:05:07');
INSERT INTO public.habitaciones (id, hotel_id, numero_habitacion, capacidad, descripcion, precio, es_valido, created_at, updated_at) VALUES (9, 35, 4, 1, 'Ea et aut architecto. Ad deleniti molestiae similique nobis. Neque libero ea iste molestiae. Quia reiciendis quia ratione quisquam nihil porro et. Placeat soluta fuga incidunt dolorem eligendi et minima. Qui laudantium voluptatem est dolor. Tempore ipsa unde ipsam ratione enim alias. Perferendis est est quis beatae neque eaque autem. Quisquam vero quo modi. Nostrum eum sequi ducimus dolor. Et voluptatem expedita enim provident.', 65179065, true, '2018-12-28 01:05:07', '2018-12-28 01:05:07');
INSERT INTO public.habitaciones (id, hotel_id, numero_habitacion, capacidad, descripcion, precio, es_valido, created_at, updated_at) VALUES (10, 25, 6, 4, 'Molestias qui perferendis tempore quasi officiis. Dolor maxime eligendi eius fugiat qui. In iure vel nesciunt possimus. Incidunt sint enim rerum culpa culpa voluptatem. A quia sit et maiores quibusdam. Et id impedit eveniet. Voluptatem voluptates ipsa ut est eligendi ut atque. Ullam aut itaque omnis maxime. Numquam cumque ea nostrum mollitia. Aspernatur et animi aspernatur quisquam molestias blanditiis. Qui quas deleniti rem enim commodi maiores. Debitis reiciendis temporibus debitis ex ex.', 93144791, true, '2018-12-28 01:05:07', '2018-12-28 01:05:07');
INSERT INTO public.habitaciones (id, hotel_id, numero_habitacion, capacidad, descripcion, precio, es_valido, created_at, updated_at) VALUES (11, 6, 3, 2, 'Modi qui dolores architecto consequatur consectetur ut enim. Et itaque reprehenderit est incidunt accusantium placeat. Esse quasi quis molestiae quidem dolore. Impedit enim repellat ut sint eligendi sed et. Reiciendis ea provident eligendi odio optio sed voluptatem. Voluptates ullam magni qui voluptas exercitationem similique. Et similique sequi fugit sit totam et. Optio labore optio consequuntur unde voluptatem. Eius aut recusandae impedit enim blanditiis. Voluptates aut et adipisci itaque commodi.', 7, true, '2018-12-28 01:05:07', '2018-12-28 01:05:07');
INSERT INTO public.habitaciones (id, hotel_id, numero_habitacion, capacidad, descripcion, precio, es_valido, created_at, updated_at) VALUES (12, 30, 4, 2, 'Maxime pariatur excepturi cumque minima in dolorem. Vero quaerat magnam asperiores aut. Odio dolores iure mollitia voluptas assumenda. Rerum aut voluptatem quis nam deleniti corrupti. Quam eaque eveniet dolores velit. Expedita at inventore quis. Dolore excepturi sint ad est iure sunt. Blanditiis sequi dolore officiis ut provident. Et autem accusantium tempore illo animi. Consequuntur nesciunt repudiandae aperiam dolorum.', 80716, true, '2018-12-28 01:05:07', '2018-12-28 01:05:07');
INSERT INTO public.habitaciones (id, hotel_id, numero_habitacion, capacidad, descripcion, precio, es_valido, created_at, updated_at) VALUES (13, 40, 7, 5, 'Molestiae qui rerum corporis iure. Distinctio corrupti ut placeat voluptatum qui fugit velit et. Eos fuga aliquid sed occaecati qui. Dolor error aliquam eligendi nihil laudantium ut. Assumenda in sit quisquam ut provident. Qui est illo voluptatibus. Veniam unde et qui consequatur sit. Fuga ut perspiciatis praesentium exercitationem animi ut dolore. Facilis ad qui voluptatem quia sunt. Placeat saepe dignissimos et odio. Minus voluptas odit esse aut quaerat accusantium quia error.', 51822967, true, '2018-12-28 01:05:07', '2018-12-28 01:05:07');
INSERT INTO public.habitaciones (id, hotel_id, numero_habitacion, capacidad, descripcion, precio, es_valido, created_at, updated_at) VALUES (14, 36, 4, 6, 'Quae error reprehenderit doloribus quod. Error iusto assumenda qui sapiente. Blanditiis saepe vitae optio nisi non soluta. Quidem maxime ad velit cumque adipisci et aliquam. Ab rerum voluptates quibusdam quibusdam necessitatibus. Harum et tempore reiciendis similique nemo. Autem temporibus ea architecto explicabo ad voluptas. Iusto consequuntur nam ipsam. Facere consequuntur quis et fuga.', 1887049, true, '2018-12-28 01:05:07', '2018-12-28 01:05:07');
INSERT INTO public.habitaciones (id, hotel_id, numero_habitacion, capacidad, descripcion, precio, es_valido, created_at, updated_at) VALUES (15, 39, 7, 1, 'Accusantium voluptate et unde assumenda cum aut nemo. Aliquid id quibusdam unde rem. Non voluptatem esse dignissimos accusantium dolores. Est laudantium aliquid qui temporibus. Quas eius consequatur consequuntur similique esse iste. Ipsam quam quae incidunt nihil sapiente velit quisquam. Recusandae doloremque explicabo culpa fugit nostrum unde rerum. Odit maiores qui similique. Odio assumenda eum in porro similique. Laudantium voluptas ut illo qui recusandae aliquam.', 8966, true, '2018-12-28 01:05:07', '2018-12-28 01:05:07');
INSERT INTO public.habitaciones (id, hotel_id, numero_habitacion, capacidad, descripcion, precio, es_valido, created_at, updated_at) VALUES (16, 45, 8, 5, 'Rerum itaque sequi repellat deserunt quo nesciunt quia. Esse omnis voluptatibus aspernatur illum. Sed dolorum beatae non voluptatem nostrum nesciunt exercitationem ipsum. Adipisci quo rerum omnis voluptas incidunt magni. Totam est sapiente deleniti atque quo incidunt. Molestiae et distinctio et quas molestias aperiam quia. Iusto asperiores id quaerat. Et molestias hic dolor quis distinctio commodi. Dolore nihil aut expedita labore enim delectus.', 368, true, '2018-12-28 01:05:07', '2018-12-28 01:05:07');
INSERT INTO public.habitaciones (id, hotel_id, numero_habitacion, capacidad, descripcion, precio, es_valido, created_at, updated_at) VALUES (17, 23, 8, 6, 'Nobis veniam tempore sint est est. Qui quo tenetur magnam voluptatibus nobis sint dolor. Temporibus suscipit voluptatibus quia eligendi a nam consectetur. Facilis fugiat omnis est quia. Non quia magnam fuga reprehenderit. Iure animi sit et enim. Ipsa magni voluptatem ut et neque nulla labore. Vel earum aut id temporibus ab voluptatem. Atque magnam sunt est consequatur sapiente natus. Necessitatibus fuga tempora quod quasi quia. Similique rerum perspiciatis consequatur et ea.', 4839712, true, '2018-12-28 01:05:07', '2018-12-28 01:05:07');
INSERT INTO public.habitaciones (id, hotel_id, numero_habitacion, capacidad, descripcion, precio, es_valido, created_at, updated_at) VALUES (18, 39, 7, 3, 'Nobis ut rerum velit et. Ea quaerat alias aut. Maiores voluptatem alias corporis delectus fugit. Laborum ullam autem et illum cumque pariatur. Consequatur possimus quaerat quibusdam ut dolor. Repellendus est laboriosam dolorem molestiae. Reprehenderit et aperiam occaecati dolorem sapiente sit culpa libero. Officia recusandae quia ea autem. Tenetur accusantium quasi ut consequatur laudantium. Exercitationem sit ut deserunt. Nam sit esse aspernatur assumenda nihil cum. Vero saepe eius possimus harum.', 18312760, true, '2018-12-28 01:05:07', '2018-12-28 01:05:07');
INSERT INTO public.habitaciones (id, hotel_id, numero_habitacion, capacidad, descripcion, precio, es_valido, created_at, updated_at) VALUES (19, 30, 4, 3, 'Maiores cumque excepturi similique. Nisi recusandae quia harum architecto. Et nemo aut eligendi provident voluptas. Omnis similique est et fugiat eligendi temporibus laudantium similique. Qui et ducimus voluptatem commodi possimus. Consequuntur asperiores molestias et nihil optio omnis. Quaerat et illo fugit impedit quis. Officiis id laborum inventore esse.', 78, true, '2018-12-28 01:05:07', '2018-12-28 01:05:07');
INSERT INTO public.habitaciones (id, hotel_id, numero_habitacion, capacidad, descripcion, precio, es_valido, created_at, updated_at) VALUES (20, 47, 1, 5, 'Ad optio et nihil. Reiciendis non sit voluptatem officiis. Aspernatur fugiat sunt quasi et. Fugit numquam voluptatem a et. Rerum odit ducimus ex. Inventore assumenda recusandae quam. Cum qui molestiae architecto laborum. Possimus voluptate repudiandae quo earum ducimus itaque qui. Ut cupiditate in rem assumenda facilis ipsum. Non error aut officiis dolores. Sit ut unde sint dolor delectus ut ipsa. Accusantium quas qui ut provident. Vel dolorem veritatis eos qui provident.', 3270, true, '2018-12-28 01:05:07', '2018-12-28 01:05:07');
INSERT INTO public.habitaciones (id, hotel_id, numero_habitacion, capacidad, descripcion, precio, es_valido, created_at, updated_at) VALUES (21, 33, 2, 2, 'Qui voluptatem sunt quibusdam amet perferendis. Eos doloremque odit deserunt. Est impedit mollitia autem tenetur soluta dolores. Non omnis reiciendis eos adipisci. Fuga alias veritatis harum reiciendis. Et modi nesciunt blanditiis sit tenetur at ea. Nam exercitationem voluptatem laudantium voluptas aut sapiente. Suscipit debitis consequatur et ab tempora. Vitae maxime modi fuga inventore laudantium. Iure fugit et eos ullam accusantium.', 14003, true, '2018-12-28 01:05:07', '2018-12-28 01:05:07');
INSERT INTO public.habitaciones (id, hotel_id, numero_habitacion, capacidad, descripcion, precio, es_valido, created_at, updated_at) VALUES (22, 19, 9, 5, 'Dicta omnis amet et recusandae ipsam et mollitia tempore. Et ut debitis provident aliquam numquam deserunt unde. Dolorem et omnis nam inventore dicta et omnis sed. Velit aspernatur veniam aut doloremque laboriosam dolore. Sint quis error quia qui ut. Quis quaerat non aut tenetur at in hic et. Necessitatibus doloribus nesciunt ex unde eos sit odit dolores. Fugiat dolor mollitia et dolores quisquam consequatur. Ipsum fuga sit rerum praesentium corrupti velit.', 15, true, '2018-12-28 01:05:07', '2018-12-28 01:05:07');
INSERT INTO public.habitaciones (id, hotel_id, numero_habitacion, capacidad, descripcion, precio, es_valido, created_at, updated_at) VALUES (23, 46, 7, 2, 'Consectetur dolor perferendis dignissimos dignissimos dolorem exercitationem temporibus soluta. Autem excepturi accusantium dolorum quis adipisci sunt culpa. Consequatur et aut dolore non. Blanditiis qui eius alias. Dolor commodi sed explicabo excepturi. Pariatur sapiente quod assumenda sed aut facere. Iure qui veritatis quasi veritatis. Officiis qui architecto beatae voluptas ut magni. Expedita quo impedit occaecati dolore incidunt a. Minima est est repellat rerum amet.', 330465704, true, '2018-12-28 01:05:07', '2018-12-28 01:05:07');
INSERT INTO public.habitaciones (id, hotel_id, numero_habitacion, capacidad, descripcion, precio, es_valido, created_at, updated_at) VALUES (24, 11, 2, 2, 'Tempora aut voluptas error ea recusandae doloremque sit impedit. Totam sit omnis aut architecto. Officia occaecati voluptatum alias voluptates. Quam rerum quos adipisci quibusdam facilis veritatis mollitia accusamus. Et beatae sit ea aut rerum et. Eum quia molestiae natus voluptate labore voluptatum eligendi modi. Est voluptas fugit nihil autem voluptatum ducimus perferendis aperiam. Nihil minima quisquam architecto amet ut nam odio. Sed consequatur exercitationem et qui molestiae dolore nihil.', 594849318, true, '2018-12-28 01:05:07', '2018-12-28 01:05:07');
INSERT INTO public.habitaciones (id, hotel_id, numero_habitacion, capacidad, descripcion, precio, es_valido, created_at, updated_at) VALUES (25, 38, 5, 5, 'Enim qui aut esse praesentium modi dolores. Vitae rerum qui est. Tenetur eum quia tenetur. Autem minus eos facere reprehenderit. Illum quo sunt earum quo soluta. Sequi autem sed cum. Suscipit vitae dolorem aliquam aut. Aut qui nihil occaecati officiis eum. Explicabo rem vel placeat ratione velit sunt. Repellat asperiores sunt soluta quia.', 8592482, true, '2018-12-28 01:05:07', '2018-12-28 01:05:07');
INSERT INTO public.habitaciones (id, hotel_id, numero_habitacion, capacidad, descripcion, precio, es_valido, created_at, updated_at) VALUES (26, 4, 2, 6, 'Corrupti hic et totam debitis. Vero fuga rerum sunt recusandae. Velit in aliquam libero aliquam labore ut. Quia consequatur corrupti cupiditate distinctio. Ipsa vitae eaque sed aperiam. Aut ratione corrupti nihil iusto vero beatae maiores voluptatem. Voluptas harum laboriosam itaque vel vitae est. Ea et eos dolorum distinctio sequi porro ut ut. Omnis earum voluptatem et sit. Quam maiores et cumque. Nemo delectus possimus rem provident nostrum velit itaque perferendis.', 2375, true, '2018-12-28 01:05:07', '2018-12-28 01:05:07');
INSERT INTO public.habitaciones (id, hotel_id, numero_habitacion, capacidad, descripcion, precio, es_valido, created_at, updated_at) VALUES (27, 4, 3, 1, 'Aliquid dolorem quam accusantium voluptas aliquid sapiente. Saepe ex veniam voluptatibus tempore. Atque minima voluptas in voluptas occaecati. Eius aliquam at id qui accusantium. Alias quod cum nobis. Cum ut hic autem explicabo illo iure. Maiores in voluptatum dolorem aspernatur at. Qui optio voluptatum qui. Accusamus eum atque rerum atque. Dolores explicabo adipisci qui rerum est.', 1057837, true, '2018-12-28 01:05:07', '2018-12-28 01:05:07');
INSERT INTO public.habitaciones (id, hotel_id, numero_habitacion, capacidad, descripcion, precio, es_valido, created_at, updated_at) VALUES (28, 18, 6, 4, 'Qui fuga aliquam facilis quam. Quo commodi omnis rem numquam. Reprehenderit enim eum dolores expedita. Harum repudiandae laboriosam deleniti autem repellendus. Aut dolore assumenda molestiae quisquam reiciendis exercitationem. Debitis non dolore velit cupiditate qui vitae. Aut illum facilis veritatis iure. Recusandae enim voluptatem eos vitae occaecati dolorum sed. Nesciunt et consequatur nisi officia necessitatibus voluptates minima. Vel dolorem tempora neque dignissimos.', 730, true, '2018-12-28 01:05:07', '2018-12-28 01:05:07');
INSERT INTO public.habitaciones (id, hotel_id, numero_habitacion, capacidad, descripcion, precio, es_valido, created_at, updated_at) VALUES (29, 35, 3, 6, 'A dignissimos voluptatem ut minus. Incidunt non illum recusandae at. Voluptas culpa quos occaecati quis. Consequuntur minus voluptas eligendi iste molestiae aliquam exercitationem. Enim totam occaecati et in. Consequatur ducimus aliquam ut exercitationem nulla. Molestias fugiat qui iste nemo sit. Alias est ea delectus dicta unde non. Voluptatem minus harum officia et molestias eum. Suscipit fugiat occaecati aut in ratione asperiores.', 368, true, '2018-12-28 01:05:07', '2018-12-28 01:05:07');
INSERT INTO public.habitaciones (id, hotel_id, numero_habitacion, capacidad, descripcion, precio, es_valido, created_at, updated_at) VALUES (30, 38, 8, 6, 'Quidem iure accusantium nihil et. Quisquam non et aut eveniet blanditiis illum. Autem id nesciunt consequuntur repellat. Consequuntur qui quod ut illo ab fugiat quaerat nesciunt. Eligendi vitae asperiores similique et veritatis enim. Omnis omnis natus in rerum reprehenderit ratione. Voluptatem voluptas odit commodi. Dolorum deleniti quia at sunt quo quasi nam. Qui voluptatem aliquid quibusdam in. Ab non nobis nostrum nam hic. Est pariatur eius nam voluptas mollitia et necessitatibus eum.', 56956, true, '2018-12-28 01:05:07', '2018-12-28 01:05:07');INSERT INTO public.automotoras (id, ciudad_id, direccion, nombre, es_valido, created_at, updated_at) VALUES (1, 3, 'Aut voluptatem soluta fuga non facere delectus sint. Possimus nemo quae veniam ratione dolorum excepturi. Hic sequi eum eos.', 'Deleniti deleniti nobis sunt amet.', true, '2018-12-28 01:05:07', '2018-12-28 01:05:07');
INSERT INTO public.automotoras (id, ciudad_id, direccion, nombre, es_valido, created_at, updated_at) VALUES (2, 5, 'Aliquam in est doloribus minus incidunt. Odit omnis dolor illum nihil possimus.', 'Dolores praesentium est eum repellat eaque.', true, '2018-12-28 01:05:07', '2018-12-28 01:05:07');
INSERT INTO public.automotoras (id, ciudad_id, direccion, nombre, es_valido, created_at, updated_at) VALUES (3, 9, 'Unde ut assumenda mollitia et. Occaecati et corporis saepe ut consequatur aut earum. Ab dicta quod omnis.', 'Optio est corrupti beatae placeat dolores porro impedit.', true, '2018-12-28 01:05:07', '2018-12-28 01:05:07');
INSERT INTO public.automotoras (id, ciudad_id, direccion, nombre, es_valido, created_at, updated_at) VALUES (4, 4, 'A est voluptatem consequuntur quae quasi. Quae et omnis mollitia iste. Optio aut beatae sint tempora adipisci blanditiis.', 'Ut doloribus autem quisquam dolore doloremque consequuntur.', true, '2018-12-28 01:05:07', '2018-12-28 01:05:07');
INSERT INTO public.automotoras (id, ciudad_id, direccion, nombre, es_valido, created_at, updated_at) VALUES (5, 3, 'Et maiores adipisci tempora. Quisquam qui reiciendis ut minus est earum qui. In sit iste optio id.', 'Labore nihil iste et omnis quo. Aliquid iste voluptas facilis.', true, '2018-12-28 01:05:07', '2018-12-28 01:05:07');
INSERT INTO public.automotoras (id, ciudad_id, direccion, nombre, es_valido, created_at, updated_at) VALUES (6, 2, 'Ullam ea praesentium fuga et animi atque. Error aut eaque nesciunt aut. Officia maxime impedit et quis aut dolore dolorem quae.', 'Dolorem optio quo labore ut culpa vel et.', true, '2018-12-28 01:05:07', '2018-12-28 01:05:07');
INSERT INTO public.automotoras (id, ciudad_id, direccion, nombre, es_valido, created_at, updated_at) VALUES (7, 2, 'Magni neque illum quod. Rerum nihil perferendis voluptatem quia. Voluptatem voluptas aut iste ea et aperiam quia voluptatem.', 'Minima et et occaecati.', true, '2018-12-28 01:05:07', '2018-12-28 01:05:07');
INSERT INTO public.automotoras (id, ciudad_id, direccion, nombre, es_valido, created_at, updated_at) VALUES (8, 8, 'Cupiditate dignissimos earum nihil vitae eligendi. Aliquam dolore quas nam harum nostrum. Nam quo corrupti quidem natus.', 'Est et saepe quia.', true, '2018-12-28 01:05:07', '2018-12-28 01:05:07');
INSERT INTO public.automotoras (id, ciudad_id, direccion, nombre, es_valido, created_at, updated_at) VALUES (9, 4, 'Eum ipsa accusamus explicabo similique. Libero dolore ea esse porro nihil et. Expedita ea sapiente sed dolorem eius.', 'Libero sint in vero est magnam.', true, '2018-12-28 01:05:07', '2018-12-28 01:05:07');
INSERT INTO public.automotoras (id, ciudad_id, direccion, nombre, es_valido, created_at, updated_at) VALUES (10, 8, 'Autem laudantium nulla in. Sed quisquam molestiae quam perspiciatis et et. Id ducimus omnis rerum qui dolores vel.', 'Quod nisi eos et voluptates ipsam harum.', true, '2018-12-28 01:05:07', '2018-12-28 01:05:07');
INSERT INTO public.automotoras (id, ciudad_id, direccion, nombre, es_valido, created_at, updated_at) VALUES (11, 2, 'Ut laboriosam maxime laudantium sed animi ea. Eos corporis quia est. Rerum non animi laborum sit et a nemo.', 'Tempore debitis quos illum provident qui.', true, '2018-12-28 01:05:07', '2018-12-28 01:05:07');
INSERT INTO public.automotoras (id, ciudad_id, direccion, nombre, es_valido, created_at, updated_at) VALUES (12, 3, 'Aliquam ut quia fugit dolor nemo sed. Assumenda tempora perspiciatis consequatur a reprehenderit et minus.', 'Voluptatem qui est itaque illo.', true, '2018-12-28 01:05:07', '2018-12-28 01:05:07');
INSERT INTO public.automotoras (id, ciudad_id, direccion, nombre, es_valido, created_at, updated_at) VALUES (13, 10, 'Veniam aliquam ut eum libero. Sed aut sunt est aspernatur. Nihil odio porro officia dolorem quam qui beatae sed.', 'Deserunt vitae aperiam nesciunt distinctio est.', true, '2018-12-28 01:05:07', '2018-12-28 01:05:07');
INSERT INTO public.automotoras (id, ciudad_id, direccion, nombre, es_valido, created_at, updated_at) VALUES (14, 9, 'Est tempora reprehenderit sint odit eaque aut debitis. Iure autem in sed qui dolorem non.', 'Consequatur nisi ut aut ipsa nulla.', true, '2018-12-28 01:05:07', '2018-12-28 01:05:07');
INSERT INTO public.automotoras (id, ciudad_id, direccion, nombre, es_valido, created_at, updated_at) VALUES (15, 8, 'Suscipit placeat occaecati quas quam facilis. Ut maxime voluptatem voluptate eos. Nemo cumque iusto omnis dolor harum autem.', 'Sit est quis repellendus ducimus fugit sed qui.', true, '2018-12-28 01:05:07', '2018-12-28 01:05:07');
INSERT INTO public.automotoras (id, ciudad_id, direccion, nombre, es_valido, created_at, updated_at) VALUES (16, 4, 'Cupiditate dolorum explicabo facilis libero. Nulla voluptatum atque sed quo. Temporibus vitae sequi provident dolorum pariatur.', 'Rerum in harum necessitatibus voluptates repudiandae.', true, '2018-12-28 01:05:07', '2018-12-28 01:05:07');
INSERT INTO public.automotoras (id, ciudad_id, direccion, nombre, es_valido, created_at, updated_at) VALUES (17, 2, 'Repellendus molestiae aut quae facere porro. Enim dolorum consequatur rerum ipsam voluptatem et.', 'Est aperiam eum et aspernatur sit.', true, '2018-12-28 01:05:07', '2018-12-28 01:05:07');
INSERT INTO public.automotoras (id, ciudad_id, direccion, nombre, es_valido, created_at, updated_at) VALUES (18, 3, 'Fuga ut asperiores qui et omnis. Qui quia vitae dolores dolorum et. Qui qui id error ex facere. Eos rem labore asperiores id.', 'Labore inventore ut quod magnam.', true, '2018-12-28 01:05:07', '2018-12-28 01:05:07');
INSERT INTO public.automotoras (id, ciudad_id, direccion, nombre, es_valido, created_at, updated_at) VALUES (19, 10, 'Et nihil et adipisci qui et eius. Distinctio iure ipsum error. Minus assumenda numquam omnis modi ut.', 'Qui voluptatibus culpa placeat accusantium in molestiae autem.', true, '2018-12-28 01:05:07', '2018-12-28 01:05:07');
INSERT INTO public.automotoras (id, ciudad_id, direccion, nombre, es_valido, created_at, updated_at) VALUES (20, 10, 'Saepe voluptate eaque eaque ab atque enim totam. Quisquam harum eum qui voluptates sit.', 'Commodi itaque tempore quidem optio doloremque cupiditate.', true, '2018-12-28 01:05:07', '2018-12-28 01:05:07');
INSERT INTO public.automotoras (id, ciudad_id, direccion, nombre, es_valido, created_at, updated_at) VALUES (21, 10, 'Consequatur ut non dolorem assumenda omnis. Dignissimos fugiat itaque nobis id dolorum.', 'Fugit consequatur dolorum voluptatem earum minus est omnis.', true, '2018-12-28 01:05:07', '2018-12-28 01:05:07');
INSERT INTO public.automotoras (id, ciudad_id, direccion, nombre, es_valido, created_at, updated_at) VALUES (22, 9, 'Est ut quibusdam ea sed. Amet dolores rem et nemo. Ducimus veniam porro recusandae unde et minima inventore consequatur.', 'Tempore in animi et velit velit placeat.', true, '2018-12-28 01:05:07', '2018-12-28 01:05:07');
INSERT INTO public.automotoras (id, ciudad_id, direccion, nombre, es_valido, created_at, updated_at) VALUES (23, 9, 'Aut aliquam ut expedita distinctio. Voluptatum corporis esse enim laudantium. Quis officiis dolor commodi ut molestias magnam.', 'Veniam porro voluptatum aut quibusdam tenetur sequi.', true, '2018-12-28 01:05:07', '2018-12-28 01:05:07');
INSERT INTO public.automotoras (id, ciudad_id, direccion, nombre, es_valido, created_at, updated_at) VALUES (24, 6, 'Aut ut esse iste. Qui harum enim laborum exercitationem iure officia at. Velit aut voluptatibus ea.', 'Minima et exercitationem ab omnis.', true, '2018-12-28 01:05:07', '2018-12-28 01:05:07');
INSERT INTO public.automotoras (id, ciudad_id, direccion, nombre, es_valido, created_at, updated_at) VALUES (25, 4, 'Minima ab quasi unde molestias. Et ipsa nisi doloremque et vel dolor.', 'Voluptas maiores aperiam qui molestiae maxime dicta voluptas.', true, '2018-12-28 01:05:07', '2018-12-28 01:05:07');
INSERT INTO public.automotoras (id, ciudad_id, direccion, nombre, es_valido, created_at, updated_at) VALUES (26, 1, 'Ad pariatur rerum modi aliquid alias. Et quis ducimus aut atque voluptatum esse. Necessitatibus nostrum assumenda aut sint.', 'Quis enim voluptatem voluptatem a quo aut.', true, '2018-12-28 01:05:07', '2018-12-28 01:05:07');
INSERT INTO public.automotoras (id, ciudad_id, direccion, nombre, es_valido, created_at, updated_at) VALUES (27, 5, 'Repellendus odit id illum qui eveniet. Recusandae a aliquam sit maxime eos molestiae. Sed rerum inventore sunt adipisci.', 'Quaerat et ad doloremque atque eveniet quis sit.', true, '2018-12-28 01:05:07', '2018-12-28 01:05:07');
INSERT INTO public.automotoras (id, ciudad_id, direccion, nombre, es_valido, created_at, updated_at) VALUES (28, 7, 'Doloremque dolor dolorum quia. Quia tempore sed in temporibus. Aliquam impedit dolor est eos. Enim et voluptatum architecto et.', 'Dicta consequatur architecto unde consequatur officia.', true, '2018-12-28 01:05:07', '2018-12-28 01:05:07');
INSERT INTO public.automotoras (id, ciudad_id, direccion, nombre, es_valido, created_at, updated_at) VALUES (29, 5, 'Repudiandae pariatur eos et voluptatibus. Earum odio illum id eaque eum. Iste beatae tempora est velit qui ad atque.', 'Autem sed rerum dolores eveniet quae earum.', true, '2018-12-28 01:05:07', '2018-12-28 01:05:07');
INSERT INTO public.automotoras (id, ciudad_id, direccion, nombre, es_valido, created_at, updated_at) VALUES (30, 5, 'Ut blanditiis eum unde ut ea. Quo consectetur molestiae qui non eum. Non voluptatem culpa deleniti ratione et et et.', 'Voluptate at sed tempora iure.', true, '2018-12-28 01:05:07', '2018-12-28 01:05:07');
INSERT INTO public.automotoras (id, ciudad_id, direccion, nombre, es_valido, created_at, updated_at) VALUES (31, 4, 'Voluptatem id fugit atque aut omnis explicabo dolores. Vel nemo quis ut corporis.', 'Commodi totam cupiditate reprehenderit doloribus ipsa.', true, '2018-12-28 01:05:07', '2018-12-28 01:05:07');
INSERT INTO public.automotoras (id, ciudad_id, direccion, nombre, es_valido, created_at, updated_at) VALUES (32, 1, 'Maxime aspernatur ut sequi quisquam. Modi deleniti qui in nostrum repellat consequatur. Commodi ea et exercitationem eum.', 'Atque labore nostrum molestiae totam sapiente corrupti.', true, '2018-12-28 01:05:07', '2018-12-28 01:05:07');
INSERT INTO public.automotoras (id, ciudad_id, direccion, nombre, es_valido, created_at, updated_at) VALUES (33, 10, 'Dolore aut et et ut. Corporis voluptatem dolorem unde laboriosam odio ab. Debitis excepturi quas rem commodi voluptas hic vel.', 'Ratione nulla ea similique ex et laboriosam eveniet nisi.', true, '2018-12-28 01:05:07', '2018-12-28 01:05:07');
INSERT INTO public.automotoras (id, ciudad_id, direccion, nombre, es_valido, created_at, updated_at) VALUES (34, 4, 'Est culpa excepturi qui itaque. Qui ex in nemo in laudantium quisquam. Ratione perferendis id ut maxime atque vel praesentium.', 'Blanditiis accusantium optio provident nulla sed iure hic.', true, '2018-12-28 01:05:07', '2018-12-28 01:05:07');
INSERT INTO public.automotoras (id, ciudad_id, direccion, nombre, es_valido, created_at, updated_at) VALUES (35, 9, 'Error incidunt nemo voluptas sit nulla qui. Vero ut nihil nulla quasi sapiente. Neque ullam qui molestiae facilis aut neque.', 'Consequuntur magni nihil necessitatibus ut animi.', true, '2018-12-28 01:05:07', '2018-12-28 01:05:07');
INSERT INTO public.automotoras (id, ciudad_id, direccion, nombre, es_valido, created_at, updated_at) VALUES (36, 8, 'Maxime qui fuga beatae sequi perferendis in odit rerum. Qui voluptas consequatur magnam facere tempore magni ut.', 'Quos quod et sunt tempore sit dolore libero.', true, '2018-12-28 01:05:07', '2018-12-28 01:05:07');
INSERT INTO public.automotoras (id, ciudad_id, direccion, nombre, es_valido, created_at, updated_at) VALUES (37, 7, 'Inventore qui eos sed tenetur quaerat nihil. Sed fuga voluptatem esse odit qui veritatis odio. Aut qui quos saepe.', 'Nihil sunt qui veritatis reiciendis corrupti culpa iusto.', true, '2018-12-28 01:05:07', '2018-12-28 01:05:07');
INSERT INTO public.automotoras (id, ciudad_id, direccion, nombre, es_valido, created_at, updated_at) VALUES (38, 8, 'In odio nobis nobis error. Et facere sit aspernatur animi. Quos dolores voluptatibus neque quae earum nulla.', 'Perferendis natus eaque rerum accusamus consequatur.', true, '2018-12-28 01:05:07', '2018-12-28 01:05:07');
INSERT INTO public.automotoras (id, ciudad_id, direccion, nombre, es_valido, created_at, updated_at) VALUES (39, 10, 'Voluptatem ut quasi officiis omnis et molestiae aspernatur. Itaque nisi ab ut. Provident sed non dolores deserunt corrupti.', 'Quaerat dolorem et et.', true, '2018-12-28 01:05:07', '2018-12-28 01:05:07');
INSERT INTO public.automotoras (id, ciudad_id, direccion, nombre, es_valido, created_at, updated_at) VALUES (40, 3, 'Labore provident et laudantium a repellat provident mollitia qui. Facere assumenda aspernatur quaerat.', 'Et suscipit quia et.', true, '2018-12-28 01:05:07', '2018-12-28 01:05:07');
INSERT INTO public.automotoras (id, ciudad_id, direccion, nombre, es_valido, created_at, updated_at) VALUES (41, 5, 'Eveniet optio minus provident. Est perferendis aspernatur eum sed qui aut dicta. Unde sit odio corrupti voluptas.', 'Dolorem qui et amet quos iste culpa quo.', true, '2018-12-28 01:05:07', '2018-12-28 01:05:07');
INSERT INTO public.automotoras (id, ciudad_id, direccion, nombre, es_valido, created_at, updated_at) VALUES (42, 7, 'Nulla voluptatibus voluptatem at est nisi quae. Fuga nemo vitae rerum.', 'Nostrum quidem laborum eius repellendus aliquid hic.', true, '2018-12-28 01:05:07', '2018-12-28 01:05:07');
INSERT INTO public.automotoras (id, ciudad_id, direccion, nombre, es_valido, created_at, updated_at) VALUES (43, 5, 'Facere quasi reprehenderit ex eius voluptate. Culpa praesentium deserunt quos quasi adipisci sed autem cumque.', 'Iste qui veniam necessitatibus.', true, '2018-12-28 01:05:07', '2018-12-28 01:05:07');
INSERT INTO public.automotoras (id, ciudad_id, direccion, nombre, es_valido, created_at, updated_at) VALUES (44, 1, 'Sit quis nulla at dolorem rem odio perferendis. Ab minus rerum unde omnis. Explicabo quae doloremque et.', 'Temporibus soluta cum voluptatem sit ipsa.', true, '2018-12-28 01:05:07', '2018-12-28 01:05:07');
INSERT INTO public.automotoras (id, ciudad_id, direccion, nombre, es_valido, created_at, updated_at) VALUES (45, 10, 'Aliquam enim quibusdam qui consequatur quibusdam incidunt aspernatur. Sed sed dolorem enim culpa. Non delectus expedita unde.', 'Qui est quas est est.', true, '2018-12-28 01:05:07', '2018-12-28 01:05:07');
INSERT INTO public.automotoras (id, ciudad_id, direccion, nombre, es_valido, created_at, updated_at) VALUES (46, 7, 'Tempora in suscipit incidunt aut. Consequatur non et dignissimos odit. Consectetur iste pariatur officia fugit neque.', 'Esse quidem minus cum et.', true, '2018-12-28 01:05:07', '2018-12-28 01:05:07');
INSERT INTO public.automotoras (id, ciudad_id, direccion, nombre, es_valido, created_at, updated_at) VALUES (47, 3, 'Provident velit quia voluptate libero cum. Sint libero et architecto dolores. Voluptas dicta iste numquam est.', 'Qui earum incidunt et modi ut accusantium nesciunt assumenda.', true, '2018-12-28 01:05:07', '2018-12-28 01:05:07');
INSERT INTO public.automotoras (id, ciudad_id, direccion, nombre, es_valido, created_at, updated_at) VALUES (48, 2, 'Pariatur necessitatibus temporibus possimus quam. Laborum ut eum fugit doloribus exercitationem saepe aliquid.', 'Minima neque sunt id quasi.', true, '2018-12-28 01:05:07', '2018-12-28 01:05:07');
INSERT INTO public.automotoras (id, ciudad_id, direccion, nombre, es_valido, created_at, updated_at) VALUES (49, 1, 'Officia eius asperiores fuga eius ex. Dolor nihil beatae aut et. Incidunt omnis similique quidem officia ex ex.', 'Expedita sed quas fugit nihil est quo.', true, '2018-12-28 01:05:07', '2018-12-28 01:05:07');
INSERT INTO public.automotoras (id, ciudad_id, direccion, nombre, es_valido, created_at, updated_at) VALUES (50, 6, 'Non itaque est quibusdam molestiae libero odit. Exercitationem quis est omnis sapiente. Aut neque pariatur quod ex.', 'Est rerum asperiores natus excepturi.', true, '2018-12-28 01:05:07', '2018-12-28 01:05:07');INSERT INTO public.vehiculos (id, automotora_id, marca, modelo, tipo, patente, precio, capacidad, es_valido, created_at, updated_at) VALUES (1, 17, 'Eum quasi inventore vero et.', 'Nostrum odio officiis quidem.', 'Autem dolorem dolores sit.', 'Voluptas ab.', 5033, 1, true, '2018-12-28 01:05:07', '2018-12-28 01:05:07');
INSERT INTO public.vehiculos (id, automotora_id, marca, modelo, tipo, patente, precio, capacidad, es_valido, created_at, updated_at) VALUES (2, 24, 'Distinctio dignissimos quo ut.', 'Assumenda saepe ratione ad.', 'Qui placeat in est corrupti.', 'Suscipit ut.', 6714807, 2, true, '2018-12-28 01:05:07', '2018-12-28 01:05:07');
INSERT INTO public.vehiculos (id, automotora_id, marca, modelo, tipo, patente, precio, capacidad, es_valido, created_at, updated_at) VALUES (3, 40, 'Cum id eum doloribus ex quia.', 'Soluta non ea magni.', 'Dolor et ut vero quo.', 'Et sed.', 7780, 1, true, '2018-12-28 01:05:07', '2018-12-28 01:05:07');
INSERT INTO public.vehiculos (id, automotora_id, marca, modelo, tipo, patente, precio, capacidad, es_valido, created_at, updated_at) VALUES (4, 45, 'Quo at amet nemo ut.', 'Soluta fuga nihil sed illo.', 'In facere quibusdam in qui.', 'Blanditiis.', 1930, 1, true, '2018-12-28 01:05:07', '2018-12-28 01:05:07');
INSERT INTO public.vehiculos (id, automotora_id, marca, modelo, tipo, patente, precio, capacidad, es_valido, created_at, updated_at) VALUES (5, 45, 'Sint ipsa et ipsa.', 'Qui sed provident dolorem.', 'Ipsam earum non quae autem.', 'Neque nesciunt.', 7179441, 2, true, '2018-12-28 01:05:07', '2018-12-28 01:05:07');
INSERT INTO public.vehiculos (id, automotora_id, marca, modelo, tipo, patente, precio, capacidad, es_valido, created_at, updated_at) VALUES (6, 36, 'Natus sit voluptas ut quia.', 'Et et aut sequi reiciendis.', 'Debitis ea ut dicta assumenda.', 'Nobis nemo ea.', 1023, 4, true, '2018-12-28 01:05:08', '2018-12-28 01:05:08');
INSERT INTO public.vehiculos (id, automotora_id, marca, modelo, tipo, patente, precio, capacidad, es_valido, created_at, updated_at) VALUES (7, 47, 'Atque provident ab ut quis.', 'Non ea excepturi ut et.', 'Aliquid eveniet tempora eius.', 'Amet ea aut.', 625659, 3, true, '2018-12-28 01:05:08', '2018-12-28 01:05:08');
INSERT INTO public.vehiculos (id, automotora_id, marca, modelo, tipo, patente, precio, capacidad, es_valido, created_at, updated_at) VALUES (8, 25, 'Et unde tempora sint quisquam.', 'Omnis enim vero sit.', 'Laborum ut beatae est magnam.', 'Ipsam iste.', 50272, 5, true, '2018-12-28 01:05:08', '2018-12-28 01:05:08');
INSERT INTO public.vehiculos (id, automotora_id, marca, modelo, tipo, patente, precio, capacidad, es_valido, created_at, updated_at) VALUES (9, 6, 'Omnis et id et est illum rerum.', 'Est ducimus reiciendis magni.', 'Facilis ut porro commodi omnis.', 'Aperiam.', 9804, 6, true, '2018-12-28 01:05:08', '2018-12-28 01:05:08');
INSERT INTO public.vehiculos (id, automotora_id, marca, modelo, tipo, patente, precio, capacidad, es_valido, created_at, updated_at) VALUES (10, 35, 'Quia quia aut labore.', 'Culpa aut illo enim.', 'Qui ut libero et nemo.', 'Qui non et.', 335361858, 4, true, '2018-12-28 01:05:08', '2018-12-28 01:05:08');
INSERT INTO public.vehiculos (id, automotora_id, marca, modelo, tipo, patente, precio, capacidad, es_valido, created_at, updated_at) VALUES (11, 7, 'Aut porro tempore nobis.', 'Et non et non qui consequatur.', 'Aut numquam dolor ut a.', 'Ut eaque non.', 315, 2, true, '2018-12-28 01:05:08', '2018-12-28 01:05:08');
INSERT INTO public.vehiculos (id, automotora_id, marca, modelo, tipo, patente, precio, capacidad, es_valido, created_at, updated_at) VALUES (12, 33, 'Non optio odit vitae.', 'Laudantium quam sed et.', 'Quod sint aperiam ducimus.', 'Officia ullam.', 8, 5, true, '2018-12-28 01:05:08', '2018-12-28 01:05:08');
INSERT INTO public.vehiculos (id, automotora_id, marca, modelo, tipo, patente, precio, capacidad, es_valido, created_at, updated_at) VALUES (13, 23, 'Et tempore dolores provident.', 'Qui eius est tenetur sed.', 'Nemo in ut mollitia aspernatur.', 'In placeat.', 65951189, 4, true, '2018-12-28 01:05:08', '2018-12-28 01:05:08');
INSERT INTO public.vehiculos (id, automotora_id, marca, modelo, tipo, patente, precio, capacidad, es_valido, created_at, updated_at) VALUES (14, 25, 'Illum quod nobis quidem itaque.', 'Et quos quo eos earum in.', 'Molestias laborum beatae quas.', 'Molestiae et id.', 40563, 6, true, '2018-12-28 01:05:08', '2018-12-28 01:05:08');
INSERT INTO public.vehiculos (id, automotora_id, marca, modelo, tipo, patente, precio, capacidad, es_valido, created_at, updated_at) VALUES (15, 33, 'Aut dolor eveniet non et.', 'Culpa rerum laborum provident.', 'Magnam beatae repellat et ad.', 'Ut incidunt.', 1, 3, true, '2018-12-28 01:05:08', '2018-12-28 01:05:08');
INSERT INTO public.vehiculos (id, automotora_id, marca, modelo, tipo, patente, precio, capacidad, es_valido, created_at, updated_at) VALUES (16, 24, 'Rem et vero error at.', 'Quia odio voluptatum vitae.', 'Voluptas ut et vero molestiae.', 'Quaerat maiores.', 49, 4, true, '2018-12-28 01:05:08', '2018-12-28 01:05:08');
INSERT INTO public.vehiculos (id, automotora_id, marca, modelo, tipo, patente, precio, capacidad, es_valido, created_at, updated_at) VALUES (17, 2, 'Et ut commodi sed sed.', 'Dolorum quia quos iusto porro.', 'Est eligendi error fugit.', 'Dolorem.', 5222723, 4, true, '2018-12-28 01:05:08', '2018-12-28 01:05:08');
INSERT INTO public.vehiculos (id, automotora_id, marca, modelo, tipo, patente, precio, capacidad, es_valido, created_at, updated_at) VALUES (18, 48, 'Dolorem ea et vitae quas.', 'Neque sint et nemo ut et.', 'Atque illo minus aut minima.', 'Placeat.', 8362, 3, true, '2018-12-28 01:05:08', '2018-12-28 01:05:08');
INSERT INTO public.vehiculos (id, automotora_id, marca, modelo, tipo, patente, precio, capacidad, es_valido, created_at, updated_at) VALUES (19, 33, 'Quidem repudiandae sit ipsam.', 'Vitae deleniti optio et velit.', 'Rem officiis et eos velit.', 'Ipsa quod ex.', 90849, 4, true, '2018-12-28 01:05:08', '2018-12-28 01:05:08');
INSERT INTO public.vehiculos (id, automotora_id, marca, modelo, tipo, patente, precio, capacidad, es_valido, created_at, updated_at) VALUES (20, 24, 'Rem esse eaque laboriosam sit.', 'Voluptatem voluptas vitae a.', 'Hic error vel inventore.', 'Quia quibusdam.', 555, 4, true, '2018-12-28 01:05:08', '2018-12-28 01:05:08');
INSERT INTO public.vehiculos (id, automotora_id, marca, modelo, tipo, patente, precio, capacidad, es_valido, created_at, updated_at) VALUES (21, 33, 'Qui quos aliquid quo id.', 'Sint tenetur omnis vel nihil.', 'Quo enim aut aut eos hic dolor.', 'Ea ut.', 522, 3, true, '2018-12-28 01:05:08', '2018-12-28 01:05:08');
INSERT INTO public.vehiculos (id, automotora_id, marca, modelo, tipo, patente, precio, capacidad, es_valido, created_at, updated_at) VALUES (22, 12, 'Vero et ut itaque.', 'Alias aut ratione odit quas.', 'Sunt officia nostrum aut earum.', 'Aperiam eum.', 55, 6, true, '2018-12-28 01:05:08', '2018-12-28 01:05:08');
INSERT INTO public.vehiculos (id, automotora_id, marca, modelo, tipo, patente, precio, capacidad, es_valido, created_at, updated_at) VALUES (23, 3, 'Maxime odit repellat doloribus.', 'Voluptate harum sunt sed.', 'Et sunt laborum similique.', 'Adipisci vel.', 213, 3, true, '2018-12-28 01:05:08', '2018-12-28 01:05:08');
INSERT INTO public.vehiculos (id, automotora_id, marca, modelo, tipo, patente, precio, capacidad, es_valido, created_at, updated_at) VALUES (24, 40, 'Aut dolor ex qui cupiditate.', 'Et non et et est aspernatur.', 'Ab sint ut sed et.', 'Velit sit.', 59483, 2, true, '2018-12-28 01:05:08', '2018-12-28 01:05:08');
INSERT INTO public.vehiculos (id, automotora_id, marca, modelo, tipo, patente, precio, capacidad, es_valido, created_at, updated_at) VALUES (25, 11, 'Optio et at pariatur.', 'Suscipit quaerat qui quis.', 'Sunt tempore voluptate eum.', 'Voluptas.', 21336969, 2, true, '2018-12-28 01:05:08', '2018-12-28 01:05:08');
INSERT INTO public.vehiculos (id, automotora_id, marca, modelo, tipo, patente, precio, capacidad, es_valido, created_at, updated_at) VALUES (26, 28, 'Modi et autem nobis dolore et.', 'Qui quaerat quaerat vel nihil.', 'Illum sed eos delectus omnis.', 'Est rem.', 61, 3, true, '2018-12-28 01:05:08', '2018-12-28 01:05:08');
INSERT INTO public.vehiculos (id, automotora_id, marca, modelo, tipo, patente, precio, capacidad, es_valido, created_at, updated_at) VALUES (27, 14, 'Rerum eum omnis cupiditate.', 'Minima modi adipisci cumque.', 'Ratione quae qui mollitia aut.', 'Quidem tempore.', 1, 4, true, '2018-12-28 01:05:08', '2018-12-28 01:05:08');
INSERT INTO public.vehiculos (id, automotora_id, marca, modelo, tipo, patente, precio, capacidad, es_valido, created_at, updated_at) VALUES (28, 17, 'Accusantium non atque maxime.', 'Velit modi nihil consequuntur.', 'Numquam qui qui dolor sit.', 'Omnis sint.', 383387721, 2, true, '2018-12-28 01:05:08', '2018-12-28 01:05:08');
INSERT INTO public.vehiculos (id, automotora_id, marca, modelo, tipo, patente, precio, capacidad, es_valido, created_at, updated_at) VALUES (29, 46, 'Iure quis omnis rerum ipsa.', 'Laboriosam deserunt est velit.', 'Aut rerum laudantium ullam aut.', 'Occaecati et.', 83, 5, true, '2018-12-28 01:05:08', '2018-12-28 01:05:08');
INSERT INTO public.vehiculos (id, automotora_id, marca, modelo, tipo, patente, precio, capacidad, es_valido, created_at, updated_at) VALUES (30, 45, 'Omnis dicta hic ea mollitia.', 'Ea ex vitae aut sint.', 'Quidem ea ex est dicta quidem.', 'In quasi.', 24586547, 6, true, '2018-12-28 01:05:08', '2018-12-28 01:05:08');
INSERT INTO public.vehiculos (id, automotora_id, marca, modelo, tipo, patente, precio, capacidad, es_valido, created_at, updated_at) VALUES (31, 5, 'Enim qui ea nam laboriosam.', 'Nulla suscipit consectetur et.', 'Fuga ea sunt sint dicta ex.', 'Dolores atque.', 9265002, 4, true, '2018-12-28 01:05:08', '2018-12-28 01:05:08');
INSERT INTO public.vehiculos (id, automotora_id, marca, modelo, tipo, patente, precio, capacidad, es_valido, created_at, updated_at) VALUES (32, 41, 'Maxime rerum et est.', 'Ut libero eos impedit.', 'Commodi aut officiis aut est.', 'Cumque odio.', 56, 2, true, '2018-12-28 01:05:08', '2018-12-28 01:05:08');
INSERT INTO public.vehiculos (id, automotora_id, marca, modelo, tipo, patente, precio, capacidad, es_valido, created_at, updated_at) VALUES (33, 20, 'Odio occaecati et accusamus.', 'Placeat fuga fugit dignissimos.', 'Vitae et sed nesciunt.', 'Possimus nisi.', 7674, 2, true, '2018-12-28 01:05:08', '2018-12-28 01:05:08');
INSERT INTO public.vehiculos (id, automotora_id, marca, modelo, tipo, patente, precio, capacidad, es_valido, created_at, updated_at) VALUES (34, 46, 'Sed voluptas ut occaecati.', 'Nemo quis quae nisi architecto.', 'Nam qui tenetur ad quo.', 'Laboriosam qui.', 278, 1, true, '2018-12-28 01:05:08', '2018-12-28 01:05:08');
INSERT INTO public.vehiculos (id, automotora_id, marca, modelo, tipo, patente, precio, capacidad, es_valido, created_at, updated_at) VALUES (35, 30, 'Repellat nesciunt eum eveniet.', 'Incidunt qui animi ad sint.', 'Ratione eos non architecto.', 'Numquam.', 6346154, 6, true, '2018-12-28 01:05:08', '2018-12-28 01:05:08');
INSERT INTO public.vehiculos (id, automotora_id, marca, modelo, tipo, patente, precio, capacidad, es_valido, created_at, updated_at) VALUES (36, 31, 'Repellat tenetur labore neque.', 'In non ut nemo qui totam.', 'Quasi et iure et.', 'Et rerum.', 81, 3, true, '2018-12-28 01:05:08', '2018-12-28 01:05:08');
INSERT INTO public.vehiculos (id, automotora_id, marca, modelo, tipo, patente, precio, capacidad, es_valido, created_at, updated_at) VALUES (37, 39, 'Incidunt sed quos accusantium.', 'Sint in quod dolor tempore.', 'Qui aut quia delectus.', 'Perferendis cum.', 5027, 3, true, '2018-12-28 01:05:08', '2018-12-28 01:05:08');
INSERT INTO public.vehiculos (id, automotora_id, marca, modelo, tipo, patente, precio, capacidad, es_valido, created_at, updated_at) VALUES (38, 49, 'Nobis nulla est vero ex.', 'Eum sed officia expedita et ad.', 'Mollitia labore ut totam aut.', 'Qui quas nobis.', 77734399, 5, true, '2018-12-28 01:05:08', '2018-12-28 01:05:08');
INSERT INTO public.vehiculos (id, automotora_id, marca, modelo, tipo, patente, precio, capacidad, es_valido, created_at, updated_at) VALUES (39, 9, 'Est qui modi accusamus ducimus.', 'Dicta magni et labore vitae.', 'Labore necessitatibus est amet.', 'Eius minima vel.', 3392953, 3, true, '2018-12-28 01:05:08', '2018-12-28 01:05:08');
INSERT INTO public.vehiculos (id, automotora_id, marca, modelo, tipo, patente, precio, capacidad, es_valido, created_at, updated_at) VALUES (40, 23, 'Ea assumenda est nulla.', 'Perspiciatis fugiat ab et sint.', 'Esse quo nemo nulla expedita.', 'Quae.', 1055, 6, true, '2018-12-28 01:05:08', '2018-12-28 01:05:08');
INSERT INTO public.vehiculos (id, automotora_id, marca, modelo, tipo, patente, precio, capacidad, es_valido, created_at, updated_at) VALUES (41, 7, 'In laborum ipsum laborum aut.', 'Magni et id id soluta.', 'Animi et ea maiores.', 'Dolor.', 9, 6, true, '2018-12-28 01:05:08', '2018-12-28 01:05:08');
INSERT INTO public.vehiculos (id, automotora_id, marca, modelo, tipo, patente, precio, capacidad, es_valido, created_at, updated_at) VALUES (42, 20, 'Hic omnis enim voluptate.', 'Ea amet qui architecto omnis.', 'Ea neque earum qui.', 'Accusantium.', 110796, 2, true, '2018-12-28 01:05:08', '2018-12-28 01:05:08');
INSERT INTO public.vehiculos (id, automotora_id, marca, modelo, tipo, patente, precio, capacidad, es_valido, created_at, updated_at) VALUES (43, 7, 'Iste aut dolor magni.', 'Esse qui et est fugit.', 'Nisi aut architecto et quia.', 'Est cumque enim.', 59541573, 5, true, '2018-12-28 01:05:08', '2018-12-28 01:05:08');
INSERT INTO public.vehiculos (id, automotora_id, marca, modelo, tipo, patente, precio, capacidad, es_valido, created_at, updated_at) VALUES (44, 2, 'Eveniet aliquam numquam a quis.', 'Cum sunt saepe quisquam quia.', 'Natus ut ut labore a qui earum.', 'Commodi quia.', 547999, 4, true, '2018-12-28 01:05:08', '2018-12-28 01:05:08');
INSERT INTO public.vehiculos (id, automotora_id, marca, modelo, tipo, patente, precio, capacidad, es_valido, created_at, updated_at) VALUES (45, 10, 'Natus vitae maiores ab ipsam.', 'Dolorem hic a omnis.', 'Ab doloremque qui iste officia.', 'Nulla commodi.', 344561, 6, true, '2018-12-28 01:05:08', '2018-12-28 01:05:08');
INSERT INTO public.vehiculos (id, automotora_id, marca, modelo, tipo, patente, precio, capacidad, es_valido, created_at, updated_at) VALUES (46, 14, 'Quia delectus ut ut et quas.', 'Sint placeat officiis quam.', 'Dolorum aut unde autem enim.', 'Et occaecati.', 528307, 2, true, '2018-12-28 01:05:08', '2018-12-28 01:05:08');
INSERT INTO public.vehiculos (id, automotora_id, marca, modelo, tipo, patente, precio, capacidad, es_valido, created_at, updated_at) VALUES (47, 20, 'Fugit aut officiis at quia.', 'Explicabo ut at esse quae.', 'Eum aliquid tempora fugiat.', 'Delectus.', 9474, 6, true, '2018-12-28 01:05:08', '2018-12-28 01:05:08');
INSERT INTO public.vehiculos (id, automotora_id, marca, modelo, tipo, patente, precio, capacidad, es_valido, created_at, updated_at) VALUES (48, 25, 'Repudiandae optio qui et et.', 'Ullam minima et quis.', 'Omnis et illo autem ex dolor.', 'Minima saepe.', 726049, 2, true, '2018-12-28 01:05:08', '2018-12-28 01:05:08');
INSERT INTO public.vehiculos (id, automotora_id, marca, modelo, tipo, patente, precio, capacidad, es_valido, created_at, updated_at) VALUES (49, 1, 'Ea ullam ea impedit eligendi.', 'Id aut delectus nobis suscipit.', 'Omnis ipsum enim modi.', 'Voluptatem.', 21, 2, true, '2018-12-28 01:05:08', '2018-12-28 01:05:08');
INSERT INTO public.vehiculos (id, automotora_id, marca, modelo, tipo, patente, precio, capacidad, es_valido, created_at, updated_at) VALUES (50, 41, 'Ut est voluptas quidem dolorem.', 'Quo sunt doloribus laboriosam.', 'Et deserunt est qui et autem.', 'Ratione in ex.', 651, 4, true, '2018-12-28 01:05:08', '2018-12-28 01:05:08');INSERT INTO public.viajes (id, ciudad_origen_id, ciudad_destino_id, es_valido, created_at, updated_at) VALUES (1, 2, 6, true, '2018-12-28 01:05:08', '2018-12-28 01:05:08');
INSERT INTO public.viajes (id, ciudad_origen_id, ciudad_destino_id, es_valido, created_at, updated_at) VALUES (2, 6, 4, true, '2018-12-28 01:05:08', '2018-12-28 01:05:08');
INSERT INTO public.viajes (id, ciudad_origen_id, ciudad_destino_id, es_valido, created_at, updated_at) VALUES (3, 5, 3, true, '2018-12-28 01:05:08', '2018-12-28 01:05:08');
INSERT INTO public.viajes (id, ciudad_origen_id, ciudad_destino_id, es_valido, created_at, updated_at) VALUES (4, 5, 8, true, '2018-12-28 01:05:08', '2018-12-28 01:05:08');
INSERT INTO public.viajes (id, ciudad_origen_id, ciudad_destino_id, es_valido, created_at, updated_at) VALUES (5, 4, 2, true, '2018-12-28 01:05:08', '2018-12-28 01:05:08');
INSERT INTO public.viajes (id, ciudad_origen_id, ciudad_destino_id, es_valido, created_at, updated_at) VALUES (6, 8, 4, true, '2018-12-28 01:05:08', '2018-12-28 01:05:08');
INSERT INTO public.viajes (id, ciudad_origen_id, ciudad_destino_id, es_valido, created_at, updated_at) VALUES (7, 4, 5, true, '2018-12-28 01:05:08', '2018-12-28 01:05:08');
INSERT INTO public.viajes (id, ciudad_origen_id, ciudad_destino_id, es_valido, created_at, updated_at) VALUES (8, 2, 1, true, '2018-12-28 01:05:08', '2018-12-28 01:05:08');
INSERT INTO public.viajes (id, ciudad_origen_id, ciudad_destino_id, es_valido, created_at, updated_at) VALUES (9, 6, 2, true, '2018-12-28 01:05:08', '2018-12-28 01:05:08');
INSERT INTO public.viajes (id, ciudad_origen_id, ciudad_destino_id, es_valido, created_at, updated_at) VALUES (10, 3, 7, true, '2018-12-28 01:05:08', '2018-12-28 01:05:08');
INSERT INTO public.viajes (id, ciudad_origen_id, ciudad_destino_id, es_valido, created_at, updated_at) VALUES (11, 1, 5, true, '2018-12-28 01:05:08', '2018-12-28 01:05:08');
INSERT INTO public.viajes (id, ciudad_origen_id, ciudad_destino_id, es_valido, created_at, updated_at) VALUES (12, 5, 10, true, '2018-12-28 01:05:08', '2018-12-28 01:05:08');
INSERT INTO public.viajes (id, ciudad_origen_id, ciudad_destino_id, es_valido, created_at, updated_at) VALUES (13, 3, 8, true, '2018-12-28 01:05:08', '2018-12-28 01:05:08');
INSERT INTO public.viajes (id, ciudad_origen_id, ciudad_destino_id, es_valido, created_at, updated_at) VALUES (14, 9, 10, true, '2018-12-28 01:05:08', '2018-12-28 01:05:08');
INSERT INTO public.viajes (id, ciudad_origen_id, ciudad_destino_id, es_valido, created_at, updated_at) VALUES (15, 4, 9, true, '2018-12-28 01:05:08', '2018-12-28 01:05:08');
INSERT INTO public.viajes (id, ciudad_origen_id, ciudad_destino_id, es_valido, created_at, updated_at) VALUES (16, 10, 3, true, '2018-12-28 01:05:08', '2018-12-28 01:05:08');
INSERT INTO public.viajes (id, ciudad_origen_id, ciudad_destino_id, es_valido, created_at, updated_at) VALUES (17, 4, 2, true, '2018-12-28 01:05:08', '2018-12-28 01:05:08');
INSERT INTO public.viajes (id, ciudad_origen_id, ciudad_destino_id, es_valido, created_at, updated_at) VALUES (18, 7, 8, true, '2018-12-28 01:05:08', '2018-12-28 01:05:08');
INSERT INTO public.viajes (id, ciudad_origen_id, ciudad_destino_id, es_valido, created_at, updated_at) VALUES (19, 7, 3, true, '2018-12-28 01:05:08', '2018-12-28 01:05:08');
INSERT INTO public.viajes (id, ciudad_origen_id, ciudad_destino_id, es_valido, created_at, updated_at) VALUES (20, 5, 2, true, '2018-12-28 01:05:08', '2018-12-28 01:05:08');
INSERT INTO public.viajes (id, ciudad_origen_id, ciudad_destino_id, es_valido, created_at, updated_at) VALUES (21, 7, 2, true, '2018-12-28 01:05:08', '2018-12-28 01:05:08');
INSERT INTO public.viajes (id, ciudad_origen_id, ciudad_destino_id, es_valido, created_at, updated_at) VALUES (22, 5, 2, true, '2018-12-28 01:05:08', '2018-12-28 01:05:08');
INSERT INTO public.viajes (id, ciudad_origen_id, ciudad_destino_id, es_valido, created_at, updated_at) VALUES (23, 8, 1, true, '2018-12-28 01:05:08', '2018-12-28 01:05:08');
INSERT INTO public.viajes (id, ciudad_origen_id, ciudad_destino_id, es_valido, created_at, updated_at) VALUES (24, 1, 2, true, '2018-12-28 01:05:08', '2018-12-28 01:05:08');
INSERT INTO public.viajes (id, ciudad_origen_id, ciudad_destino_id, es_valido, created_at, updated_at) VALUES (25, 4, 3, true, '2018-12-28 01:05:08', '2018-12-28 01:05:08');
INSERT INTO public.viajes (id, ciudad_origen_id, ciudad_destino_id, es_valido, created_at, updated_at) VALUES (26, 7, 3, true, '2018-12-28 01:05:08', '2018-12-28 01:05:08');
INSERT INTO public.viajes (id, ciudad_origen_id, ciudad_destino_id, es_valido, created_at, updated_at) VALUES (27, 4, 10, true, '2018-12-28 01:05:08', '2018-12-28 01:05:08');
INSERT INTO public.viajes (id, ciudad_origen_id, ciudad_destino_id, es_valido, created_at, updated_at) VALUES (28, 2, 10, true, '2018-12-28 01:05:08', '2018-12-28 01:05:08');
INSERT INTO public.viajes (id, ciudad_origen_id, ciudad_destino_id, es_valido, created_at, updated_at) VALUES (29, 5, 8, true, '2018-12-28 01:05:08', '2018-12-28 01:05:08');
INSERT INTO public.viajes (id, ciudad_origen_id, ciudad_destino_id, es_valido, created_at, updated_at) VALUES (30, 9, 3, true, '2018-12-28 01:05:08', '2018-12-28 01:05:08');
INSERT INTO public.viajes (id, ciudad_origen_id, ciudad_destino_id, es_valido, created_at, updated_at) VALUES (31, 1, 9, true, '2018-12-28 01:05:08', '2018-12-28 01:05:08');
INSERT INTO public.viajes (id, ciudad_origen_id, ciudad_destino_id, es_valido, created_at, updated_at) VALUES (32, 10, 4, true, '2018-12-28 01:05:08', '2018-12-28 01:05:08');
INSERT INTO public.viajes (id, ciudad_origen_id, ciudad_destino_id, es_valido, created_at, updated_at) VALUES (33, 9, 10, true, '2018-12-28 01:05:08', '2018-12-28 01:05:08');
INSERT INTO public.viajes (id, ciudad_origen_id, ciudad_destino_id, es_valido, created_at, updated_at) VALUES (34, 10, 8, true, '2018-12-28 01:05:08', '2018-12-28 01:05:08');
INSERT INTO public.viajes (id, ciudad_origen_id, ciudad_destino_id, es_valido, created_at, updated_at) VALUES (35, 1, 9, true, '2018-12-28 01:05:08', '2018-12-28 01:05:08');
INSERT INTO public.viajes (id, ciudad_origen_id, ciudad_destino_id, es_valido, created_at, updated_at) VALUES (36, 5, 1, true, '2018-12-28 01:05:08', '2018-12-28 01:05:08');
INSERT INTO public.viajes (id, ciudad_origen_id, ciudad_destino_id, es_valido, created_at, updated_at) VALUES (37, 9, 7, true, '2018-12-28 01:05:08', '2018-12-28 01:05:08');
INSERT INTO public.viajes (id, ciudad_origen_id, ciudad_destino_id, es_valido, created_at, updated_at) VALUES (38, 1, 7, true, '2018-12-28 01:05:08', '2018-12-28 01:05:08');
INSERT INTO public.viajes (id, ciudad_origen_id, ciudad_destino_id, es_valido, created_at, updated_at) VALUES (39, 6, 8, true, '2018-12-28 01:05:08', '2018-12-28 01:05:08');
INSERT INTO public.viajes (id, ciudad_origen_id, ciudad_destino_id, es_valido, created_at, updated_at) VALUES (40, 5, 8, true, '2018-12-28 01:05:08', '2018-12-28 01:05:08');
INSERT INTO public.viajes (id, ciudad_origen_id, ciudad_destino_id, es_valido, created_at, updated_at) VALUES (41, 5, 1, true, '2018-12-28 01:05:08', '2018-12-28 01:05:08');
INSERT INTO public.viajes (id, ciudad_origen_id, ciudad_destino_id, es_valido, created_at, updated_at) VALUES (42, 5, 2, true, '2018-12-28 01:05:08', '2018-12-28 01:05:08');
INSERT INTO public.viajes (id, ciudad_origen_id, ciudad_destino_id, es_valido, created_at, updated_at) VALUES (43, 10, 8, true, '2018-12-28 01:05:08', '2018-12-28 01:05:08');
INSERT INTO public.viajes (id, ciudad_origen_id, ciudad_destino_id, es_valido, created_at, updated_at) VALUES (44, 2, 9, true, '2018-12-28 01:05:08', '2018-12-28 01:05:08');
INSERT INTO public.viajes (id, ciudad_origen_id, ciudad_destino_id, es_valido, created_at, updated_at) VALUES (45, 3, 10, true, '2018-12-28 01:05:08', '2018-12-28 01:05:08');
INSERT INTO public.viajes (id, ciudad_origen_id, ciudad_destino_id, es_valido, created_at, updated_at) VALUES (46, 4, 3, true, '2018-12-28 01:05:08', '2018-12-28 01:05:08');
INSERT INTO public.viajes (id, ciudad_origen_id, ciudad_destino_id, es_valido, created_at, updated_at) VALUES (47, 10, 8, true, '2018-12-28 01:05:08', '2018-12-28 01:05:08');
INSERT INTO public.viajes (id, ciudad_origen_id, ciudad_destino_id, es_valido, created_at, updated_at) VALUES (48, 8, 7, true, '2018-12-28 01:05:08', '2018-12-28 01:05:08');
INSERT INTO public.viajes (id, ciudad_origen_id, ciudad_destino_id, es_valido, created_at, updated_at) VALUES (49, 3, 2, true, '2018-12-28 01:05:08', '2018-12-28 01:05:08');
INSERT INTO public.viajes (id, ciudad_origen_id, ciudad_destino_id, es_valido, created_at, updated_at) VALUES (50, 4, 6, true, '2018-12-28 01:05:08', '2018-12-28 01:05:08');INSERT INTO public.recorridos (id, costo_economico, costo_bussiness, es_valido, created_at, updated_at) VALUES (1, 1625, 2416, true, '2018-12-28 01:05:08', '2018-12-28 01:05:08');
INSERT INTO public.recorridos (id, costo_economico, costo_bussiness, es_valido, created_at, updated_at) VALUES (2, 2886, 2786, true, '2018-12-28 01:05:08', '2018-12-28 01:05:08');
INSERT INTO public.recorridos (id, costo_economico, costo_bussiness, es_valido, created_at, updated_at) VALUES (3, 972, 4420, true, '2018-12-28 01:05:08', '2018-12-28 01:05:08');
INSERT INTO public.recorridos (id, costo_economico, costo_bussiness, es_valido, created_at, updated_at) VALUES (4, 1236, 4592, true, '2018-12-28 01:05:08', '2018-12-28 01:05:08');
INSERT INTO public.recorridos (id, costo_economico, costo_bussiness, es_valido, created_at, updated_at) VALUES (5, 769, 3561, true, '2018-12-28 01:05:08', '2018-12-28 01:05:08');
INSERT INTO public.recorridos (id, costo_economico, costo_bussiness, es_valido, created_at, updated_at) VALUES (6, 2784, 2529, true, '2018-12-28 01:05:08', '2018-12-28 01:05:08');
INSERT INTO public.recorridos (id, costo_economico, costo_bussiness, es_valido, created_at, updated_at) VALUES (7, 2976, 4726, true, '2018-12-28 01:05:08', '2018-12-28 01:05:08');
INSERT INTO public.recorridos (id, costo_economico, costo_bussiness, es_valido, created_at, updated_at) VALUES (8, 2748, 4674, true, '2018-12-28 01:05:08', '2018-12-28 01:05:08');
INSERT INTO public.recorridos (id, costo_economico, costo_bussiness, es_valido, created_at, updated_at) VALUES (9, 2235, 2085, true, '2018-12-28 01:05:08', '2018-12-28 01:05:08');
INSERT INTO public.recorridos (id, costo_economico, costo_bussiness, es_valido, created_at, updated_at) VALUES (10, 2468, 3464, true, '2018-12-28 01:05:08', '2018-12-28 01:05:08');
INSERT INTO public.recorridos (id, costo_economico, costo_bussiness, es_valido, created_at, updated_at) VALUES (11, 700, 4871, true, '2018-12-28 01:05:08', '2018-12-28 01:05:08');
INSERT INTO public.recorridos (id, costo_economico, costo_bussiness, es_valido, created_at, updated_at) VALUES (12, 811, 3811, true, '2018-12-28 01:05:08', '2018-12-28 01:05:08');
INSERT INTO public.recorridos (id, costo_economico, costo_bussiness, es_valido, created_at, updated_at) VALUES (13, 2688, 4810, true, '2018-12-28 01:05:08', '2018-12-28 01:05:08');
INSERT INTO public.recorridos (id, costo_economico, costo_bussiness, es_valido, created_at, updated_at) VALUES (14, 1458, 2003, true, '2018-12-28 01:05:08', '2018-12-28 01:05:08');
INSERT INTO public.recorridos (id, costo_economico, costo_bussiness, es_valido, created_at, updated_at) VALUES (15, 2649, 4665, true, '2018-12-28 01:05:08', '2018-12-28 01:05:08');
INSERT INTO public.recorridos (id, costo_economico, costo_bussiness, es_valido, created_at, updated_at) VALUES (16, 2347, 2544, true, '2018-12-28 01:05:08', '2018-12-28 01:05:08');
INSERT INTO public.recorridos (id, costo_economico, costo_bussiness, es_valido, created_at, updated_at) VALUES (17, 1641, 4497, true, '2018-12-28 01:05:08', '2018-12-28 01:05:08');
INSERT INTO public.recorridos (id, costo_economico, costo_bussiness, es_valido, created_at, updated_at) VALUES (18, 1851, 4886, true, '2018-12-28 01:05:08', '2018-12-28 01:05:08');
INSERT INTO public.recorridos (id, costo_economico, costo_bussiness, es_valido, created_at, updated_at) VALUES (19, 653, 3214, true, '2018-12-28 01:05:08', '2018-12-28 01:05:08');
INSERT INTO public.recorridos (id, costo_economico, costo_bussiness, es_valido, created_at, updated_at) VALUES (20, 1558, 3101, true, '2018-12-28 01:05:08', '2018-12-28 01:05:08');
INSERT INTO public.recorridos (id, costo_economico, costo_bussiness, es_valido, created_at, updated_at) VALUES (21, 731, 2493, true, '2018-12-28 01:05:08', '2018-12-28 01:05:08');
INSERT INTO public.recorridos (id, costo_economico, costo_bussiness, es_valido, created_at, updated_at) VALUES (22, 1564, 3283, true, '2018-12-28 01:05:08', '2018-12-28 01:05:08');
INSERT INTO public.recorridos (id, costo_economico, costo_bussiness, es_valido, created_at, updated_at) VALUES (23, 1732, 2342, true, '2018-12-28 01:05:08', '2018-12-28 01:05:08');
INSERT INTO public.recorridos (id, costo_economico, costo_bussiness, es_valido, created_at, updated_at) VALUES (24, 2543, 4094, true, '2018-12-28 01:05:08', '2018-12-28 01:05:08');
INSERT INTO public.recorridos (id, costo_economico, costo_bussiness, es_valido, created_at, updated_at) VALUES (25, 1660, 3496, true, '2018-12-28 01:05:08', '2018-12-28 01:05:08');
INSERT INTO public.recorridos (id, costo_economico, costo_bussiness, es_valido, created_at, updated_at) VALUES (26, 899, 3997, true, '2018-12-28 01:05:08', '2018-12-28 01:05:08');
INSERT INTO public.recorridos (id, costo_economico, costo_bussiness, es_valido, created_at, updated_at) VALUES (27, 1362, 3258, true, '2018-12-28 01:05:08', '2018-12-28 01:05:08');
INSERT INTO public.recorridos (id, costo_economico, costo_bussiness, es_valido, created_at, updated_at) VALUES (28, 2157, 4405, true, '2018-12-28 01:05:08', '2018-12-28 01:05:08');
INSERT INTO public.recorridos (id, costo_economico, costo_bussiness, es_valido, created_at, updated_at) VALUES (29, 1040, 3179, true, '2018-12-28 01:05:08', '2018-12-28 01:05:08');
INSERT INTO public.recorridos (id, costo_economico, costo_bussiness, es_valido, created_at, updated_at) VALUES (30, 2278, 2235, true, '2018-12-28 01:05:08', '2018-12-28 01:05:08');
INSERT INTO public.recorridos (id, costo_economico, costo_bussiness, es_valido, created_at, updated_at) VALUES (31, 921, 3477, true, '2018-12-28 01:05:08', '2018-12-28 01:05:08');
INSERT INTO public.recorridos (id, costo_economico, costo_bussiness, es_valido, created_at, updated_at) VALUES (32, 2392, 4595, true, '2018-12-28 01:05:08', '2018-12-28 01:05:08');
INSERT INTO public.recorridos (id, costo_economico, costo_bussiness, es_valido, created_at, updated_at) VALUES (33, 2250, 3143, true, '2018-12-28 01:05:08', '2018-12-28 01:05:08');
INSERT INTO public.recorridos (id, costo_economico, costo_bussiness, es_valido, created_at, updated_at) VALUES (34, 2364, 3153, true, '2018-12-28 01:05:08', '2018-12-28 01:05:08');
INSERT INTO public.recorridos (id, costo_economico, costo_bussiness, es_valido, created_at, updated_at) VALUES (35, 1618, 2409, true, '2018-12-28 01:05:08', '2018-12-28 01:05:08');
INSERT INTO public.recorridos (id, costo_economico, costo_bussiness, es_valido, created_at, updated_at) VALUES (36, 972, 2850, true, '2018-12-28 01:05:08', '2018-12-28 01:05:08');
INSERT INTO public.recorridos (id, costo_economico, costo_bussiness, es_valido, created_at, updated_at) VALUES (37, 1907, 4888, true, '2018-12-28 01:05:08', '2018-12-28 01:05:08');
INSERT INTO public.recorridos (id, costo_economico, costo_bussiness, es_valido, created_at, updated_at) VALUES (38, 2631, 2969, true, '2018-12-28 01:05:08', '2018-12-28 01:05:08');
INSERT INTO public.recorridos (id, costo_economico, costo_bussiness, es_valido, created_at, updated_at) VALUES (39, 547, 3170, true, '2018-12-28 01:05:08', '2018-12-28 01:05:08');
INSERT INTO public.recorridos (id, costo_economico, costo_bussiness, es_valido, created_at, updated_at) VALUES (40, 2935, 3086, true, '2018-12-28 01:05:08', '2018-12-28 01:05:08');
INSERT INTO public.recorridos (id, costo_economico, costo_bussiness, es_valido, created_at, updated_at) VALUES (41, 2837, 3737, true, '2018-12-28 01:05:08', '2018-12-28 01:05:08');
INSERT INTO public.recorridos (id, costo_economico, costo_bussiness, es_valido, created_at, updated_at) VALUES (42, 1570, 2503, true, '2018-12-28 01:05:08', '2018-12-28 01:05:08');
INSERT INTO public.recorridos (id, costo_economico, costo_bussiness, es_valido, created_at, updated_at) VALUES (43, 2610, 2284, true, '2018-12-28 01:05:08', '2018-12-28 01:05:08');
INSERT INTO public.recorridos (id, costo_economico, costo_bussiness, es_valido, created_at, updated_at) VALUES (44, 2803, 3330, true, '2018-12-28 01:05:08', '2018-12-28 01:05:08');
INSERT INTO public.recorridos (id, costo_economico, costo_bussiness, es_valido, created_at, updated_at) VALUES (45, 2917, 3345, true, '2018-12-28 01:05:08', '2018-12-28 01:05:08');
INSERT INTO public.recorridos (id, costo_economico, costo_bussiness, es_valido, created_at, updated_at) VALUES (46, 982, 4314, true, '2018-12-28 01:05:08', '2018-12-28 01:05:08');
INSERT INTO public.recorridos (id, costo_economico, costo_bussiness, es_valido, created_at, updated_at) VALUES (47, 1917, 3591, true, '2018-12-28 01:05:08', '2018-12-28 01:05:08');
INSERT INTO public.recorridos (id, costo_economico, costo_bussiness, es_valido, created_at, updated_at) VALUES (48, 1036, 2689, true, '2018-12-28 01:05:08', '2018-12-28 01:05:08');
INSERT INTO public.recorridos (id, costo_economico, costo_bussiness, es_valido, created_at, updated_at) VALUES (49, 921, 2727, true, '2018-12-28 01:05:08', '2018-12-28 01:05:08');
INSERT INTO public.recorridos (id, costo_economico, costo_bussiness, es_valido, created_at, updated_at) VALUES (50, 2191, 4939, true, '2018-12-28 01:05:08', '2018-12-28 01:05:08');
INSERT INTO public.recorridos (id, costo_economico, costo_bussiness, es_valido, created_at, updated_at) VALUES (51, 2856, 3504, true, '2018-12-28 01:05:08', '2018-12-28 01:05:08');
INSERT INTO public.recorridos (id, costo_economico, costo_bussiness, es_valido, created_at, updated_at) VALUES (52, 1487, 3754, true, '2018-12-28 01:05:08', '2018-12-28 01:05:08');
INSERT INTO public.recorridos (id, costo_economico, costo_bussiness, es_valido, created_at, updated_at) VALUES (53, 1750, 2053, true, '2018-12-28 01:05:08', '2018-12-28 01:05:08');
INSERT INTO public.recorridos (id, costo_economico, costo_bussiness, es_valido, created_at, updated_at) VALUES (54, 720, 2264, true, '2018-12-28 01:05:08', '2018-12-28 01:05:08');
INSERT INTO public.recorridos (id, costo_economico, costo_bussiness, es_valido, created_at, updated_at) VALUES (55, 1238, 3012, true, '2018-12-28 01:05:08', '2018-12-28 01:05:08');
INSERT INTO public.recorridos (id, costo_economico, costo_bussiness, es_valido, created_at, updated_at) VALUES (56, 1635, 2396, true, '2018-12-28 01:05:08', '2018-12-28 01:05:08');
INSERT INTO public.recorridos (id, costo_economico, costo_bussiness, es_valido, created_at, updated_at) VALUES (57, 1240, 3159, true, '2018-12-28 01:05:08', '2018-12-28 01:05:08');
INSERT INTO public.recorridos (id, costo_economico, costo_bussiness, es_valido, created_at, updated_at) VALUES (58, 2884, 2993, true, '2018-12-28 01:05:08', '2018-12-28 01:05:08');
INSERT INTO public.recorridos (id, costo_economico, costo_bussiness, es_valido, created_at, updated_at) VALUES (59, 1176, 3621, true, '2018-12-28 01:05:08', '2018-12-28 01:05:08');
INSERT INTO public.recorridos (id, costo_economico, costo_bussiness, es_valido, created_at, updated_at) VALUES (60, 1060, 2174, true, '2018-12-28 01:05:08', '2018-12-28 01:05:08');
INSERT INTO public.recorridos (id, costo_economico, costo_bussiness, es_valido, created_at, updated_at) VALUES (61, 2421, 2113, true, '2018-12-28 01:05:08', '2018-12-28 01:05:08');
INSERT INTO public.recorridos (id, costo_economico, costo_bussiness, es_valido, created_at, updated_at) VALUES (62, 785, 4071, true, '2018-12-28 01:05:08', '2018-12-28 01:05:08');
INSERT INTO public.recorridos (id, costo_economico, costo_bussiness, es_valido, created_at, updated_at) VALUES (63, 1776, 3496, true, '2018-12-28 01:05:08', '2018-12-28 01:05:08');
INSERT INTO public.recorridos (id, costo_economico, costo_bussiness, es_valido, created_at, updated_at) VALUES (64, 1881, 2837, true, '2018-12-28 01:05:08', '2018-12-28 01:05:08');
INSERT INTO public.recorridos (id, costo_economico, costo_bussiness, es_valido, created_at, updated_at) VALUES (65, 2743, 4082, true, '2018-12-28 01:05:08', '2018-12-28 01:05:08');
INSERT INTO public.recorridos (id, costo_economico, costo_bussiness, es_valido, created_at, updated_at) VALUES (66, 1846, 2243, true, '2018-12-28 01:05:08', '2018-12-28 01:05:08');
INSERT INTO public.recorridos (id, costo_economico, costo_bussiness, es_valido, created_at, updated_at) VALUES (67, 2022, 2240, true, '2018-12-28 01:05:08', '2018-12-28 01:05:08');
INSERT INTO public.recorridos (id, costo_economico, costo_bussiness, es_valido, created_at, updated_at) VALUES (68, 2347, 2345, true, '2018-12-28 01:05:08', '2018-12-28 01:05:08');
INSERT INTO public.recorridos (id, costo_economico, costo_bussiness, es_valido, created_at, updated_at) VALUES (69, 2599, 3110, true, '2018-12-28 01:05:08', '2018-12-28 01:05:08');
INSERT INTO public.recorridos (id, costo_economico, costo_bussiness, es_valido, created_at, updated_at) VALUES (70, 1314, 3228, true, '2018-12-28 01:05:08', '2018-12-28 01:05:08');
INSERT INTO public.recorridos (id, costo_economico, costo_bussiness, es_valido, created_at, updated_at) VALUES (71, 923, 2201, true, '2018-12-28 01:05:08', '2018-12-28 01:05:08');
INSERT INTO public.recorridos (id, costo_economico, costo_bussiness, es_valido, created_at, updated_at) VALUES (72, 1761, 2692, true, '2018-12-28 01:05:08', '2018-12-28 01:05:08');
INSERT INTO public.recorridos (id, costo_economico, costo_bussiness, es_valido, created_at, updated_at) VALUES (73, 2329, 4763, true, '2018-12-28 01:05:08', '2018-12-28 01:05:08');
INSERT INTO public.recorridos (id, costo_economico, costo_bussiness, es_valido, created_at, updated_at) VALUES (74, 801, 4861, true, '2018-12-28 01:05:08', '2018-12-28 01:05:08');
INSERT INTO public.recorridos (id, costo_economico, costo_bussiness, es_valido, created_at, updated_at) VALUES (75, 2097, 3989, true, '2018-12-28 01:05:08', '2018-12-28 01:05:08');
INSERT INTO public.recorridos (id, costo_economico, costo_bussiness, es_valido, created_at, updated_at) VALUES (76, 1754, 3406, true, '2018-12-28 01:05:08', '2018-12-28 01:05:08');
INSERT INTO public.recorridos (id, costo_economico, costo_bussiness, es_valido, created_at, updated_at) VALUES (77, 1701, 2289, true, '2018-12-28 01:05:08', '2018-12-28 01:05:08');
INSERT INTO public.recorridos (id, costo_economico, costo_bussiness, es_valido, created_at, updated_at) VALUES (78, 2226, 3900, true, '2018-12-28 01:05:08', '2018-12-28 01:05:08');
INSERT INTO public.recorridos (id, costo_economico, costo_bussiness, es_valido, created_at, updated_at) VALUES (79, 1522, 4345, true, '2018-12-28 01:05:08', '2018-12-28 01:05:08');
INSERT INTO public.recorridos (id, costo_economico, costo_bussiness, es_valido, created_at, updated_at) VALUES (80, 2707, 2043, true, '2018-12-28 01:05:08', '2018-12-28 01:05:08');
INSERT INTO public.recorridos (id, costo_economico, costo_bussiness, es_valido, created_at, updated_at) VALUES (81, 1255, 3481, true, '2018-12-28 01:05:08', '2018-12-28 01:05:08');
INSERT INTO public.recorridos (id, costo_economico, costo_bussiness, es_valido, created_at, updated_at) VALUES (82, 733, 2811, true, '2018-12-28 01:05:08', '2018-12-28 01:05:08');
INSERT INTO public.recorridos (id, costo_economico, costo_bussiness, es_valido, created_at, updated_at) VALUES (83, 1392, 2915, true, '2018-12-28 01:05:08', '2018-12-28 01:05:08');
INSERT INTO public.recorridos (id, costo_economico, costo_bussiness, es_valido, created_at, updated_at) VALUES (84, 2033, 4465, true, '2018-12-28 01:05:08', '2018-12-28 01:05:08');
INSERT INTO public.recorridos (id, costo_economico, costo_bussiness, es_valido, created_at, updated_at) VALUES (85, 2604, 2474, true, '2018-12-28 01:05:08', '2018-12-28 01:05:08');
INSERT INTO public.recorridos (id, costo_economico, costo_bussiness, es_valido, created_at, updated_at) VALUES (86, 2995, 3899, true, '2018-12-28 01:05:08', '2018-12-28 01:05:08');
INSERT INTO public.recorridos (id, costo_economico, costo_bussiness, es_valido, created_at, updated_at) VALUES (87, 1530, 2929, true, '2018-12-28 01:05:08', '2018-12-28 01:05:08');
INSERT INTO public.recorridos (id, costo_economico, costo_bussiness, es_valido, created_at, updated_at) VALUES (88, 2037, 2612, true, '2018-12-28 01:05:08', '2018-12-28 01:05:08');
INSERT INTO public.recorridos (id, costo_economico, costo_bussiness, es_valido, created_at, updated_at) VALUES (89, 2805, 3236, true, '2018-12-28 01:05:08', '2018-12-28 01:05:08');
INSERT INTO public.recorridos (id, costo_economico, costo_bussiness, es_valido, created_at, updated_at) VALUES (90, 1719, 3215, true, '2018-12-28 01:05:08', '2018-12-28 01:05:08');
INSERT INTO public.recorridos (id, costo_economico, costo_bussiness, es_valido, created_at, updated_at) VALUES (91, 1776, 2878, true, '2018-12-28 01:05:08', '2018-12-28 01:05:08');
INSERT INTO public.recorridos (id, costo_economico, costo_bussiness, es_valido, created_at, updated_at) VALUES (92, 2562, 2612, true, '2018-12-28 01:05:08', '2018-12-28 01:05:08');
INSERT INTO public.recorridos (id, costo_economico, costo_bussiness, es_valido, created_at, updated_at) VALUES (93, 1895, 3400, true, '2018-12-28 01:05:08', '2018-12-28 01:05:08');
INSERT INTO public.recorridos (id, costo_economico, costo_bussiness, es_valido, created_at, updated_at) VALUES (94, 2487, 4668, true, '2018-12-28 01:05:08', '2018-12-28 01:05:08');
INSERT INTO public.recorridos (id, costo_economico, costo_bussiness, es_valido, created_at, updated_at) VALUES (95, 2499, 4414, true, '2018-12-28 01:05:08', '2018-12-28 01:05:08');
INSERT INTO public.recorridos (id, costo_economico, costo_bussiness, es_valido, created_at, updated_at) VALUES (96, 1722, 2880, true, '2018-12-28 01:05:08', '2018-12-28 01:05:08');
INSERT INTO public.recorridos (id, costo_economico, costo_bussiness, es_valido, created_at, updated_at) VALUES (97, 1990, 3990, true, '2018-12-28 01:05:08', '2018-12-28 01:05:08');
INSERT INTO public.recorridos (id, costo_economico, costo_bussiness, es_valido, created_at, updated_at) VALUES (98, 2504, 2511, true, '2018-12-28 01:05:08', '2018-12-28 01:05:08');
INSERT INTO public.recorridos (id, costo_economico, costo_bussiness, es_valido, created_at, updated_at) VALUES (99, 1109, 2488, true, '2018-12-28 01:05:08', '2018-12-28 01:05:08');
INSERT INTO public.recorridos (id, costo_economico, costo_bussiness, es_valido, created_at, updated_at) VALUES (100, 1884, 3814, true, '2018-12-28 01:05:08', '2018-12-28 01:05:08');INSERT INTO public.vuelos (id, aeropuerto_origen_id, aeropuerto_destino_id, capacidad_economica, capacidad_business, capacidad_discapacidad_bussiness, capacidad_discapacidad_economica, tiempo_salida, tiempo_llegada, patente, es_valido, created_at, updated_at) VALUES (1, 27, 21, 73, 75, 9, 15, '1986-03-03 05:57:52', '2012-09-21 18:36:42', 'Sed qui quo.', true, '2018-12-28 01:05:08', '2018-12-28 01:05:08');
INSERT INTO public.vuelos (id, aeropuerto_origen_id, aeropuerto_destino_id, capacidad_economica, capacidad_business, capacidad_discapacidad_bussiness, capacidad_discapacidad_economica, tiempo_salida, tiempo_llegada, patente, es_valido, created_at, updated_at) VALUES (2, 18, 20, 93, 73, 8, 13, '2001-01-20 11:38:02', '1973-05-08 03:25:44', 'Nam in corrupti.', true, '2018-12-28 01:05:08', '2018-12-28 01:05:08');
INSERT INTO public.vuelos (id, aeropuerto_origen_id, aeropuerto_destino_id, capacidad_economica, capacidad_business, capacidad_discapacidad_bussiness, capacidad_discapacidad_economica, tiempo_salida, tiempo_llegada, patente, es_valido, created_at, updated_at) VALUES (3, 4, 19, 71, 68, 12, 10, '1994-09-29 03:05:46', '1995-06-17 14:02:28', 'Omnis qui nemo.', true, '2018-12-28 01:05:08', '2018-12-28 01:05:08');
INSERT INTO public.vuelos (id, aeropuerto_origen_id, aeropuerto_destino_id, capacidad_economica, capacidad_business, capacidad_discapacidad_bussiness, capacidad_discapacidad_economica, tiempo_salida, tiempo_llegada, patente, es_valido, created_at, updated_at) VALUES (4, 8, 20, 86, 55, 11, 7, '1978-03-06 16:01:42', '1979-03-24 12:33:35', 'Itaque.', true, '2018-12-28 01:05:08', '2018-12-28 01:05:08');
INSERT INTO public.vuelos (id, aeropuerto_origen_id, aeropuerto_destino_id, capacidad_economica, capacidad_business, capacidad_discapacidad_bussiness, capacidad_discapacidad_economica, tiempo_salida, tiempo_llegada, patente, es_valido, created_at, updated_at) VALUES (5, 9, 3, 68, 66, 7, 10, '1996-06-16 03:46:34', '1970-07-05 07:51:47', 'Voluptatem.', true, '2018-12-28 01:05:08', '2018-12-28 01:05:08');
INSERT INTO public.vuelos (id, aeropuerto_origen_id, aeropuerto_destino_id, capacidad_economica, capacidad_business, capacidad_discapacidad_bussiness, capacidad_discapacidad_economica, tiempo_salida, tiempo_llegada, patente, es_valido, created_at, updated_at) VALUES (6, 26, 21, 86, 53, 8, 9, '1995-04-23 17:05:58', '2010-12-19 12:05:57', 'Aut magnam et.', true, '2018-12-28 01:05:08', '2018-12-28 01:05:08');
INSERT INTO public.vuelos (id, aeropuerto_origen_id, aeropuerto_destino_id, capacidad_economica, capacidad_business, capacidad_discapacidad_bussiness, capacidad_discapacidad_economica, tiempo_salida, tiempo_llegada, patente, es_valido, created_at, updated_at) VALUES (7, 17, 28, 62, 74, 11, 7, '2017-06-02 03:27:38', '2004-09-18 21:56:51', 'Nihil.', true, '2018-12-28 01:05:08', '2018-12-28 01:05:08');
INSERT INTO public.vuelos (id, aeropuerto_origen_id, aeropuerto_destino_id, capacidad_economica, capacidad_business, capacidad_discapacidad_bussiness, capacidad_discapacidad_economica, tiempo_salida, tiempo_llegada, patente, es_valido, created_at, updated_at) VALUES (8, 21, 9, 91, 72, 12, 6, '1979-03-20 02:21:16', '1991-12-23 07:50:16', 'Eius porro.', true, '2018-12-28 01:05:08', '2018-12-28 01:05:08');
INSERT INTO public.vuelos (id, aeropuerto_origen_id, aeropuerto_destino_id, capacidad_economica, capacidad_business, capacidad_discapacidad_bussiness, capacidad_discapacidad_economica, tiempo_salida, tiempo_llegada, patente, es_valido, created_at, updated_at) VALUES (9, 30, 12, 83, 90, 11, 14, '1992-12-29 23:59:15', '1983-09-21 16:19:13', 'Corporis.', true, '2018-12-28 01:05:08', '2018-12-28 01:05:08');
INSERT INTO public.vuelos (id, aeropuerto_origen_id, aeropuerto_destino_id, capacidad_economica, capacidad_business, capacidad_discapacidad_bussiness, capacidad_discapacidad_economica, tiempo_salida, tiempo_llegada, patente, es_valido, created_at, updated_at) VALUES (10, 21, 11, 52, 82, 14, 13, '1989-04-28 09:28:50', '1993-03-28 08:41:23', 'Cupiditate enim.', true, '2018-12-28 01:05:08', '2018-12-28 01:05:08');
INSERT INTO public.vuelos (id, aeropuerto_origen_id, aeropuerto_destino_id, capacidad_economica, capacidad_business, capacidad_discapacidad_bussiness, capacidad_discapacidad_economica, tiempo_salida, tiempo_llegada, patente, es_valido, created_at, updated_at) VALUES (11, 14, 22, 88, 80, 14, 11, '1971-10-07 22:47:53', '2011-03-18 07:37:52', 'Atque adipisci.', true, '2018-12-28 01:05:08', '2018-12-28 01:05:08');
INSERT INTO public.vuelos (id, aeropuerto_origen_id, aeropuerto_destino_id, capacidad_economica, capacidad_business, capacidad_discapacidad_bussiness, capacidad_discapacidad_economica, tiempo_salida, tiempo_llegada, patente, es_valido, created_at, updated_at) VALUES (12, 4, 20, 65, 88, 8, 15, '2018-02-11 04:50:02', '2008-12-14 00:05:23', 'Atque.', true, '2018-12-28 01:05:08', '2018-12-28 01:05:08');
INSERT INTO public.vuelos (id, aeropuerto_origen_id, aeropuerto_destino_id, capacidad_economica, capacidad_business, capacidad_discapacidad_bussiness, capacidad_discapacidad_economica, tiempo_salida, tiempo_llegada, patente, es_valido, created_at, updated_at) VALUES (13, 3, 27, 78, 62, 15, 14, '1983-03-28 05:28:14', '1986-11-24 06:45:22', 'Optio ea.', true, '2018-12-28 01:05:08', '2018-12-28 01:05:08');
INSERT INTO public.vuelos (id, aeropuerto_origen_id, aeropuerto_destino_id, capacidad_economica, capacidad_business, capacidad_discapacidad_bussiness, capacidad_discapacidad_economica, tiempo_salida, tiempo_llegada, patente, es_valido, created_at, updated_at) VALUES (14, 2, 27, 59, 80, 11, 14, '2000-03-26 13:42:20', '2009-04-25 15:05:55', 'Quam similique.', true, '2018-12-28 01:05:08', '2018-12-28 01:05:08');
INSERT INTO public.vuelos (id, aeropuerto_origen_id, aeropuerto_destino_id, capacidad_economica, capacidad_business, capacidad_discapacidad_bussiness, capacidad_discapacidad_economica, tiempo_salida, tiempo_llegada, patente, es_valido, created_at, updated_at) VALUES (15, 28, 24, 72, 71, 15, 8, '2005-02-15 17:58:00', '1973-05-24 08:21:02', 'Occaecati.', true, '2018-12-28 01:05:08', '2018-12-28 01:05:08');
INSERT INTO public.vuelos (id, aeropuerto_origen_id, aeropuerto_destino_id, capacidad_economica, capacidad_business, capacidad_discapacidad_bussiness, capacidad_discapacidad_economica, tiempo_salida, tiempo_llegada, patente, es_valido, created_at, updated_at) VALUES (16, 29, 22, 50, 57, 14, 14, '2002-06-17 22:17:56', '1970-08-30 07:44:19', 'Voluptatem.', true, '2018-12-28 01:05:08', '2018-12-28 01:05:08');
INSERT INTO public.vuelos (id, aeropuerto_origen_id, aeropuerto_destino_id, capacidad_economica, capacidad_business, capacidad_discapacidad_bussiness, capacidad_discapacidad_economica, tiempo_salida, tiempo_llegada, patente, es_valido, created_at, updated_at) VALUES (17, 8, 21, 89, 70, 14, 8, '2005-08-10 00:34:03', '1981-03-05 18:46:29', 'Culpa impedit.', true, '2018-12-28 01:05:08', '2018-12-28 01:05:08');
INSERT INTO public.vuelos (id, aeropuerto_origen_id, aeropuerto_destino_id, capacidad_economica, capacidad_business, capacidad_discapacidad_bussiness, capacidad_discapacidad_economica, tiempo_salida, tiempo_llegada, patente, es_valido, created_at, updated_at) VALUES (18, 23, 28, 84, 82, 13, 13, '1972-02-22 18:09:44', '2003-07-08 12:49:21', 'Pariatur.', true, '2018-12-28 01:05:08', '2018-12-28 01:05:08');
INSERT INTO public.vuelos (id, aeropuerto_origen_id, aeropuerto_destino_id, capacidad_economica, capacidad_business, capacidad_discapacidad_bussiness, capacidad_discapacidad_economica, tiempo_salida, tiempo_llegada, patente, es_valido, created_at, updated_at) VALUES (19, 18, 4, 83, 63, 7, 5, '1973-05-31 01:45:06', '1972-08-15 00:30:24', 'Sint doloribus.', true, '2018-12-28 01:05:08', '2018-12-28 01:05:08');
INSERT INTO public.vuelos (id, aeropuerto_origen_id, aeropuerto_destino_id, capacidad_economica, capacidad_business, capacidad_discapacidad_bussiness, capacidad_discapacidad_economica, tiempo_salida, tiempo_llegada, patente, es_valido, created_at, updated_at) VALUES (20, 22, 30, 65, 100, 8, 13, '1975-05-16 00:34:39', '2006-06-05 18:07:34', 'Placeat.', true, '2018-12-28 01:05:08', '2018-12-28 01:05:08');
INSERT INTO public.vuelos (id, aeropuerto_origen_id, aeropuerto_destino_id, capacidad_economica, capacidad_business, capacidad_discapacidad_bussiness, capacidad_discapacidad_economica, tiempo_salida, tiempo_llegada, patente, es_valido, created_at, updated_at) VALUES (21, 4, 28, 86, 67, 13, 8, '1994-09-25 06:11:50', '1985-01-08 03:48:24', 'Omnis velit.', true, '2018-12-28 01:05:08', '2018-12-28 01:05:08');
INSERT INTO public.vuelos (id, aeropuerto_origen_id, aeropuerto_destino_id, capacidad_economica, capacidad_business, capacidad_discapacidad_bussiness, capacidad_discapacidad_economica, tiempo_salida, tiempo_llegada, patente, es_valido, created_at, updated_at) VALUES (22, 12, 15, 80, 52, 12, 5, '2001-11-03 06:16:36', '1999-07-09 05:30:09', 'Ea dolore illum.', true, '2018-12-28 01:05:08', '2018-12-28 01:05:08');
INSERT INTO public.vuelos (id, aeropuerto_origen_id, aeropuerto_destino_id, capacidad_economica, capacidad_business, capacidad_discapacidad_bussiness, capacidad_discapacidad_economica, tiempo_salida, tiempo_llegada, patente, es_valido, created_at, updated_at) VALUES (23, 5, 26, 69, 90, 11, 11, '1991-06-13 22:57:11', '1999-07-25 13:52:05', 'Iste totam at.', true, '2018-12-28 01:05:08', '2018-12-28 01:05:08');
INSERT INTO public.vuelos (id, aeropuerto_origen_id, aeropuerto_destino_id, capacidad_economica, capacidad_business, capacidad_discapacidad_bussiness, capacidad_discapacidad_economica, tiempo_salida, tiempo_llegada, patente, es_valido, created_at, updated_at) VALUES (24, 29, 3, 97, 57, 13, 8, '2012-12-11 15:24:27', '1979-02-24 17:27:51', 'Nihil autem.', true, '2018-12-28 01:05:08', '2018-12-28 01:05:08');
INSERT INTO public.vuelos (id, aeropuerto_origen_id, aeropuerto_destino_id, capacidad_economica, capacidad_business, capacidad_discapacidad_bussiness, capacidad_discapacidad_economica, tiempo_salida, tiempo_llegada, patente, es_valido, created_at, updated_at) VALUES (25, 13, 9, 93, 92, 10, 10, '2004-04-25 04:31:29', '1975-05-06 00:13:32', 'Distinctio sint.', true, '2018-12-28 01:05:08', '2018-12-28 01:05:08');
INSERT INTO public.vuelos (id, aeropuerto_origen_id, aeropuerto_destino_id, capacidad_economica, capacidad_business, capacidad_discapacidad_bussiness, capacidad_discapacidad_economica, tiempo_salida, tiempo_llegada, patente, es_valido, created_at, updated_at) VALUES (26, 22, 27, 66, 62, 6, 7, '2005-06-27 17:08:26', '1988-01-28 01:13:01', 'Facilis nemo.', true, '2018-12-28 01:05:08', '2018-12-28 01:05:08');
INSERT INTO public.vuelos (id, aeropuerto_origen_id, aeropuerto_destino_id, capacidad_economica, capacidad_business, capacidad_discapacidad_bussiness, capacidad_discapacidad_economica, tiempo_salida, tiempo_llegada, patente, es_valido, created_at, updated_at) VALUES (27, 24, 23, 58, 64, 11, 8, '1980-07-14 10:12:57', '1997-03-19 22:26:31', 'Quo pariatur.', true, '2018-12-28 01:05:08', '2018-12-28 01:05:08');
INSERT INTO public.vuelos (id, aeropuerto_origen_id, aeropuerto_destino_id, capacidad_economica, capacidad_business, capacidad_discapacidad_bussiness, capacidad_discapacidad_economica, tiempo_salida, tiempo_llegada, patente, es_valido, created_at, updated_at) VALUES (28, 20, 28, 77, 69, 14, 9, '1981-06-18 13:59:31', '1990-05-14 22:58:18', 'Dolorem id.', true, '2018-12-28 01:05:08', '2018-12-28 01:05:08');
INSERT INTO public.vuelos (id, aeropuerto_origen_id, aeropuerto_destino_id, capacidad_economica, capacidad_business, capacidad_discapacidad_bussiness, capacidad_discapacidad_economica, tiempo_salida, tiempo_llegada, patente, es_valido, created_at, updated_at) VALUES (29, 22, 17, 53, 75, 9, 15, '2004-08-19 03:19:46', '2011-10-18 00:08:12', 'Non eaque.', true, '2018-12-28 01:05:08', '2018-12-28 01:05:08');
INSERT INTO public.vuelos (id, aeropuerto_origen_id, aeropuerto_destino_id, capacidad_economica, capacidad_business, capacidad_discapacidad_bussiness, capacidad_discapacidad_economica, tiempo_salida, tiempo_llegada, patente, es_valido, created_at, updated_at) VALUES (30, 2, 29, 96, 62, 5, 6, '1976-09-11 13:54:17', '1989-03-20 10:22:35', 'Repellat.', true, '2018-12-28 01:05:08', '2018-12-28 01:05:08');
INSERT INTO public.vuelos (id, aeropuerto_origen_id, aeropuerto_destino_id, capacidad_economica, capacidad_business, capacidad_discapacidad_bussiness, capacidad_discapacidad_economica, tiempo_salida, tiempo_llegada, patente, es_valido, created_at, updated_at) VALUES (31, 21, 24, 56, 59, 10, 11, '2005-06-02 17:30:53', '1997-01-06 10:48:04', 'Omnis ipsum id.', true, '2018-12-28 01:05:08', '2018-12-28 01:05:08');
INSERT INTO public.vuelos (id, aeropuerto_origen_id, aeropuerto_destino_id, capacidad_economica, capacidad_business, capacidad_discapacidad_bussiness, capacidad_discapacidad_economica, tiempo_salida, tiempo_llegada, patente, es_valido, created_at, updated_at) VALUES (32, 30, 1, 100, 76, 8, 5, '2002-12-10 01:41:57', '1979-08-28 00:03:09', 'Autem porro.', true, '2018-12-28 01:05:08', '2018-12-28 01:05:08');
INSERT INTO public.vuelos (id, aeropuerto_origen_id, aeropuerto_destino_id, capacidad_economica, capacidad_business, capacidad_discapacidad_bussiness, capacidad_discapacidad_economica, tiempo_salida, tiempo_llegada, patente, es_valido, created_at, updated_at) VALUES (33, 20, 13, 79, 56, 15, 14, '2007-08-18 15:02:43', '2009-07-28 05:27:08', 'Perferendis.', true, '2018-12-28 01:05:08', '2018-12-28 01:05:08');
INSERT INTO public.vuelos (id, aeropuerto_origen_id, aeropuerto_destino_id, capacidad_economica, capacidad_business, capacidad_discapacidad_bussiness, capacidad_discapacidad_economica, tiempo_salida, tiempo_llegada, patente, es_valido, created_at, updated_at) VALUES (34, 20, 2, 81, 73, 12, 7, '1996-08-10 10:08:43', '2002-03-06 02:19:33', 'Ut tempora.', true, '2018-12-28 01:05:08', '2018-12-28 01:05:08');
INSERT INTO public.vuelos (id, aeropuerto_origen_id, aeropuerto_destino_id, capacidad_economica, capacidad_business, capacidad_discapacidad_bussiness, capacidad_discapacidad_economica, tiempo_salida, tiempo_llegada, patente, es_valido, created_at, updated_at) VALUES (35, 12, 2, 81, 54, 7, 6, '1999-07-23 05:35:47', '1974-02-23 15:55:19', 'Ut quasi.', true, '2018-12-28 01:05:08', '2018-12-28 01:05:08');
INSERT INTO public.vuelos (id, aeropuerto_origen_id, aeropuerto_destino_id, capacidad_economica, capacidad_business, capacidad_discapacidad_bussiness, capacidad_discapacidad_economica, tiempo_salida, tiempo_llegada, patente, es_valido, created_at, updated_at) VALUES (36, 26, 5, 54, 59, 11, 11, '1980-10-29 15:48:00', '2013-02-17 11:54:42', 'Voluptatibus et.', true, '2018-12-28 01:05:08', '2018-12-28 01:05:08');
INSERT INTO public.vuelos (id, aeropuerto_origen_id, aeropuerto_destino_id, capacidad_economica, capacidad_business, capacidad_discapacidad_bussiness, capacidad_discapacidad_economica, tiempo_salida, tiempo_llegada, patente, es_valido, created_at, updated_at) VALUES (37, 1, 10, 69, 90, 8, 7, '1972-04-20 13:50:42', '1992-12-27 00:19:07', 'Reprehenderit.', true, '2018-12-28 01:05:08', '2018-12-28 01:05:08');
INSERT INTO public.vuelos (id, aeropuerto_origen_id, aeropuerto_destino_id, capacidad_economica, capacidad_business, capacidad_discapacidad_bussiness, capacidad_discapacidad_economica, tiempo_salida, tiempo_llegada, patente, es_valido, created_at, updated_at) VALUES (38, 25, 4, 60, 57, 15, 12, '2011-07-01 10:10:27', '1973-08-04 12:38:34', 'Rerum quaerat.', true, '2018-12-28 01:05:08', '2018-12-28 01:05:08');
INSERT INTO public.vuelos (id, aeropuerto_origen_id, aeropuerto_destino_id, capacidad_economica, capacidad_business, capacidad_discapacidad_bussiness, capacidad_discapacidad_economica, tiempo_salida, tiempo_llegada, patente, es_valido, created_at, updated_at) VALUES (39, 29, 15, 96, 95, 6, 14, '2015-01-05 04:45:11', '1976-12-27 02:26:36', 'Sed inventore.', true, '2018-12-28 01:05:08', '2018-12-28 01:05:08');
INSERT INTO public.vuelos (id, aeropuerto_origen_id, aeropuerto_destino_id, capacidad_economica, capacidad_business, capacidad_discapacidad_bussiness, capacidad_discapacidad_economica, tiempo_salida, tiempo_llegada, patente, es_valido, created_at, updated_at) VALUES (40, 22, 20, 99, 91, 12, 6, '1996-12-16 15:15:15', '1973-04-20 09:02:45', 'Rerum et.', true, '2018-12-28 01:05:08', '2018-12-28 01:05:08');
INSERT INTO public.vuelos (id, aeropuerto_origen_id, aeropuerto_destino_id, capacidad_economica, capacidad_business, capacidad_discapacidad_bussiness, capacidad_discapacidad_economica, tiempo_salida, tiempo_llegada, patente, es_valido, created_at, updated_at) VALUES (41, 11, 20, 69, 86, 9, 10, '1983-05-02 14:27:40', '1999-05-30 00:11:18', 'Dolorum.', true, '2018-12-28 01:05:08', '2018-12-28 01:05:08');
INSERT INTO public.vuelos (id, aeropuerto_origen_id, aeropuerto_destino_id, capacidad_economica, capacidad_business, capacidad_discapacidad_bussiness, capacidad_discapacidad_economica, tiempo_salida, tiempo_llegada, patente, es_valido, created_at, updated_at) VALUES (42, 17, 19, 75, 94, 5, 10, '2003-01-20 01:58:29', '2012-12-18 00:30:10', 'Velit ea.', true, '2018-12-28 01:05:08', '2018-12-28 01:05:08');
INSERT INTO public.vuelos (id, aeropuerto_origen_id, aeropuerto_destino_id, capacidad_economica, capacidad_business, capacidad_discapacidad_bussiness, capacidad_discapacidad_economica, tiempo_salida, tiempo_llegada, patente, es_valido, created_at, updated_at) VALUES (43, 1, 17, 69, 98, 7, 6, '1980-12-09 17:18:43', '1989-04-12 22:36:40', 'Iure ut aperiam.', true, '2018-12-28 01:05:08', '2018-12-28 01:05:08');
INSERT INTO public.vuelos (id, aeropuerto_origen_id, aeropuerto_destino_id, capacidad_economica, capacidad_business, capacidad_discapacidad_bussiness, capacidad_discapacidad_economica, tiempo_salida, tiempo_llegada, patente, es_valido, created_at, updated_at) VALUES (44, 4, 8, 78, 69, 10, 8, '2006-09-08 18:40:08', '1994-06-07 12:43:28', 'Sunt vel velit.', true, '2018-12-28 01:05:08', '2018-12-28 01:05:08');
INSERT INTO public.vuelos (id, aeropuerto_origen_id, aeropuerto_destino_id, capacidad_economica, capacidad_business, capacidad_discapacidad_bussiness, capacidad_discapacidad_economica, tiempo_salida, tiempo_llegada, patente, es_valido, created_at, updated_at) VALUES (45, 28, 1, 69, 99, 9, 14, '2016-04-07 01:14:49', '2012-10-01 13:24:13', 'Hic vel.', true, '2018-12-28 01:05:08', '2018-12-28 01:05:08');
INSERT INTO public.vuelos (id, aeropuerto_origen_id, aeropuerto_destino_id, capacidad_economica, capacidad_business, capacidad_discapacidad_bussiness, capacidad_discapacidad_economica, tiempo_salida, tiempo_llegada, patente, es_valido, created_at, updated_at) VALUES (46, 4, 18, 52, 75, 5, 15, '1990-09-20 14:21:57', '1970-09-14 04:33:53', 'Sint voluptatem.', true, '2018-12-28 01:05:08', '2018-12-28 01:05:08');
INSERT INTO public.vuelos (id, aeropuerto_origen_id, aeropuerto_destino_id, capacidad_economica, capacidad_business, capacidad_discapacidad_bussiness, capacidad_discapacidad_economica, tiempo_salida, tiempo_llegada, patente, es_valido, created_at, updated_at) VALUES (47, 29, 8, 76, 90, 12, 15, '2007-01-22 18:33:03', '1975-03-13 08:50:50', 'Quia qui velit.', true, '2018-12-28 01:05:08', '2018-12-28 01:05:08');
INSERT INTO public.vuelos (id, aeropuerto_origen_id, aeropuerto_destino_id, capacidad_economica, capacidad_business, capacidad_discapacidad_bussiness, capacidad_discapacidad_economica, tiempo_salida, tiempo_llegada, patente, es_valido, created_at, updated_at) VALUES (48, 6, 3, 98, 91, 11, 10, '1986-04-29 09:33:25', '1998-11-16 23:12:05', 'Aut culpa.', true, '2018-12-28 01:05:08', '2018-12-28 01:05:08');
INSERT INTO public.vuelos (id, aeropuerto_origen_id, aeropuerto_destino_id, capacidad_economica, capacidad_business, capacidad_discapacidad_bussiness, capacidad_discapacidad_economica, tiempo_salida, tiempo_llegada, patente, es_valido, created_at, updated_at) VALUES (49, 19, 11, 81, 83, 10, 10, '1996-09-05 18:22:25', '1986-01-09 16:36:10', 'Quo quasi.', true, '2018-12-28 01:05:08', '2018-12-28 01:05:08');
INSERT INTO public.vuelos (id, aeropuerto_origen_id, aeropuerto_destino_id, capacidad_economica, capacidad_business, capacidad_discapacidad_bussiness, capacidad_discapacidad_economica, tiempo_salida, tiempo_llegada, patente, es_valido, created_at, updated_at) VALUES (50, 8, 4, 79, 66, 13, 5, '1982-04-27 00:11:08', '1972-09-21 20:20:57', 'Maxime eius.', true, '2018-12-28 01:05:08', '2018-12-28 01:05:08');INSERT INTO public.recorrido_vuelos (id, recorrido_id, vuelo_id, es_valido, created_at, updated_at) VALUES (1, 28, 15, true, '2018-12-28 01:05:08', '2018-12-28 01:05:08');
INSERT INTO public.recorrido_vuelos (id, recorrido_id, vuelo_id, es_valido, created_at, updated_at) VALUES (2, 12, 27, true, '2018-12-28 01:05:08', '2018-12-28 01:05:08');
INSERT INTO public.recorrido_vuelos (id, recorrido_id, vuelo_id, es_valido, created_at, updated_at) VALUES (3, 49, 43, true, '2018-12-28 01:05:08', '2018-12-28 01:05:08');
INSERT INTO public.recorrido_vuelos (id, recorrido_id, vuelo_id, es_valido, created_at, updated_at) VALUES (4, 90, 28, true, '2018-12-28 01:05:08', '2018-12-28 01:05:08');
INSERT INTO public.recorrido_vuelos (id, recorrido_id, vuelo_id, es_valido, created_at, updated_at) VALUES (5, 68, 28, true, '2018-12-28 01:05:08', '2018-12-28 01:05:08');
INSERT INTO public.recorrido_vuelos (id, recorrido_id, vuelo_id, es_valido, created_at, updated_at) VALUES (6, 59, 22, true, '2018-12-28 01:05:08', '2018-12-28 01:05:08');
INSERT INTO public.recorrido_vuelos (id, recorrido_id, vuelo_id, es_valido, created_at, updated_at) VALUES (7, 43, 39, true, '2018-12-28 01:05:08', '2018-12-28 01:05:08');
INSERT INTO public.recorrido_vuelos (id, recorrido_id, vuelo_id, es_valido, created_at, updated_at) VALUES (8, 77, 8, true, '2018-12-28 01:05:08', '2018-12-28 01:05:08');
INSERT INTO public.recorrido_vuelos (id, recorrido_id, vuelo_id, es_valido, created_at, updated_at) VALUES (9, 83, 9, true, '2018-12-28 01:05:08', '2018-12-28 01:05:08');
INSERT INTO public.recorrido_vuelos (id, recorrido_id, vuelo_id, es_valido, created_at, updated_at) VALUES (10, 64, 22, true, '2018-12-28 01:05:08', '2018-12-28 01:05:08');
INSERT INTO public.recorrido_vuelos (id, recorrido_id, vuelo_id, es_valido, created_at, updated_at) VALUES (11, 91, 8, true, '2018-12-28 01:05:08', '2018-12-28 01:05:08');
INSERT INTO public.recorrido_vuelos (id, recorrido_id, vuelo_id, es_valido, created_at, updated_at) VALUES (12, 22, 35, true, '2018-12-28 01:05:08', '2018-12-28 01:05:08');
INSERT INTO public.recorrido_vuelos (id, recorrido_id, vuelo_id, es_valido, created_at, updated_at) VALUES (13, 75, 21, true, '2018-12-28 01:05:08', '2018-12-28 01:05:08');
INSERT INTO public.recorrido_vuelos (id, recorrido_id, vuelo_id, es_valido, created_at, updated_at) VALUES (14, 74, 2, true, '2018-12-28 01:05:08', '2018-12-28 01:05:08');
INSERT INTO public.recorrido_vuelos (id, recorrido_id, vuelo_id, es_valido, created_at, updated_at) VALUES (15, 49, 9, true, '2018-12-28 01:05:08', '2018-12-28 01:05:08');
INSERT INTO public.recorrido_vuelos (id, recorrido_id, vuelo_id, es_valido, created_at, updated_at) VALUES (16, 91, 9, true, '2018-12-28 01:05:08', '2018-12-28 01:05:08');
INSERT INTO public.recorrido_vuelos (id, recorrido_id, vuelo_id, es_valido, created_at, updated_at) VALUES (17, 18, 24, true, '2018-12-28 01:05:08', '2018-12-28 01:05:08');
INSERT INTO public.recorrido_vuelos (id, recorrido_id, vuelo_id, es_valido, created_at, updated_at) VALUES (18, 20, 19, true, '2018-12-28 01:05:08', '2018-12-28 01:05:08');
INSERT INTO public.recorrido_vuelos (id, recorrido_id, vuelo_id, es_valido, created_at, updated_at) VALUES (19, 48, 24, true, '2018-12-28 01:05:08', '2018-12-28 01:05:08');
INSERT INTO public.recorrido_vuelos (id, recorrido_id, vuelo_id, es_valido, created_at, updated_at) VALUES (20, 47, 11, true, '2018-12-28 01:05:08', '2018-12-28 01:05:08');
INSERT INTO public.recorrido_vuelos (id, recorrido_id, vuelo_id, es_valido, created_at, updated_at) VALUES (21, 73, 2, true, '2018-12-28 01:05:08', '2018-12-28 01:05:08');
INSERT INTO public.recorrido_vuelos (id, recorrido_id, vuelo_id, es_valido, created_at, updated_at) VALUES (22, 35, 5, true, '2018-12-28 01:05:08', '2018-12-28 01:05:08');
INSERT INTO public.recorrido_vuelos (id, recorrido_id, vuelo_id, es_valido, created_at, updated_at) VALUES (23, 38, 7, true, '2018-12-28 01:05:08', '2018-12-28 01:05:08');
INSERT INTO public.recorrido_vuelos (id, recorrido_id, vuelo_id, es_valido, created_at, updated_at) VALUES (24, 63, 42, true, '2018-12-28 01:05:08', '2018-12-28 01:05:08');
INSERT INTO public.recorrido_vuelos (id, recorrido_id, vuelo_id, es_valido, created_at, updated_at) VALUES (25, 95, 18, true, '2018-12-28 01:05:08', '2018-12-28 01:05:08');
INSERT INTO public.recorrido_vuelos (id, recorrido_id, vuelo_id, es_valido, created_at, updated_at) VALUES (26, 36, 8, true, '2018-12-28 01:05:08', '2018-12-28 01:05:08');
INSERT INTO public.recorrido_vuelos (id, recorrido_id, vuelo_id, es_valido, created_at, updated_at) VALUES (27, 54, 38, true, '2018-12-28 01:05:08', '2018-12-28 01:05:08');
INSERT INTO public.recorrido_vuelos (id, recorrido_id, vuelo_id, es_valido, created_at, updated_at) VALUES (28, 19, 5, true, '2018-12-28 01:05:08', '2018-12-28 01:05:08');
INSERT INTO public.recorrido_vuelos (id, recorrido_id, vuelo_id, es_valido, created_at, updated_at) VALUES (29, 63, 35, true, '2018-12-28 01:05:08', '2018-12-28 01:05:08');
INSERT INTO public.recorrido_vuelos (id, recorrido_id, vuelo_id, es_valido, created_at, updated_at) VALUES (30, 32, 6, true, '2018-12-28 01:05:08', '2018-12-28 01:05:08');
INSERT INTO public.recorrido_vuelos (id, recorrido_id, vuelo_id, es_valido, created_at, updated_at) VALUES (31, 56, 16, true, '2018-12-28 01:05:08', '2018-12-28 01:05:08');
INSERT INTO public.recorrido_vuelos (id, recorrido_id, vuelo_id, es_valido, created_at, updated_at) VALUES (32, 8, 32, true, '2018-12-28 01:05:08', '2018-12-28 01:05:08');
INSERT INTO public.recorrido_vuelos (id, recorrido_id, vuelo_id, es_valido, created_at, updated_at) VALUES (33, 20, 5, true, '2018-12-28 01:05:08', '2018-12-28 01:05:08');
INSERT INTO public.recorrido_vuelos (id, recorrido_id, vuelo_id, es_valido, created_at, updated_at) VALUES (34, 54, 28, true, '2018-12-28 01:05:08', '2018-12-28 01:05:08');
INSERT INTO public.recorrido_vuelos (id, recorrido_id, vuelo_id, es_valido, created_at, updated_at) VALUES (35, 45, 36, true, '2018-12-28 01:05:08', '2018-12-28 01:05:08');
INSERT INTO public.recorrido_vuelos (id, recorrido_id, vuelo_id, es_valido, created_at, updated_at) VALUES (36, 79, 8, true, '2018-12-28 01:05:08', '2018-12-28 01:05:08');
INSERT INTO public.recorrido_vuelos (id, recorrido_id, vuelo_id, es_valido, created_at, updated_at) VALUES (37, 59, 15, true, '2018-12-28 01:05:08', '2018-12-28 01:05:08');
INSERT INTO public.recorrido_vuelos (id, recorrido_id, vuelo_id, es_valido, created_at, updated_at) VALUES (38, 86, 36, true, '2018-12-28 01:05:08', '2018-12-28 01:05:08');
INSERT INTO public.recorrido_vuelos (id, recorrido_id, vuelo_id, es_valido, created_at, updated_at) VALUES (39, 28, 50, true, '2018-12-28 01:05:08', '2018-12-28 01:05:08');
INSERT INTO public.recorrido_vuelos (id, recorrido_id, vuelo_id, es_valido, created_at, updated_at) VALUES (40, 44, 29, true, '2018-12-28 01:05:08', '2018-12-28 01:05:08');
INSERT INTO public.recorrido_vuelos (id, recorrido_id, vuelo_id, es_valido, created_at, updated_at) VALUES (41, 49, 35, true, '2018-12-28 01:05:08', '2018-12-28 01:05:08');
INSERT INTO public.recorrido_vuelos (id, recorrido_id, vuelo_id, es_valido, created_at, updated_at) VALUES (42, 57, 24, true, '2018-12-28 01:05:08', '2018-12-28 01:05:08');
INSERT INTO public.recorrido_vuelos (id, recorrido_id, vuelo_id, es_valido, created_at, updated_at) VALUES (43, 52, 4, true, '2018-12-28 01:05:08', '2018-12-28 01:05:08');
INSERT INTO public.recorrido_vuelos (id, recorrido_id, vuelo_id, es_valido, created_at, updated_at) VALUES (44, 52, 4, true, '2018-12-28 01:05:08', '2018-12-28 01:05:08');
INSERT INTO public.recorrido_vuelos (id, recorrido_id, vuelo_id, es_valido, created_at, updated_at) VALUES (45, 6, 43, true, '2018-12-28 01:05:08', '2018-12-28 01:05:08');
INSERT INTO public.recorrido_vuelos (id, recorrido_id, vuelo_id, es_valido, created_at, updated_at) VALUES (46, 66, 22, true, '2018-12-28 01:05:08', '2018-12-28 01:05:08');
INSERT INTO public.recorrido_vuelos (id, recorrido_id, vuelo_id, es_valido, created_at, updated_at) VALUES (47, 40, 8, true, '2018-12-28 01:05:08', '2018-12-28 01:05:08');
INSERT INTO public.recorrido_vuelos (id, recorrido_id, vuelo_id, es_valido, created_at, updated_at) VALUES (48, 21, 43, true, '2018-12-28 01:05:08', '2018-12-28 01:05:08');
INSERT INTO public.recorrido_vuelos (id, recorrido_id, vuelo_id, es_valido, created_at, updated_at) VALUES (49, 10, 12, true, '2018-12-28 01:05:08', '2018-12-28 01:05:08');
INSERT INTO public.recorrido_vuelos (id, recorrido_id, vuelo_id, es_valido, created_at, updated_at) VALUES (50, 57, 26, true, '2018-12-28 01:05:08', '2018-12-28 01:05:08');
INSERT INTO public.recorrido_vuelos (id, recorrido_id, vuelo_id, es_valido, created_at, updated_at) VALUES (51, 80, 36, true, '2018-12-28 01:05:08', '2018-12-28 01:05:08');
INSERT INTO public.recorrido_vuelos (id, recorrido_id, vuelo_id, es_valido, created_at, updated_at) VALUES (52, 42, 11, true, '2018-12-28 01:05:08', '2018-12-28 01:05:08');
INSERT INTO public.recorrido_vuelos (id, recorrido_id, vuelo_id, es_valido, created_at, updated_at) VALUES (53, 64, 39, true, '2018-12-28 01:05:08', '2018-12-28 01:05:08');
INSERT INTO public.recorrido_vuelos (id, recorrido_id, vuelo_id, es_valido, created_at, updated_at) VALUES (54, 52, 25, true, '2018-12-28 01:05:08', '2018-12-28 01:05:08');
INSERT INTO public.recorrido_vuelos (id, recorrido_id, vuelo_id, es_valido, created_at, updated_at) VALUES (55, 7, 33, true, '2018-12-28 01:05:08', '2018-12-28 01:05:08');
INSERT INTO public.recorrido_vuelos (id, recorrido_id, vuelo_id, es_valido, created_at, updated_at) VALUES (56, 24, 12, true, '2018-12-28 01:05:08', '2018-12-28 01:05:08');
INSERT INTO public.recorrido_vuelos (id, recorrido_id, vuelo_id, es_valido, created_at, updated_at) VALUES (57, 13, 40, true, '2018-12-28 01:05:08', '2018-12-28 01:05:08');
INSERT INTO public.recorrido_vuelos (id, recorrido_id, vuelo_id, es_valido, created_at, updated_at) VALUES (58, 20, 10, true, '2018-12-28 01:05:08', '2018-12-28 01:05:08');
INSERT INTO public.recorrido_vuelos (id, recorrido_id, vuelo_id, es_valido, created_at, updated_at) VALUES (59, 85, 35, true, '2018-12-28 01:05:08', '2018-12-28 01:05:08');
INSERT INTO public.recorrido_vuelos (id, recorrido_id, vuelo_id, es_valido, created_at, updated_at) VALUES (60, 66, 10, true, '2018-12-28 01:05:08', '2018-12-28 01:05:08');
INSERT INTO public.recorrido_vuelos (id, recorrido_id, vuelo_id, es_valido, created_at, updated_at) VALUES (61, 67, 50, true, '2018-12-28 01:05:08', '2018-12-28 01:05:08');
INSERT INTO public.recorrido_vuelos (id, recorrido_id, vuelo_id, es_valido, created_at, updated_at) VALUES (62, 11, 15, true, '2018-12-28 01:05:08', '2018-12-28 01:05:08');
INSERT INTO public.recorrido_vuelos (id, recorrido_id, vuelo_id, es_valido, created_at, updated_at) VALUES (63, 91, 34, true, '2018-12-28 01:05:08', '2018-12-28 01:05:08');
INSERT INTO public.recorrido_vuelos (id, recorrido_id, vuelo_id, es_valido, created_at, updated_at) VALUES (64, 6, 3, true, '2018-12-28 01:05:08', '2018-12-28 01:05:08');
INSERT INTO public.recorrido_vuelos (id, recorrido_id, vuelo_id, es_valido, created_at, updated_at) VALUES (65, 97, 46, true, '2018-12-28 01:05:08', '2018-12-28 01:05:08');
INSERT INTO public.recorrido_vuelos (id, recorrido_id, vuelo_id, es_valido, created_at, updated_at) VALUES (66, 81, 15, true, '2018-12-28 01:05:08', '2018-12-28 01:05:08');
INSERT INTO public.recorrido_vuelos (id, recorrido_id, vuelo_id, es_valido, created_at, updated_at) VALUES (67, 20, 45, true, '2018-12-28 01:05:08', '2018-12-28 01:05:08');
INSERT INTO public.recorrido_vuelos (id, recorrido_id, vuelo_id, es_valido, created_at, updated_at) VALUES (68, 16, 22, true, '2018-12-28 01:05:08', '2018-12-28 01:05:08');
INSERT INTO public.recorrido_vuelos (id, recorrido_id, vuelo_id, es_valido, created_at, updated_at) VALUES (69, 95, 18, true, '2018-12-28 01:05:08', '2018-12-28 01:05:08');
INSERT INTO public.recorrido_vuelos (id, recorrido_id, vuelo_id, es_valido, created_at, updated_at) VALUES (70, 83, 49, true, '2018-12-28 01:05:08', '2018-12-28 01:05:08');
INSERT INTO public.recorrido_vuelos (id, recorrido_id, vuelo_id, es_valido, created_at, updated_at) VALUES (71, 70, 27, true, '2018-12-28 01:05:08', '2018-12-28 01:05:08');
INSERT INTO public.recorrido_vuelos (id, recorrido_id, vuelo_id, es_valido, created_at, updated_at) VALUES (72, 88, 10, true, '2018-12-28 01:05:08', '2018-12-28 01:05:08');
INSERT INTO public.recorrido_vuelos (id, recorrido_id, vuelo_id, es_valido, created_at, updated_at) VALUES (73, 64, 16, true, '2018-12-28 01:05:08', '2018-12-28 01:05:08');
INSERT INTO public.recorrido_vuelos (id, recorrido_id, vuelo_id, es_valido, created_at, updated_at) VALUES (74, 58, 30, true, '2018-12-28 01:05:08', '2018-12-28 01:05:08');
INSERT INTO public.recorrido_vuelos (id, recorrido_id, vuelo_id, es_valido, created_at, updated_at) VALUES (75, 79, 19, true, '2018-12-28 01:05:08', '2018-12-28 01:05:08');
INSERT INTO public.recorrido_vuelos (id, recorrido_id, vuelo_id, es_valido, created_at, updated_at) VALUES (76, 17, 40, true, '2018-12-28 01:05:08', '2018-12-28 01:05:08');
INSERT INTO public.recorrido_vuelos (id, recorrido_id, vuelo_id, es_valido, created_at, updated_at) VALUES (77, 35, 43, true, '2018-12-28 01:05:08', '2018-12-28 01:05:08');
INSERT INTO public.recorrido_vuelos (id, recorrido_id, vuelo_id, es_valido, created_at, updated_at) VALUES (78, 76, 9, true, '2018-12-28 01:05:08', '2018-12-28 01:05:08');
INSERT INTO public.recorrido_vuelos (id, recorrido_id, vuelo_id, es_valido, created_at, updated_at) VALUES (79, 74, 24, true, '2018-12-28 01:05:08', '2018-12-28 01:05:08');
INSERT INTO public.recorrido_vuelos (id, recorrido_id, vuelo_id, es_valido, created_at, updated_at) VALUES (80, 59, 49, true, '2018-12-28 01:05:08', '2018-12-28 01:05:08');
INSERT INTO public.recorrido_vuelos (id, recorrido_id, vuelo_id, es_valido, created_at, updated_at) VALUES (81, 19, 43, true, '2018-12-28 01:05:08', '2018-12-28 01:05:08');
INSERT INTO public.recorrido_vuelos (id, recorrido_id, vuelo_id, es_valido, created_at, updated_at) VALUES (82, 67, 4, true, '2018-12-28 01:05:08', '2018-12-28 01:05:08');
INSERT INTO public.recorrido_vuelos (id, recorrido_id, vuelo_id, es_valido, created_at, updated_at) VALUES (83, 72, 24, true, '2018-12-28 01:05:08', '2018-12-28 01:05:08');
INSERT INTO public.recorrido_vuelos (id, recorrido_id, vuelo_id, es_valido, created_at, updated_at) VALUES (84, 92, 32, true, '2018-12-28 01:05:08', '2018-12-28 01:05:08');
INSERT INTO public.recorrido_vuelos (id, recorrido_id, vuelo_id, es_valido, created_at, updated_at) VALUES (85, 52, 35, true, '2018-12-28 01:05:08', '2018-12-28 01:05:08');
INSERT INTO public.recorrido_vuelos (id, recorrido_id, vuelo_id, es_valido, created_at, updated_at) VALUES (86, 1, 13, true, '2018-12-28 01:05:08', '2018-12-28 01:05:08');
INSERT INTO public.recorrido_vuelos (id, recorrido_id, vuelo_id, es_valido, created_at, updated_at) VALUES (87, 20, 37, true, '2018-12-28 01:05:08', '2018-12-28 01:05:08');
INSERT INTO public.recorrido_vuelos (id, recorrido_id, vuelo_id, es_valido, created_at, updated_at) VALUES (88, 64, 30, true, '2018-12-28 01:05:08', '2018-12-28 01:05:08');
INSERT INTO public.recorrido_vuelos (id, recorrido_id, vuelo_id, es_valido, created_at, updated_at) VALUES (89, 23, 5, true, '2018-12-28 01:05:08', '2018-12-28 01:05:08');
INSERT INTO public.recorrido_vuelos (id, recorrido_id, vuelo_id, es_valido, created_at, updated_at) VALUES (90, 69, 40, true, '2018-12-28 01:05:08', '2018-12-28 01:05:08');
INSERT INTO public.recorrido_vuelos (id, recorrido_id, vuelo_id, es_valido, created_at, updated_at) VALUES (91, 35, 2, true, '2018-12-28 01:05:08', '2018-12-28 01:05:08');
INSERT INTO public.recorrido_vuelos (id, recorrido_id, vuelo_id, es_valido, created_at, updated_at) VALUES (92, 70, 48, true, '2018-12-28 01:05:08', '2018-12-28 01:05:08');
INSERT INTO public.recorrido_vuelos (id, recorrido_id, vuelo_id, es_valido, created_at, updated_at) VALUES (93, 54, 30, true, '2018-12-28 01:05:08', '2018-12-28 01:05:08');
INSERT INTO public.recorrido_vuelos (id, recorrido_id, vuelo_id, es_valido, created_at, updated_at) VALUES (94, 58, 8, true, '2018-12-28 01:05:08', '2018-12-28 01:05:08');
INSERT INTO public.recorrido_vuelos (id, recorrido_id, vuelo_id, es_valido, created_at, updated_at) VALUES (95, 59, 50, true, '2018-12-28 01:05:08', '2018-12-28 01:05:08');
INSERT INTO public.recorrido_vuelos (id, recorrido_id, vuelo_id, es_valido, created_at, updated_at) VALUES (96, 65, 8, true, '2018-12-28 01:05:08', '2018-12-28 01:05:08');
INSERT INTO public.recorrido_vuelos (id, recorrido_id, vuelo_id, es_valido, created_at, updated_at) VALUES (97, 66, 36, true, '2018-12-28 01:05:08', '2018-12-28 01:05:08');
INSERT INTO public.recorrido_vuelos (id, recorrido_id, vuelo_id, es_valido, created_at, updated_at) VALUES (98, 20, 12, true, '2018-12-28 01:05:08', '2018-12-28 01:05:08');
INSERT INTO public.recorrido_vuelos (id, recorrido_id, vuelo_id, es_valido, created_at, updated_at) VALUES (99, 87, 4, true, '2018-12-28 01:05:08', '2018-12-28 01:05:08');
INSERT INTO public.recorrido_vuelos (id, recorrido_id, vuelo_id, es_valido, created_at, updated_at) VALUES (100, 92, 12, true, '2018-12-28 01:05:08', '2018-12-28 01:05:08');
INSERT INTO public.recorrido_vuelos (id, recorrido_id, vuelo_id, es_valido, created_at, updated_at) VALUES (101, 98, 18, true, '2018-12-28 01:05:08', '2018-12-28 01:05:08');
INSERT INTO public.recorrido_vuelos (id, recorrido_id, vuelo_id, es_valido, created_at, updated_at) VALUES (102, 80, 49, true, '2018-12-28 01:05:08', '2018-12-28 01:05:08');
INSERT INTO public.recorrido_vuelos (id, recorrido_id, vuelo_id, es_valido, created_at, updated_at) VALUES (103, 21, 20, true, '2018-12-28 01:05:08', '2018-12-28 01:05:08');
INSERT INTO public.recorrido_vuelos (id, recorrido_id, vuelo_id, es_valido, created_at, updated_at) VALUES (104, 64, 21, true, '2018-12-28 01:05:08', '2018-12-28 01:05:08');
INSERT INTO public.recorrido_vuelos (id, recorrido_id, vuelo_id, es_valido, created_at, updated_at) VALUES (105, 19, 6, true, '2018-12-28 01:05:08', '2018-12-28 01:05:08');
INSERT INTO public.recorrido_vuelos (id, recorrido_id, vuelo_id, es_valido, created_at, updated_at) VALUES (106, 44, 38, true, '2018-12-28 01:05:08', '2018-12-28 01:05:08');
INSERT INTO public.recorrido_vuelos (id, recorrido_id, vuelo_id, es_valido, created_at, updated_at) VALUES (107, 84, 50, true, '2018-12-28 01:05:08', '2018-12-28 01:05:08');
INSERT INTO public.recorrido_vuelos (id, recorrido_id, vuelo_id, es_valido, created_at, updated_at) VALUES (108, 67, 3, true, '2018-12-28 01:05:08', '2018-12-28 01:05:08');
INSERT INTO public.recorrido_vuelos (id, recorrido_id, vuelo_id, es_valido, created_at, updated_at) VALUES (109, 34, 10, true, '2018-12-28 01:05:08', '2018-12-28 01:05:08');
INSERT INTO public.recorrido_vuelos (id, recorrido_id, vuelo_id, es_valido, created_at, updated_at) VALUES (110, 6, 18, true, '2018-12-28 01:05:08', '2018-12-28 01:05:08');
INSERT INTO public.recorrido_vuelos (id, recorrido_id, vuelo_id, es_valido, created_at, updated_at) VALUES (111, 70, 6, true, '2018-12-28 01:05:08', '2018-12-28 01:05:08');
INSERT INTO public.recorrido_vuelos (id, recorrido_id, vuelo_id, es_valido, created_at, updated_at) VALUES (112, 85, 28, true, '2018-12-28 01:05:08', '2018-12-28 01:05:08');
INSERT INTO public.recorrido_vuelos (id, recorrido_id, vuelo_id, es_valido, created_at, updated_at) VALUES (113, 100, 3, true, '2018-12-28 01:05:08', '2018-12-28 01:05:08');
INSERT INTO public.recorrido_vuelos (id, recorrido_id, vuelo_id, es_valido, created_at, updated_at) VALUES (114, 32, 13, true, '2018-12-28 01:05:08', '2018-12-28 01:05:08');
INSERT INTO public.recorrido_vuelos (id, recorrido_id, vuelo_id, es_valido, created_at, updated_at) VALUES (115, 83, 21, true, '2018-12-28 01:05:08', '2018-12-28 01:05:08');
INSERT INTO public.recorrido_vuelos (id, recorrido_id, vuelo_id, es_valido, created_at, updated_at) VALUES (116, 71, 18, true, '2018-12-28 01:05:08', '2018-12-28 01:05:08');
INSERT INTO public.recorrido_vuelos (id, recorrido_id, vuelo_id, es_valido, created_at, updated_at) VALUES (117, 14, 14, true, '2018-12-28 01:05:08', '2018-12-28 01:05:08');
INSERT INTO public.recorrido_vuelos (id, recorrido_id, vuelo_id, es_valido, created_at, updated_at) VALUES (118, 65, 4, true, '2018-12-28 01:05:08', '2018-12-28 01:05:08');
INSERT INTO public.recorrido_vuelos (id, recorrido_id, vuelo_id, es_valido, created_at, updated_at) VALUES (119, 4, 13, true, '2018-12-28 01:05:08', '2018-12-28 01:05:08');
INSERT INTO public.recorrido_vuelos (id, recorrido_id, vuelo_id, es_valido, created_at, updated_at) VALUES (120, 81, 30, true, '2018-12-28 01:05:08', '2018-12-28 01:05:08');
INSERT INTO public.recorrido_vuelos (id, recorrido_id, vuelo_id, es_valido, created_at, updated_at) VALUES (121, 51, 33, true, '2018-12-28 01:05:08', '2018-12-28 01:05:08');
INSERT INTO public.recorrido_vuelos (id, recorrido_id, vuelo_id, es_valido, created_at, updated_at) VALUES (122, 70, 36, true, '2018-12-28 01:05:08', '2018-12-28 01:05:08');
INSERT INTO public.recorrido_vuelos (id, recorrido_id, vuelo_id, es_valido, created_at, updated_at) VALUES (123, 8, 19, true, '2018-12-28 01:05:08', '2018-12-28 01:05:08');
INSERT INTO public.recorrido_vuelos (id, recorrido_id, vuelo_id, es_valido, created_at, updated_at) VALUES (124, 35, 1, true, '2018-12-28 01:05:08', '2018-12-28 01:05:08');
INSERT INTO public.recorrido_vuelos (id, recorrido_id, vuelo_id, es_valido, created_at, updated_at) VALUES (125, 74, 47, true, '2018-12-28 01:05:08', '2018-12-28 01:05:08');
INSERT INTO public.recorrido_vuelos (id, recorrido_id, vuelo_id, es_valido, created_at, updated_at) VALUES (126, 58, 32, true, '2018-12-28 01:05:08', '2018-12-28 01:05:08');
INSERT INTO public.recorrido_vuelos (id, recorrido_id, vuelo_id, es_valido, created_at, updated_at) VALUES (127, 74, 39, true, '2018-12-28 01:05:08', '2018-12-28 01:05:08');
INSERT INTO public.recorrido_vuelos (id, recorrido_id, vuelo_id, es_valido, created_at, updated_at) VALUES (128, 85, 11, true, '2018-12-28 01:05:08', '2018-12-28 01:05:08');
INSERT INTO public.recorrido_vuelos (id, recorrido_id, vuelo_id, es_valido, created_at, updated_at) VALUES (129, 89, 1, true, '2018-12-28 01:05:08', '2018-12-28 01:05:08');
INSERT INTO public.recorrido_vuelos (id, recorrido_id, vuelo_id, es_valido, created_at, updated_at) VALUES (130, 68, 27, true, '2018-12-28 01:05:08', '2018-12-28 01:05:08');
INSERT INTO public.recorrido_vuelos (id, recorrido_id, vuelo_id, es_valido, created_at, updated_at) VALUES (131, 53, 7, true, '2018-12-28 01:05:08', '2018-12-28 01:05:08');
INSERT INTO public.recorrido_vuelos (id, recorrido_id, vuelo_id, es_valido, created_at, updated_at) VALUES (132, 21, 45, true, '2018-12-28 01:05:08', '2018-12-28 01:05:08');
INSERT INTO public.recorrido_vuelos (id, recorrido_id, vuelo_id, es_valido, created_at, updated_at) VALUES (133, 25, 12, true, '2018-12-28 01:05:08', '2018-12-28 01:05:08');
INSERT INTO public.recorrido_vuelos (id, recorrido_id, vuelo_id, es_valido, created_at, updated_at) VALUES (134, 67, 38, true, '2018-12-28 01:05:08', '2018-12-28 01:05:08');
INSERT INTO public.recorrido_vuelos (id, recorrido_id, vuelo_id, es_valido, created_at, updated_at) VALUES (135, 27, 3, true, '2018-12-28 01:05:08', '2018-12-28 01:05:08');
INSERT INTO public.recorrido_vuelos (id, recorrido_id, vuelo_id, es_valido, created_at, updated_at) VALUES (136, 89, 33, true, '2018-12-28 01:05:08', '2018-12-28 01:05:08');
INSERT INTO public.recorrido_vuelos (id, recorrido_id, vuelo_id, es_valido, created_at, updated_at) VALUES (137, 75, 18, true, '2018-12-28 01:05:08', '2018-12-28 01:05:08');
INSERT INTO public.recorrido_vuelos (id, recorrido_id, vuelo_id, es_valido, created_at, updated_at) VALUES (138, 28, 40, true, '2018-12-28 01:05:08', '2018-12-28 01:05:08');
INSERT INTO public.recorrido_vuelos (id, recorrido_id, vuelo_id, es_valido, created_at, updated_at) VALUES (139, 1, 7, true, '2018-12-28 01:05:08', '2018-12-28 01:05:08');
INSERT INTO public.recorrido_vuelos (id, recorrido_id, vuelo_id, es_valido, created_at, updated_at) VALUES (140, 24, 42, true, '2018-12-28 01:05:08', '2018-12-28 01:05:08');
INSERT INTO public.recorrido_vuelos (id, recorrido_id, vuelo_id, es_valido, created_at, updated_at) VALUES (141, 62, 39, true, '2018-12-28 01:05:08', '2018-12-28 01:05:08');
INSERT INTO public.recorrido_vuelos (id, recorrido_id, vuelo_id, es_valido, created_at, updated_at) VALUES (142, 70, 48, true, '2018-12-28 01:05:08', '2018-12-28 01:05:08');
INSERT INTO public.recorrido_vuelos (id, recorrido_id, vuelo_id, es_valido, created_at, updated_at) VALUES (143, 71, 41, true, '2018-12-28 01:05:08', '2018-12-28 01:05:08');
INSERT INTO public.recorrido_vuelos (id, recorrido_id, vuelo_id, es_valido, created_at, updated_at) VALUES (144, 94, 31, true, '2018-12-28 01:05:08', '2018-12-28 01:05:08');
INSERT INTO public.recorrido_vuelos (id, recorrido_id, vuelo_id, es_valido, created_at, updated_at) VALUES (145, 72, 11, true, '2018-12-28 01:05:08', '2018-12-28 01:05:08');
INSERT INTO public.recorrido_vuelos (id, recorrido_id, vuelo_id, es_valido, created_at, updated_at) VALUES (146, 14, 38, true, '2018-12-28 01:05:08', '2018-12-28 01:05:08');
INSERT INTO public.recorrido_vuelos (id, recorrido_id, vuelo_id, es_valido, created_at, updated_at) VALUES (147, 14, 26, true, '2018-12-28 01:05:08', '2018-12-28 01:05:08');
INSERT INTO public.recorrido_vuelos (id, recorrido_id, vuelo_id, es_valido, created_at, updated_at) VALUES (148, 48, 5, true, '2018-12-28 01:05:08', '2018-12-28 01:05:08');
INSERT INTO public.recorrido_vuelos (id, recorrido_id, vuelo_id, es_valido, created_at, updated_at) VALUES (149, 52, 38, true, '2018-12-28 01:05:08', '2018-12-28 01:05:08');
INSERT INTO public.recorrido_vuelos (id, recorrido_id, vuelo_id, es_valido, created_at, updated_at) VALUES (150, 81, 6, true, '2018-12-28 01:05:08', '2018-12-28 01:05:08');
INSERT INTO public.recorrido_vuelos (id, recorrido_id, vuelo_id, es_valido, created_at, updated_at) VALUES (151, 13, 38, true, '2018-12-28 01:05:08', '2018-12-28 01:05:08');
INSERT INTO public.recorrido_vuelos (id, recorrido_id, vuelo_id, es_valido, created_at, updated_at) VALUES (152, 69, 10, true, '2018-12-28 01:05:08', '2018-12-28 01:05:08');
INSERT INTO public.recorrido_vuelos (id, recorrido_id, vuelo_id, es_valido, created_at, updated_at) VALUES (153, 74, 48, true, '2018-12-28 01:05:08', '2018-12-28 01:05:08');
INSERT INTO public.recorrido_vuelos (id, recorrido_id, vuelo_id, es_valido, created_at, updated_at) VALUES (154, 49, 48, true, '2018-12-28 01:05:08', '2018-12-28 01:05:08');
INSERT INTO public.recorrido_vuelos (id, recorrido_id, vuelo_id, es_valido, created_at, updated_at) VALUES (155, 89, 37, true, '2018-12-28 01:05:08', '2018-12-28 01:05:08');
INSERT INTO public.recorrido_vuelos (id, recorrido_id, vuelo_id, es_valido, created_at, updated_at) VALUES (156, 85, 22, true, '2018-12-28 01:05:08', '2018-12-28 01:05:08');
INSERT INTO public.recorrido_vuelos (id, recorrido_id, vuelo_id, es_valido, created_at, updated_at) VALUES (157, 33, 49, true, '2018-12-28 01:05:08', '2018-12-28 01:05:08');
INSERT INTO public.recorrido_vuelos (id, recorrido_id, vuelo_id, es_valido, created_at, updated_at) VALUES (158, 2, 18, true, '2018-12-28 01:05:08', '2018-12-28 01:05:08');
INSERT INTO public.recorrido_vuelos (id, recorrido_id, vuelo_id, es_valido, created_at, updated_at) VALUES (159, 29, 21, true, '2018-12-28 01:05:08', '2018-12-28 01:05:08');
INSERT INTO public.recorrido_vuelos (id, recorrido_id, vuelo_id, es_valido, created_at, updated_at) VALUES (160, 26, 40, true, '2018-12-28 01:05:08', '2018-12-28 01:05:08');
INSERT INTO public.recorrido_vuelos (id, recorrido_id, vuelo_id, es_valido, created_at, updated_at) VALUES (161, 33, 49, true, '2018-12-28 01:05:08', '2018-12-28 01:05:08');
INSERT INTO public.recorrido_vuelos (id, recorrido_id, vuelo_id, es_valido, created_at, updated_at) VALUES (162, 62, 48, true, '2018-12-28 01:05:08', '2018-12-28 01:05:08');
INSERT INTO public.recorrido_vuelos (id, recorrido_id, vuelo_id, es_valido, created_at, updated_at) VALUES (163, 18, 14, true, '2018-12-28 01:05:08', '2018-12-28 01:05:08');
INSERT INTO public.recorrido_vuelos (id, recorrido_id, vuelo_id, es_valido, created_at, updated_at) VALUES (164, 5, 39, true, '2018-12-28 01:05:08', '2018-12-28 01:05:08');
INSERT INTO public.recorrido_vuelos (id, recorrido_id, vuelo_id, es_valido, created_at, updated_at) VALUES (165, 43, 23, true, '2018-12-28 01:05:08', '2018-12-28 01:05:08');
INSERT INTO public.recorrido_vuelos (id, recorrido_id, vuelo_id, es_valido, created_at, updated_at) VALUES (166, 87, 8, true, '2018-12-28 01:05:08', '2018-12-28 01:05:08');
INSERT INTO public.recorrido_vuelos (id, recorrido_id, vuelo_id, es_valido, created_at, updated_at) VALUES (167, 92, 43, true, '2018-12-28 01:05:08', '2018-12-28 01:05:08');
INSERT INTO public.recorrido_vuelos (id, recorrido_id, vuelo_id, es_valido, created_at, updated_at) VALUES (168, 85, 18, true, '2018-12-28 01:05:08', '2018-12-28 01:05:08');
INSERT INTO public.recorrido_vuelos (id, recorrido_id, vuelo_id, es_valido, created_at, updated_at) VALUES (169, 48, 30, true, '2018-12-28 01:05:08', '2018-12-28 01:05:08');
INSERT INTO public.recorrido_vuelos (id, recorrido_id, vuelo_id, es_valido, created_at, updated_at) VALUES (170, 71, 47, true, '2018-12-28 01:05:08', '2018-12-28 01:05:08');
INSERT INTO public.recorrido_vuelos (id, recorrido_id, vuelo_id, es_valido, created_at, updated_at) VALUES (171, 86, 48, true, '2018-12-28 01:05:08', '2018-12-28 01:05:08');
INSERT INTO public.recorrido_vuelos (id, recorrido_id, vuelo_id, es_valido, created_at, updated_at) VALUES (172, 19, 21, true, '2018-12-28 01:05:08', '2018-12-28 01:05:08');
INSERT INTO public.recorrido_vuelos (id, recorrido_id, vuelo_id, es_valido, created_at, updated_at) VALUES (173, 25, 50, true, '2018-12-28 01:05:08', '2018-12-28 01:05:08');
INSERT INTO public.recorrido_vuelos (id, recorrido_id, vuelo_id, es_valido, created_at, updated_at) VALUES (174, 82, 38, true, '2018-12-28 01:05:08', '2018-12-28 01:05:08');
INSERT INTO public.recorrido_vuelos (id, recorrido_id, vuelo_id, es_valido, created_at, updated_at) VALUES (175, 29, 41, true, '2018-12-28 01:05:08', '2018-12-28 01:05:08');
INSERT INTO public.recorrido_vuelos (id, recorrido_id, vuelo_id, es_valido, created_at, updated_at) VALUES (176, 49, 45, true, '2018-12-28 01:05:08', '2018-12-28 01:05:08');
INSERT INTO public.recorrido_vuelos (id, recorrido_id, vuelo_id, es_valido, created_at, updated_at) VALUES (177, 100, 34, true, '2018-12-28 01:05:08', '2018-12-28 01:05:08');
INSERT INTO public.recorrido_vuelos (id, recorrido_id, vuelo_id, es_valido, created_at, updated_at) VALUES (178, 47, 43, true, '2018-12-28 01:05:08', '2018-12-28 01:05:08');
INSERT INTO public.recorrido_vuelos (id, recorrido_id, vuelo_id, es_valido, created_at, updated_at) VALUES (179, 67, 25, true, '2018-12-28 01:05:08', '2018-12-28 01:05:08');
INSERT INTO public.recorrido_vuelos (id, recorrido_id, vuelo_id, es_valido, created_at, updated_at) VALUES (180, 70, 13, true, '2018-12-28 01:05:08', '2018-12-28 01:05:08');
INSERT INTO public.recorrido_vuelos (id, recorrido_id, vuelo_id, es_valido, created_at, updated_at) VALUES (181, 3, 44, true, '2018-12-28 01:05:08', '2018-12-28 01:05:08');
INSERT INTO public.recorrido_vuelos (id, recorrido_id, vuelo_id, es_valido, created_at, updated_at) VALUES (182, 95, 49, true, '2018-12-28 01:05:08', '2018-12-28 01:05:08');
INSERT INTO public.recorrido_vuelos (id, recorrido_id, vuelo_id, es_valido, created_at, updated_at) VALUES (183, 56, 16, true, '2018-12-28 01:05:08', '2018-12-28 01:05:08');
INSERT INTO public.recorrido_vuelos (id, recorrido_id, vuelo_id, es_valido, created_at, updated_at) VALUES (184, 56, 13, true, '2018-12-28 01:05:08', '2018-12-28 01:05:08');
INSERT INTO public.recorrido_vuelos (id, recorrido_id, vuelo_id, es_valido, created_at, updated_at) VALUES (185, 93, 27, true, '2018-12-28 01:05:08', '2018-12-28 01:05:08');
INSERT INTO public.recorrido_vuelos (id, recorrido_id, vuelo_id, es_valido, created_at, updated_at) VALUES (186, 16, 49, true, '2018-12-28 01:05:08', '2018-12-28 01:05:08');
INSERT INTO public.recorrido_vuelos (id, recorrido_id, vuelo_id, es_valido, created_at, updated_at) VALUES (187, 30, 50, true, '2018-12-28 01:05:08', '2018-12-28 01:05:08');
INSERT INTO public.recorrido_vuelos (id, recorrido_id, vuelo_id, es_valido, created_at, updated_at) VALUES (188, 36, 45, true, '2018-12-28 01:05:08', '2018-12-28 01:05:08');
INSERT INTO public.recorrido_vuelos (id, recorrido_id, vuelo_id, es_valido, created_at, updated_at) VALUES (189, 65, 5, true, '2018-12-28 01:05:08', '2018-12-28 01:05:08');
INSERT INTO public.recorrido_vuelos (id, recorrido_id, vuelo_id, es_valido, created_at, updated_at) VALUES (190, 8, 6, true, '2018-12-28 01:05:08', '2018-12-28 01:05:08');
INSERT INTO public.recorrido_vuelos (id, recorrido_id, vuelo_id, es_valido, created_at, updated_at) VALUES (191, 85, 24, true, '2018-12-28 01:05:08', '2018-12-28 01:05:08');
INSERT INTO public.recorrido_vuelos (id, recorrido_id, vuelo_id, es_valido, created_at, updated_at) VALUES (192, 88, 20, true, '2018-12-28 01:05:08', '2018-12-28 01:05:08');
INSERT INTO public.recorrido_vuelos (id, recorrido_id, vuelo_id, es_valido, created_at, updated_at) VALUES (193, 96, 39, true, '2018-12-28 01:05:08', '2018-12-28 01:05:08');
INSERT INTO public.recorrido_vuelos (id, recorrido_id, vuelo_id, es_valido, created_at, updated_at) VALUES (194, 27, 7, true, '2018-12-28 01:05:08', '2018-12-28 01:05:08');
INSERT INTO public.recorrido_vuelos (id, recorrido_id, vuelo_id, es_valido, created_at, updated_at) VALUES (195, 21, 24, true, '2018-12-28 01:05:08', '2018-12-28 01:05:08');
INSERT INTO public.recorrido_vuelos (id, recorrido_id, vuelo_id, es_valido, created_at, updated_at) VALUES (196, 19, 25, true, '2018-12-28 01:05:08', '2018-12-28 01:05:08');
INSERT INTO public.recorrido_vuelos (id, recorrido_id, vuelo_id, es_valido, created_at, updated_at) VALUES (197, 70, 6, true, '2018-12-28 01:05:08', '2018-12-28 01:05:08');
INSERT INTO public.recorrido_vuelos (id, recorrido_id, vuelo_id, es_valido, created_at, updated_at) VALUES (198, 78, 23, true, '2018-12-28 01:05:08', '2018-12-28 01:05:08');
INSERT INTO public.recorrido_vuelos (id, recorrido_id, vuelo_id, es_valido, created_at, updated_at) VALUES (199, 18, 46, true, '2018-12-28 01:05:08', '2018-12-28 01:05:08');
INSERT INTO public.recorrido_vuelos (id, recorrido_id, vuelo_id, es_valido, created_at, updated_at) VALUES (200, 94, 33, true, '2018-12-28 01:05:08', '2018-12-28 01:05:08');INSERT INTO public.paquetes (id, recorrido_id, habitacion_id, vehiculo_id, descuento, tipo, cantidad_personas, fecha_expiracion, es_valido, created_at, updated_at) VALUES (1, 35, 26, 48, 21, 2, 2, '1973-11-08', true, '2018-12-28 01:05:08', '2018-12-28 01:05:08');
INSERT INTO public.paquetes (id, recorrido_id, habitacion_id, vehiculo_id, descuento, tipo, cantidad_personas, fecha_expiracion, es_valido, created_at, updated_at) VALUES (2, 75, 28, 45, 18, 1, 4, '1993-01-09', true, '2018-12-28 01:05:08', '2018-12-28 01:05:08');
INSERT INTO public.paquetes (id, recorrido_id, habitacion_id, vehiculo_id, descuento, tipo, cantidad_personas, fecha_expiracion, es_valido, created_at, updated_at) VALUES (3, 22, 24, 32, 2, 1, 2, '1979-10-21', true, '2018-12-28 01:05:08', '2018-12-28 01:05:08');
INSERT INTO public.paquetes (id, recorrido_id, habitacion_id, vehiculo_id, descuento, tipo, cantidad_personas, fecha_expiracion, es_valido, created_at, updated_at) VALUES (4, 73, 9, 24, 70, 3, 1, '1981-04-28', true, '2018-12-28 01:05:08', '2018-12-28 01:05:08');
INSERT INTO public.paquetes (id, recorrido_id, habitacion_id, vehiculo_id, descuento, tipo, cantidad_personas, fecha_expiracion, es_valido, created_at, updated_at) VALUES (5, 80, 4, 20, 94, 1, 3, '2012-06-24', true, '2018-12-28 01:05:08', '2018-12-28 01:05:08');
INSERT INTO public.paquetes (id, recorrido_id, habitacion_id, vehiculo_id, descuento, tipo, cantidad_personas, fecha_expiracion, es_valido, created_at, updated_at) VALUES (6, 95, 4, 44, 67, 2, 1, '1981-06-16', true, '2018-12-28 01:05:08', '2018-12-28 01:05:08');
INSERT INTO public.paquetes (id, recorrido_id, habitacion_id, vehiculo_id, descuento, tipo, cantidad_personas, fecha_expiracion, es_valido, created_at, updated_at) VALUES (7, 79, 9, 9, 10, 1, 4, '2017-03-17', true, '2018-12-28 01:05:08', '2018-12-28 01:05:08');
INSERT INTO public.paquetes (id, recorrido_id, habitacion_id, vehiculo_id, descuento, tipo, cantidad_personas, fecha_expiracion, es_valido, created_at, updated_at) VALUES (8, 30, 12, 21, 87, 1, 2, '1987-07-09', true, '2018-12-28 01:05:08', '2018-12-28 01:05:08');
INSERT INTO public.paquetes (id, recorrido_id, habitacion_id, vehiculo_id, descuento, tipo, cantidad_personas, fecha_expiracion, es_valido, created_at, updated_at) VALUES (9, 38, 17, 26, 25, 2, 1, '1998-05-31', true, '2018-12-28 01:05:08', '2018-12-28 01:05:08');
INSERT INTO public.paquetes (id, recorrido_id, habitacion_id, vehiculo_id, descuento, tipo, cantidad_personas, fecha_expiracion, es_valido, created_at, updated_at) VALUES (10, 42, 8, 4, 63, 2, 4, '1971-03-14', true, '2018-12-28 01:05:08', '2018-12-28 01:05:08');
INSERT INTO public.paquetes (id, recorrido_id, habitacion_id, vehiculo_id, descuento, tipo, cantidad_personas, fecha_expiracion, es_valido, created_at, updated_at) VALUES (11, 82, 26, 36, 84, 2, 4, '1976-12-09', true, '2018-12-28 01:05:08', '2018-12-28 01:05:08');
INSERT INTO public.paquetes (id, recorrido_id, habitacion_id, vehiculo_id, descuento, tipo, cantidad_personas, fecha_expiracion, es_valido, created_at, updated_at) VALUES (12, 89, 9, 4, 32, 1, 1, '1971-03-04', true, '2018-12-28 01:05:08', '2018-12-28 01:05:08');
INSERT INTO public.paquetes (id, recorrido_id, habitacion_id, vehiculo_id, descuento, tipo, cantidad_personas, fecha_expiracion, es_valido, created_at, updated_at) VALUES (13, 46, 30, 9, 51, 1, 3, '1992-04-20', true, '2018-12-28 01:05:08', '2018-12-28 01:05:08');
INSERT INTO public.paquetes (id, recorrido_id, habitacion_id, vehiculo_id, descuento, tipo, cantidad_personas, fecha_expiracion, es_valido, created_at, updated_at) VALUES (14, 28, 17, 38, 81, 1, 1, '2004-08-31', true, '2018-12-28 01:05:08', '2018-12-28 01:05:08');
INSERT INTO public.paquetes (id, recorrido_id, habitacion_id, vehiculo_id, descuento, tipo, cantidad_personas, fecha_expiracion, es_valido, created_at, updated_at) VALUES (15, 62, 30, 44, 45, 3, 1, '1990-08-20', true, '2018-12-28 01:05:08', '2018-12-28 01:05:08');
INSERT INTO public.paquetes (id, recorrido_id, habitacion_id, vehiculo_id, descuento, tipo, cantidad_personas, fecha_expiracion, es_valido, created_at, updated_at) VALUES (16, 92, 18, 48, 42, 3, 4, '1989-12-13', true, '2018-12-28 01:05:08', '2018-12-28 01:05:08');
INSERT INTO public.paquetes (id, recorrido_id, habitacion_id, vehiculo_id, descuento, tipo, cantidad_personas, fecha_expiracion, es_valido, created_at, updated_at) VALUES (17, 30, 27, 34, 93, 3, 4, '1990-08-13', true, '2018-12-28 01:05:08', '2018-12-28 01:05:08');
INSERT INTO public.paquetes (id, recorrido_id, habitacion_id, vehiculo_id, descuento, tipo, cantidad_personas, fecha_expiracion, es_valido, created_at, updated_at) VALUES (18, 25, 18, 47, 3, 2, 4, '1980-04-14', true, '2018-12-28 01:05:08', '2018-12-28 01:05:08');
INSERT INTO public.paquetes (id, recorrido_id, habitacion_id, vehiculo_id, descuento, tipo, cantidad_personas, fecha_expiracion, es_valido, created_at, updated_at) VALUES (19, 21, 26, 47, 55, 3, 1, '2004-03-24', true, '2018-12-28 01:05:08', '2018-12-28 01:05:08');
INSERT INTO public.paquetes (id, recorrido_id, habitacion_id, vehiculo_id, descuento, tipo, cantidad_personas, fecha_expiracion, es_valido, created_at, updated_at) VALUES (20, 54, 18, 41, 69, 3, 4, '1981-09-24', true, '2018-12-28 01:05:08', '2018-12-28 01:05:08');
INSERT INTO public.paquetes (id, recorrido_id, habitacion_id, vehiculo_id, descuento, tipo, cantidad_personas, fecha_expiracion, es_valido, created_at, updated_at) VALUES (21, 48, 27, 45, 86, 3, 4, '1981-01-15', true, '2018-12-28 01:05:08', '2018-12-28 01:05:08');
INSERT INTO public.paquetes (id, recorrido_id, habitacion_id, vehiculo_id, descuento, tipo, cantidad_personas, fecha_expiracion, es_valido, created_at, updated_at) VALUES (22, 59, 11, 29, 55, 1, 3, '1992-05-16', true, '2018-12-28 01:05:08', '2018-12-28 01:05:08');
INSERT INTO public.paquetes (id, recorrido_id, habitacion_id, vehiculo_id, descuento, tipo, cantidad_personas, fecha_expiracion, es_valido, created_at, updated_at) VALUES (23, 20, 8, 33, 3, 2, 2, '1993-03-06', true, '2018-12-28 01:05:08', '2018-12-28 01:05:08');
INSERT INTO public.paquetes (id, recorrido_id, habitacion_id, vehiculo_id, descuento, tipo, cantidad_personas, fecha_expiracion, es_valido, created_at, updated_at) VALUES (24, 68, 12, 6, 58, 2, 3, '1988-07-19', true, '2018-12-28 01:05:08', '2018-12-28 01:05:08');
INSERT INTO public.paquetes (id, recorrido_id, habitacion_id, vehiculo_id, descuento, tipo, cantidad_personas, fecha_expiracion, es_valido, created_at, updated_at) VALUES (25, 84, 17, 24, 67, 1, 3, '2009-09-07', true, '2018-12-28 01:05:08', '2018-12-28 01:05:08');
INSERT INTO public.paquetes (id, recorrido_id, habitacion_id, vehiculo_id, descuento, tipo, cantidad_personas, fecha_expiracion, es_valido, created_at, updated_at) VALUES (26, 42, 30, 44, 30, 1, 2, '2017-10-06', true, '2018-12-28 01:05:08', '2018-12-28 01:05:08');
INSERT INTO public.paquetes (id, recorrido_id, habitacion_id, vehiculo_id, descuento, tipo, cantidad_personas, fecha_expiracion, es_valido, created_at, updated_at) VALUES (27, 71, 23, 3, 55, 3, 2, '1982-12-18', true, '2018-12-28 01:05:08', '2018-12-28 01:05:08');
INSERT INTO public.paquetes (id, recorrido_id, habitacion_id, vehiculo_id, descuento, tipo, cantidad_personas, fecha_expiracion, es_valido, created_at, updated_at) VALUES (28, 89, 28, 25, 52, 2, 2, '2004-08-15', true, '2018-12-28 01:05:08', '2018-12-28 01:05:08');
INSERT INTO public.paquetes (id, recorrido_id, habitacion_id, vehiculo_id, descuento, tipo, cantidad_personas, fecha_expiracion, es_valido, created_at, updated_at) VALUES (29, 8, 26, 26, 88, 3, 3, '1983-12-10', true, '2018-12-28 01:05:08', '2018-12-28 01:05:08');
INSERT INTO public.paquetes (id, recorrido_id, habitacion_id, vehiculo_id, descuento, tipo, cantidad_personas, fecha_expiracion, es_valido, created_at, updated_at) VALUES (30, 14, 30, 24, 67, 2, 3, '2009-08-14', true, '2018-12-28 01:05:08', '2018-12-28 01:05:08');
INSERT INTO public.paquetes (id, recorrido_id, habitacion_id, vehiculo_id, descuento, tipo, cantidad_personas, fecha_expiracion, es_valido, created_at, updated_at) VALUES (31, 15, 14, 50, 66, 1, 1, '1986-04-14', true, '2018-12-28 01:05:08', '2018-12-28 01:05:08');
INSERT INTO public.paquetes (id, recorrido_id, habitacion_id, vehiculo_id, descuento, tipo, cantidad_personas, fecha_expiracion, es_valido, created_at, updated_at) VALUES (32, 32, 17, 15, 49, 1, 3, '2008-08-11', true, '2018-12-28 01:05:08', '2018-12-28 01:05:08');
INSERT INTO public.paquetes (id, recorrido_id, habitacion_id, vehiculo_id, descuento, tipo, cantidad_personas, fecha_expiracion, es_valido, created_at, updated_at) VALUES (33, 18, 27, 5, 96, 1, 2, '1978-09-24', true, '2018-12-28 01:05:08', '2018-12-28 01:05:08');
INSERT INTO public.paquetes (id, recorrido_id, habitacion_id, vehiculo_id, descuento, tipo, cantidad_personas, fecha_expiracion, es_valido, created_at, updated_at) VALUES (34, 61, 28, 40, 99, 3, 2, '1972-05-23', true, '2018-12-28 01:05:08', '2018-12-28 01:05:08');
INSERT INTO public.paquetes (id, recorrido_id, habitacion_id, vehiculo_id, descuento, tipo, cantidad_personas, fecha_expiracion, es_valido, created_at, updated_at) VALUES (35, 98, 10, 9, 54, 2, 3, '1988-09-07', true, '2018-12-28 01:05:08', '2018-12-28 01:05:08');
INSERT INTO public.paquetes (id, recorrido_id, habitacion_id, vehiculo_id, descuento, tipo, cantidad_personas, fecha_expiracion, es_valido, created_at, updated_at) VALUES (36, 99, 30, 8, 20, 3, 1, '1990-11-29', true, '2018-12-28 01:05:08', '2018-12-28 01:05:08');
INSERT INTO public.paquetes (id, recorrido_id, habitacion_id, vehiculo_id, descuento, tipo, cantidad_personas, fecha_expiracion, es_valido, created_at, updated_at) VALUES (37, 91, 23, 14, 79, 3, 4, '2009-01-01', true, '2018-12-28 01:05:08', '2018-12-28 01:05:08');
INSERT INTO public.paquetes (id, recorrido_id, habitacion_id, vehiculo_id, descuento, tipo, cantidad_personas, fecha_expiracion, es_valido, created_at, updated_at) VALUES (38, 18, 13, 7, 82, 1, 4, '1987-06-11', true, '2018-12-28 01:05:08', '2018-12-28 01:05:08');
INSERT INTO public.paquetes (id, recorrido_id, habitacion_id, vehiculo_id, descuento, tipo, cantidad_personas, fecha_expiracion, es_valido, created_at, updated_at) VALUES (39, 60, 1, 12, 72, 3, 1, '1994-02-22', true, '2018-12-28 01:05:08', '2018-12-28 01:05:08');
INSERT INTO public.paquetes (id, recorrido_id, habitacion_id, vehiculo_id, descuento, tipo, cantidad_personas, fecha_expiracion, es_valido, created_at, updated_at) VALUES (40, 87, 14, 4, 85, 2, 4, '1976-04-09', true, '2018-12-28 01:05:08', '2018-12-28 01:05:08');
INSERT INTO public.paquetes (id, recorrido_id, habitacion_id, vehiculo_id, descuento, tipo, cantidad_personas, fecha_expiracion, es_valido, created_at, updated_at) VALUES (41, 60, 25, 24, 82, 3, 2, '1974-05-25', true, '2018-12-28 01:05:08', '2018-12-28 01:05:08');
INSERT INTO public.paquetes (id, recorrido_id, habitacion_id, vehiculo_id, descuento, tipo, cantidad_personas, fecha_expiracion, es_valido, created_at, updated_at) VALUES (42, 53, 18, 42, 33, 1, 2, '2016-02-12', true, '2018-12-28 01:05:08', '2018-12-28 01:05:08');
INSERT INTO public.paquetes (id, recorrido_id, habitacion_id, vehiculo_id, descuento, tipo, cantidad_personas, fecha_expiracion, es_valido, created_at, updated_at) VALUES (43, 18, 15, 25, 95, 1, 2, '2005-12-31', true, '2018-12-28 01:05:08', '2018-12-28 01:05:08');
INSERT INTO public.paquetes (id, recorrido_id, habitacion_id, vehiculo_id, descuento, tipo, cantidad_personas, fecha_expiracion, es_valido, created_at, updated_at) VALUES (44, 44, 9, 2, 15, 1, 3, '2003-06-07', true, '2018-12-28 01:05:08', '2018-12-28 01:05:08');
INSERT INTO public.paquetes (id, recorrido_id, habitacion_id, vehiculo_id, descuento, tipo, cantidad_personas, fecha_expiracion, es_valido, created_at, updated_at) VALUES (45, 39, 9, 35, 24, 1, 4, '1989-03-07', true, '2018-12-28 01:05:08', '2018-12-28 01:05:08');
INSERT INTO public.paquetes (id, recorrido_id, habitacion_id, vehiculo_id, descuento, tipo, cantidad_personas, fecha_expiracion, es_valido, created_at, updated_at) VALUES (46, 4, 10, 9, 15, 3, 2, '1972-08-12', true, '2018-12-28 01:05:08', '2018-12-28 01:05:08');
INSERT INTO public.paquetes (id, recorrido_id, habitacion_id, vehiculo_id, descuento, tipo, cantidad_personas, fecha_expiracion, es_valido, created_at, updated_at) VALUES (47, 85, 7, 29, 37, 1, 1, '1992-10-25', true, '2018-12-28 01:05:08', '2018-12-28 01:05:08');
INSERT INTO public.paquetes (id, recorrido_id, habitacion_id, vehiculo_id, descuento, tipo, cantidad_personas, fecha_expiracion, es_valido, created_at, updated_at) VALUES (48, 40, 28, 37, 80, 2, 1, '1987-03-14', true, '2018-12-28 01:05:08', '2018-12-28 01:05:08');
INSERT INTO public.paquetes (id, recorrido_id, habitacion_id, vehiculo_id, descuento, tipo, cantidad_personas, fecha_expiracion, es_valido, created_at, updated_at) VALUES (49, 8, 15, 7, 18, 2, 1, '2002-06-29', true, '2018-12-28 01:05:08', '2018-12-28 01:05:08');
INSERT INTO public.paquetes (id, recorrido_id, habitacion_id, vehiculo_id, descuento, tipo, cantidad_personas, fecha_expiracion, es_valido, created_at, updated_at) VALUES (50, 1, 8, 3, 56, 1, 3, '2001-10-08', true, '2018-12-28 01:05:08', '2018-12-28 01:05:08');INSERT INTO public.reservas (id, costo, seguro, es_valido, created_at, updated_at) VALUES (1, 1121, true, true, '2018-12-28 01:05:08', '2018-12-28 01:05:08');
INSERT INTO public.reservas (id, costo, seguro, es_valido, created_at, updated_at) VALUES (2, 7388, true, true, '2018-12-28 01:05:08', '2018-12-28 01:05:08');
INSERT INTO public.reservas (id, costo, seguro, es_valido, created_at, updated_at) VALUES (3, 2682, true, true, '2018-12-28 01:05:08', '2018-12-28 01:05:08');
INSERT INTO public.reservas (id, costo, seguro, es_valido, created_at, updated_at) VALUES (4, 169, true, true, '2018-12-28 01:05:08', '2018-12-28 01:05:08');
INSERT INTO public.reservas (id, costo, seguro, es_valido, created_at, updated_at) VALUES (5, 3248, true, true, '2018-12-28 01:05:08', '2018-12-28 01:05:08');
INSERT INTO public.reservas (id, costo, seguro, es_valido, created_at, updated_at) VALUES (6, 5971, true, true, '2018-12-28 01:05:08', '2018-12-28 01:05:08');
INSERT INTO public.reservas (id, costo, seguro, es_valido, created_at, updated_at) VALUES (7, 9895, true, true, '2018-12-28 01:05:08', '2018-12-28 01:05:08');
INSERT INTO public.reservas (id, costo, seguro, es_valido, created_at, updated_at) VALUES (8, 746, true, true, '2018-12-28 01:05:08', '2018-12-28 01:05:08');
INSERT INTO public.reservas (id, costo, seguro, es_valido, created_at, updated_at) VALUES (9, 4113, true, true, '2018-12-28 01:05:08', '2018-12-28 01:05:08');
INSERT INTO public.reservas (id, costo, seguro, es_valido, created_at, updated_at) VALUES (10, 3932, true, true, '2018-12-28 01:05:08', '2018-12-28 01:05:08');
INSERT INTO public.reservas (id, costo, seguro, es_valido, created_at, updated_at) VALUES (11, 6923, true, true, '2018-12-28 01:05:08', '2018-12-28 01:05:08');
INSERT INTO public.reservas (id, costo, seguro, es_valido, created_at, updated_at) VALUES (12, 7685, true, true, '2018-12-28 01:05:08', '2018-12-28 01:05:08');
INSERT INTO public.reservas (id, costo, seguro, es_valido, created_at, updated_at) VALUES (13, 6309, true, true, '2018-12-28 01:05:08', '2018-12-28 01:05:08');
INSERT INTO public.reservas (id, costo, seguro, es_valido, created_at, updated_at) VALUES (14, 9639, true, true, '2018-12-28 01:05:08', '2018-12-28 01:05:08');
INSERT INTO public.reservas (id, costo, seguro, es_valido, created_at, updated_at) VALUES (15, 6633, true, true, '2018-12-28 01:05:08', '2018-12-28 01:05:08');
INSERT INTO public.reservas (id, costo, seguro, es_valido, created_at, updated_at) VALUES (16, 5359, true, true, '2018-12-28 01:05:08', '2018-12-28 01:05:08');
INSERT INTO public.reservas (id, costo, seguro, es_valido, created_at, updated_at) VALUES (17, 6408, true, true, '2018-12-28 01:05:08', '2018-12-28 01:05:08');
INSERT INTO public.reservas (id, costo, seguro, es_valido, created_at, updated_at) VALUES (18, 5791, true, true, '2018-12-28 01:05:08', '2018-12-28 01:05:08');
INSERT INTO public.reservas (id, costo, seguro, es_valido, created_at, updated_at) VALUES (19, 1745, true, true, '2018-12-28 01:05:08', '2018-12-28 01:05:08');
INSERT INTO public.reservas (id, costo, seguro, es_valido, created_at, updated_at) VALUES (20, 7774, true, true, '2018-12-28 01:05:08', '2018-12-28 01:05:08');
INSERT INTO public.reservas (id, costo, seguro, es_valido, created_at, updated_at) VALUES (21, 558, true, true, '2018-12-28 01:05:08', '2018-12-28 01:05:08');
INSERT INTO public.reservas (id, costo, seguro, es_valido, created_at, updated_at) VALUES (22, 8603, true, true, '2018-12-28 01:05:08', '2018-12-28 01:05:08');
INSERT INTO public.reservas (id, costo, seguro, es_valido, created_at, updated_at) VALUES (23, 5844, true, true, '2018-12-28 01:05:08', '2018-12-28 01:05:08');
INSERT INTO public.reservas (id, costo, seguro, es_valido, created_at, updated_at) VALUES (24, 7276, true, true, '2018-12-28 01:05:08', '2018-12-28 01:05:08');
INSERT INTO public.reservas (id, costo, seguro, es_valido, created_at, updated_at) VALUES (25, 4347, true, true, '2018-12-28 01:05:08', '2018-12-28 01:05:08');
INSERT INTO public.reservas (id, costo, seguro, es_valido, created_at, updated_at) VALUES (26, 2490, true, true, '2018-12-28 01:05:08', '2018-12-28 01:05:08');
INSERT INTO public.reservas (id, costo, seguro, es_valido, created_at, updated_at) VALUES (27, 3575, true, true, '2018-12-28 01:05:08', '2018-12-28 01:05:08');
INSERT INTO public.reservas (id, costo, seguro, es_valido, created_at, updated_at) VALUES (28, 8987, true, true, '2018-12-28 01:05:08', '2018-12-28 01:05:08');
INSERT INTO public.reservas (id, costo, seguro, es_valido, created_at, updated_at) VALUES (29, 3347, true, true, '2018-12-28 01:05:08', '2018-12-28 01:05:08');
INSERT INTO public.reservas (id, costo, seguro, es_valido, created_at, updated_at) VALUES (30, 7470, true, true, '2018-12-28 01:05:08', '2018-12-28 01:05:08');
INSERT INTO public.reservas (id, costo, seguro, es_valido, created_at, updated_at) VALUES (31, 8677, true, true, '2018-12-28 01:05:08', '2018-12-28 01:05:08');
INSERT INTO public.reservas (id, costo, seguro, es_valido, created_at, updated_at) VALUES (32, 5320, true, true, '2018-12-28 01:05:08', '2018-12-28 01:05:08');
INSERT INTO public.reservas (id, costo, seguro, es_valido, created_at, updated_at) VALUES (33, 9677, true, true, '2018-12-28 01:05:08', '2018-12-28 01:05:08');
INSERT INTO public.reservas (id, costo, seguro, es_valido, created_at, updated_at) VALUES (34, 7349, true, true, '2018-12-28 01:05:08', '2018-12-28 01:05:08');
INSERT INTO public.reservas (id, costo, seguro, es_valido, created_at, updated_at) VALUES (35, 3764, true, true, '2018-12-28 01:05:08', '2018-12-28 01:05:08');
INSERT INTO public.reservas (id, costo, seguro, es_valido, created_at, updated_at) VALUES (36, 4191, true, true, '2018-12-28 01:05:08', '2018-12-28 01:05:08');
INSERT INTO public.reservas (id, costo, seguro, es_valido, created_at, updated_at) VALUES (37, 7068, true, true, '2018-12-28 01:05:08', '2018-12-28 01:05:08');
INSERT INTO public.reservas (id, costo, seguro, es_valido, created_at, updated_at) VALUES (38, 1772, true, true, '2018-12-28 01:05:08', '2018-12-28 01:05:08');
INSERT INTO public.reservas (id, costo, seguro, es_valido, created_at, updated_at) VALUES (39, 8443, true, true, '2018-12-28 01:05:08', '2018-12-28 01:05:08');
INSERT INTO public.reservas (id, costo, seguro, es_valido, created_at, updated_at) VALUES (40, 9252, true, true, '2018-12-28 01:05:08', '2018-12-28 01:05:08');
INSERT INTO public.reservas (id, costo, seguro, es_valido, created_at, updated_at) VALUES (41, 4845, true, true, '2018-12-28 01:05:08', '2018-12-28 01:05:08');
INSERT INTO public.reservas (id, costo, seguro, es_valido, created_at, updated_at) VALUES (42, 8020, true, true, '2018-12-28 01:05:08', '2018-12-28 01:05:08');
INSERT INTO public.reservas (id, costo, seguro, es_valido, created_at, updated_at) VALUES (43, 438, true, true, '2018-12-28 01:05:08', '2018-12-28 01:05:08');
INSERT INTO public.reservas (id, costo, seguro, es_valido, created_at, updated_at) VALUES (44, 8427, true, true, '2018-12-28 01:05:08', '2018-12-28 01:05:08');
INSERT INTO public.reservas (id, costo, seguro, es_valido, created_at, updated_at) VALUES (45, 7274, true, true, '2018-12-28 01:05:08', '2018-12-28 01:05:08');
INSERT INTO public.reservas (id, costo, seguro, es_valido, created_at, updated_at) VALUES (46, 4631, true, true, '2018-12-28 01:05:08', '2018-12-28 01:05:08');
INSERT INTO public.reservas (id, costo, seguro, es_valido, created_at, updated_at) VALUES (47, 5512, true, true, '2018-12-28 01:05:08', '2018-12-28 01:05:08');
INSERT INTO public.reservas (id, costo, seguro, es_valido, created_at, updated_at) VALUES (48, 9222, true, true, '2018-12-28 01:05:08', '2018-12-28 01:05:08');
INSERT INTO public.reservas (id, costo, seguro, es_valido, created_at, updated_at) VALUES (49, 7156, true, true, '2018-12-28 01:05:08', '2018-12-28 01:05:08');
INSERT INTO public.reservas (id, costo, seguro, es_valido, created_at, updated_at) VALUES (50, 7495, true, true, '2018-12-28 01:05:08', '2018-12-28 01:05:08');
INSERT INTO public.reservas (id, costo, seguro, es_valido, created_at, updated_at) VALUES (51, 4190, true, true, '2018-12-28 01:05:08', '2018-12-28 01:05:08');
INSERT INTO public.reservas (id, costo, seguro, es_valido, created_at, updated_at) VALUES (52, 9438, true, true, '2018-12-28 01:05:08', '2018-12-28 01:05:08');
INSERT INTO public.reservas (id, costo, seguro, es_valido, created_at, updated_at) VALUES (53, 1482, true, true, '2018-12-28 01:05:08', '2018-12-28 01:05:08');
INSERT INTO public.reservas (id, costo, seguro, es_valido, created_at, updated_at) VALUES (54, 1595, true, true, '2018-12-28 01:05:08', '2018-12-28 01:05:08');
INSERT INTO public.reservas (id, costo, seguro, es_valido, created_at, updated_at) VALUES (55, 7614, true, true, '2018-12-28 01:05:08', '2018-12-28 01:05:08');
INSERT INTO public.reservas (id, costo, seguro, es_valido, created_at, updated_at) VALUES (56, 1131, true, true, '2018-12-28 01:05:08', '2018-12-28 01:05:08');
INSERT INTO public.reservas (id, costo, seguro, es_valido, created_at, updated_at) VALUES (57, 9715, true, true, '2018-12-28 01:05:08', '2018-12-28 01:05:08');
INSERT INTO public.reservas (id, costo, seguro, es_valido, created_at, updated_at) VALUES (58, 5926, true, true, '2018-12-28 01:05:08', '2018-12-28 01:05:08');
INSERT INTO public.reservas (id, costo, seguro, es_valido, created_at, updated_at) VALUES (59, 5170, true, true, '2018-12-28 01:05:08', '2018-12-28 01:05:08');
INSERT INTO public.reservas (id, costo, seguro, es_valido, created_at, updated_at) VALUES (60, 2749, true, true, '2018-12-28 01:05:08', '2018-12-28 01:05:08');
INSERT INTO public.reservas (id, costo, seguro, es_valido, created_at, updated_at) VALUES (61, 7967, true, true, '2018-12-28 01:05:08', '2018-12-28 01:05:08');
INSERT INTO public.reservas (id, costo, seguro, es_valido, created_at, updated_at) VALUES (62, 710, true, true, '2018-12-28 01:05:08', '2018-12-28 01:05:08');
INSERT INTO public.reservas (id, costo, seguro, es_valido, created_at, updated_at) VALUES (63, 6310, true, true, '2018-12-28 01:05:08', '2018-12-28 01:05:08');
INSERT INTO public.reservas (id, costo, seguro, es_valido, created_at, updated_at) VALUES (64, 9901, true, true, '2018-12-28 01:05:08', '2018-12-28 01:05:08');
INSERT INTO public.reservas (id, costo, seguro, es_valido, created_at, updated_at) VALUES (65, 1081, true, true, '2018-12-28 01:05:08', '2018-12-28 01:05:08');
INSERT INTO public.reservas (id, costo, seguro, es_valido, created_at, updated_at) VALUES (66, 9161, true, true, '2018-12-28 01:05:08', '2018-12-28 01:05:08');
INSERT INTO public.reservas (id, costo, seguro, es_valido, created_at, updated_at) VALUES (67, 1255, true, true, '2018-12-28 01:05:08', '2018-12-28 01:05:08');
INSERT INTO public.reservas (id, costo, seguro, es_valido, created_at, updated_at) VALUES (68, 1184, true, true, '2018-12-28 01:05:08', '2018-12-28 01:05:08');
INSERT INTO public.reservas (id, costo, seguro, es_valido, created_at, updated_at) VALUES (69, 9388, true, true, '2018-12-28 01:05:08', '2018-12-28 01:05:08');
INSERT INTO public.reservas (id, costo, seguro, es_valido, created_at, updated_at) VALUES (70, 3423, true, true, '2018-12-28 01:05:08', '2018-12-28 01:05:08');
INSERT INTO public.reservas (id, costo, seguro, es_valido, created_at, updated_at) VALUES (71, 5482, true, true, '2018-12-28 01:05:08', '2018-12-28 01:05:08');
INSERT INTO public.reservas (id, costo, seguro, es_valido, created_at, updated_at) VALUES (72, 9306, true, true, '2018-12-28 01:05:08', '2018-12-28 01:05:08');
INSERT INTO public.reservas (id, costo, seguro, es_valido, created_at, updated_at) VALUES (73, 2331, true, true, '2018-12-28 01:05:08', '2018-12-28 01:05:08');
INSERT INTO public.reservas (id, costo, seguro, es_valido, created_at, updated_at) VALUES (74, 2630, true, true, '2018-12-28 01:05:08', '2018-12-28 01:05:08');
INSERT INTO public.reservas (id, costo, seguro, es_valido, created_at, updated_at) VALUES (75, 1758, true, true, '2018-12-28 01:05:08', '2018-12-28 01:05:08');
INSERT INTO public.reservas (id, costo, seguro, es_valido, created_at, updated_at) VALUES (76, 4126, true, true, '2018-12-28 01:05:08', '2018-12-28 01:05:08');
INSERT INTO public.reservas (id, costo, seguro, es_valido, created_at, updated_at) VALUES (77, 4872, true, true, '2018-12-28 01:05:08', '2018-12-28 01:05:08');
INSERT INTO public.reservas (id, costo, seguro, es_valido, created_at, updated_at) VALUES (78, 6486, true, true, '2018-12-28 01:05:08', '2018-12-28 01:05:08');
INSERT INTO public.reservas (id, costo, seguro, es_valido, created_at, updated_at) VALUES (79, 4591, true, true, '2018-12-28 01:05:08', '2018-12-28 01:05:08');
INSERT INTO public.reservas (id, costo, seguro, es_valido, created_at, updated_at) VALUES (80, 6233, true, true, '2018-12-28 01:05:08', '2018-12-28 01:05:08');
INSERT INTO public.reservas (id, costo, seguro, es_valido, created_at, updated_at) VALUES (81, 9154, true, true, '2018-12-28 01:05:08', '2018-12-28 01:05:08');
INSERT INTO public.reservas (id, costo, seguro, es_valido, created_at, updated_at) VALUES (82, 9367, true, true, '2018-12-28 01:05:08', '2018-12-28 01:05:08');
INSERT INTO public.reservas (id, costo, seguro, es_valido, created_at, updated_at) VALUES (83, 6563, true, true, '2018-12-28 01:05:08', '2018-12-28 01:05:08');
INSERT INTO public.reservas (id, costo, seguro, es_valido, created_at, updated_at) VALUES (84, 7535, true, true, '2018-12-28 01:05:08', '2018-12-28 01:05:08');
INSERT INTO public.reservas (id, costo, seguro, es_valido, created_at, updated_at) VALUES (85, 958, true, true, '2018-12-28 01:05:08', '2018-12-28 01:05:08');
INSERT INTO public.reservas (id, costo, seguro, es_valido, created_at, updated_at) VALUES (86, 4575, true, true, '2018-12-28 01:05:08', '2018-12-28 01:05:08');
INSERT INTO public.reservas (id, costo, seguro, es_valido, created_at, updated_at) VALUES (87, 2453, true, true, '2018-12-28 01:05:08', '2018-12-28 01:05:08');
INSERT INTO public.reservas (id, costo, seguro, es_valido, created_at, updated_at) VALUES (88, 5818, true, true, '2018-12-28 01:05:08', '2018-12-28 01:05:08');
INSERT INTO public.reservas (id, costo, seguro, es_valido, created_at, updated_at) VALUES (89, 8962, true, true, '2018-12-28 01:05:08', '2018-12-28 01:05:08');
INSERT INTO public.reservas (id, costo, seguro, es_valido, created_at, updated_at) VALUES (90, 1159, true, true, '2018-12-28 01:05:08', '2018-12-28 01:05:08');
INSERT INTO public.reservas (id, costo, seguro, es_valido, created_at, updated_at) VALUES (91, 6445, true, true, '2018-12-28 01:05:08', '2018-12-28 01:05:08');
INSERT INTO public.reservas (id, costo, seguro, es_valido, created_at, updated_at) VALUES (92, 6796, true, true, '2018-12-28 01:05:08', '2018-12-28 01:05:08');
INSERT INTO public.reservas (id, costo, seguro, es_valido, created_at, updated_at) VALUES (93, 9270, true, true, '2018-12-28 01:05:08', '2018-12-28 01:05:08');
INSERT INTO public.reservas (id, costo, seguro, es_valido, created_at, updated_at) VALUES (94, 4054, true, true, '2018-12-28 01:05:08', '2018-12-28 01:05:08');
INSERT INTO public.reservas (id, costo, seguro, es_valido, created_at, updated_at) VALUES (95, 6531, true, true, '2018-12-28 01:05:08', '2018-12-28 01:05:08');
INSERT INTO public.reservas (id, costo, seguro, es_valido, created_at, updated_at) VALUES (96, 5528, true, true, '2018-12-28 01:05:08', '2018-12-28 01:05:08');
INSERT INTO public.reservas (id, costo, seguro, es_valido, created_at, updated_at) VALUES (97, 1152, true, true, '2018-12-28 01:05:08', '2018-12-28 01:05:08');
INSERT INTO public.reservas (id, costo, seguro, es_valido, created_at, updated_at) VALUES (98, 3792, true, true, '2018-12-28 01:05:08', '2018-12-28 01:05:08');
INSERT INTO public.reservas (id, costo, seguro, es_valido, created_at, updated_at) VALUES (99, 152, true, true, '2018-12-28 01:05:08', '2018-12-28 01:05:08');
INSERT INTO public.reservas (id, costo, seguro, es_valido, created_at, updated_at) VALUES (100, 2523, true, true, '2018-12-28 01:05:08', '2018-12-28 01:05:08');INSERT INTO public.reserva_vehiculos (id, vehiculo_id, reserva_id, precio, fecha_inicio, fecha_termino, es_valido, created_at, updated_at) VALUES (1, 9, 36, 4103, '1988-02-03 14:55:38', '1976-05-19 16:47:41', true, '2018-12-28 01:05:08', '2018-12-28 01:05:08');
INSERT INTO public.reserva_vehiculos (id, vehiculo_id, reserva_id, precio, fecha_inicio, fecha_termino, es_valido, created_at, updated_at) VALUES (2, 32, 90, 4440, '2012-06-15 16:56:06', '2014-05-18 17:13:22', true, '2018-12-28 01:05:08', '2018-12-28 01:05:08');
INSERT INTO public.reserva_vehiculos (id, vehiculo_id, reserva_id, precio, fecha_inicio, fecha_termino, es_valido, created_at, updated_at) VALUES (3, 43, 52, 6810, '2009-05-09 18:02:07', '2013-05-14 09:39:41', true, '2018-12-28 01:05:08', '2018-12-28 01:05:08');
INSERT INTO public.reserva_vehiculos (id, vehiculo_id, reserva_id, precio, fecha_inicio, fecha_termino, es_valido, created_at, updated_at) VALUES (4, 26, 57, 4814, '1994-10-27 04:04:42', '2009-04-23 04:33:34', true, '2018-12-28 01:05:08', '2018-12-28 01:05:08');
INSERT INTO public.reserva_vehiculos (id, vehiculo_id, reserva_id, precio, fecha_inicio, fecha_termino, es_valido, created_at, updated_at) VALUES (5, 2, 4, 9979, '1986-09-14 12:54:20', '2003-01-01 23:49:53', true, '2018-12-28 01:05:08', '2018-12-28 01:05:08');
INSERT INTO public.reserva_vehiculos (id, vehiculo_id, reserva_id, precio, fecha_inicio, fecha_termino, es_valido, created_at, updated_at) VALUES (6, 3, 80, 4550, '2000-04-13 22:00:15', '1979-08-08 19:13:50', true, '2018-12-28 01:05:08', '2018-12-28 01:05:08');
INSERT INTO public.reserva_vehiculos (id, vehiculo_id, reserva_id, precio, fecha_inicio, fecha_termino, es_valido, created_at, updated_at) VALUES (7, 40, 53, 9900, '1973-03-19 00:44:52', '2016-02-24 03:43:09', true, '2018-12-28 01:05:08', '2018-12-28 01:05:08');
INSERT INTO public.reserva_vehiculos (id, vehiculo_id, reserva_id, precio, fecha_inicio, fecha_termino, es_valido, created_at, updated_at) VALUES (8, 1, 60, 465, '1989-11-11 04:18:08', '1991-12-13 02:55:55', true, '2018-12-28 01:05:08', '2018-12-28 01:05:08');
INSERT INTO public.reserva_vehiculos (id, vehiculo_id, reserva_id, precio, fecha_inicio, fecha_termino, es_valido, created_at, updated_at) VALUES (9, 17, 18, 3007, '1970-11-07 06:40:45', '1978-07-15 15:25:39', true, '2018-12-28 01:05:08', '2018-12-28 01:05:08');
INSERT INTO public.reserva_vehiculos (id, vehiculo_id, reserva_id, precio, fecha_inicio, fecha_termino, es_valido, created_at, updated_at) VALUES (10, 44, 16, 1033, '1983-11-29 04:20:30', '1995-06-12 21:06:02', true, '2018-12-28 01:05:08', '2018-12-28 01:05:08');
INSERT INTO public.reserva_vehiculos (id, vehiculo_id, reserva_id, precio, fecha_inicio, fecha_termino, es_valido, created_at, updated_at) VALUES (11, 41, 92, 9472, '1991-12-28 20:46:12', '1991-01-29 05:53:35', true, '2018-12-28 01:05:08', '2018-12-28 01:05:08');
INSERT INTO public.reserva_vehiculos (id, vehiculo_id, reserva_id, precio, fecha_inicio, fecha_termino, es_valido, created_at, updated_at) VALUES (12, 3, 32, 9925, '1990-09-20 05:17:14', '1986-02-04 05:54:42', true, '2018-12-28 01:05:08', '2018-12-28 01:05:08');
INSERT INTO public.reserva_vehiculos (id, vehiculo_id, reserva_id, precio, fecha_inicio, fecha_termino, es_valido, created_at, updated_at) VALUES (13, 39, 60, 6867, '2011-10-20 12:45:59', '1978-08-23 07:37:18', true, '2018-12-28 01:05:08', '2018-12-28 01:05:08');
INSERT INTO public.reserva_vehiculos (id, vehiculo_id, reserva_id, precio, fecha_inicio, fecha_termino, es_valido, created_at, updated_at) VALUES (14, 33, 8, 7613, '1993-10-24 21:24:48', '2005-11-16 14:56:19', true, '2018-12-28 01:05:08', '2018-12-28 01:05:08');
INSERT INTO public.reserva_vehiculos (id, vehiculo_id, reserva_id, precio, fecha_inicio, fecha_termino, es_valido, created_at, updated_at) VALUES (15, 25, 8, 3954, '1970-11-17 17:23:27', '2006-03-15 16:17:31', true, '2018-12-28 01:05:08', '2018-12-28 01:05:08');
INSERT INTO public.reserva_vehiculos (id, vehiculo_id, reserva_id, precio, fecha_inicio, fecha_termino, es_valido, created_at, updated_at) VALUES (16, 46, 32, 3112, '1981-06-30 17:38:19', '2010-03-21 17:40:01', true, '2018-12-28 01:05:08', '2018-12-28 01:05:08');
INSERT INTO public.reserva_vehiculos (id, vehiculo_id, reserva_id, precio, fecha_inicio, fecha_termino, es_valido, created_at, updated_at) VALUES (17, 7, 50, 6674, '1982-06-03 20:08:44', '1976-12-03 12:38:17', true, '2018-12-28 01:05:08', '2018-12-28 01:05:08');
INSERT INTO public.reserva_vehiculos (id, vehiculo_id, reserva_id, precio, fecha_inicio, fecha_termino, es_valido, created_at, updated_at) VALUES (18, 16, 18, 7782, '2011-09-12 00:33:28', '2012-10-06 22:59:49', true, '2018-12-28 01:05:08', '2018-12-28 01:05:08');
INSERT INTO public.reserva_vehiculos (id, vehiculo_id, reserva_id, precio, fecha_inicio, fecha_termino, es_valido, created_at, updated_at) VALUES (19, 23, 77, 2471, '1974-08-14 02:53:25', '2013-05-24 15:52:53', true, '2018-12-28 01:05:08', '2018-12-28 01:05:08');
INSERT INTO public.reserva_vehiculos (id, vehiculo_id, reserva_id, precio, fecha_inicio, fecha_termino, es_valido, created_at, updated_at) VALUES (20, 3, 26, 1039, '2005-03-08 04:28:25', '1976-02-25 18:46:36', true, '2018-12-28 01:05:08', '2018-12-28 01:05:08');
INSERT INTO public.reserva_vehiculos (id, vehiculo_id, reserva_id, precio, fecha_inicio, fecha_termino, es_valido, created_at, updated_at) VALUES (21, 8, 25, 1900, '1981-10-13 15:39:47', '1995-11-24 19:13:45', true, '2018-12-28 01:05:08', '2018-12-28 01:05:08');
INSERT INTO public.reserva_vehiculos (id, vehiculo_id, reserva_id, precio, fecha_inicio, fecha_termino, es_valido, created_at, updated_at) VALUES (22, 32, 65, 9177, '1974-05-19 21:30:48', '2017-02-05 13:13:46', true, '2018-12-28 01:05:08', '2018-12-28 01:05:08');
INSERT INTO public.reserva_vehiculos (id, vehiculo_id, reserva_id, precio, fecha_inicio, fecha_termino, es_valido, created_at, updated_at) VALUES (23, 32, 10, 6913, '1999-12-16 21:57:18', '1981-01-14 12:38:56', true, '2018-12-28 01:05:08', '2018-12-28 01:05:08');
INSERT INTO public.reserva_vehiculos (id, vehiculo_id, reserva_id, precio, fecha_inicio, fecha_termino, es_valido, created_at, updated_at) VALUES (24, 38, 3, 2822, '1970-03-10 15:26:01', '1999-02-28 21:52:13', true, '2018-12-28 01:05:08', '2018-12-28 01:05:08');
INSERT INTO public.reserva_vehiculos (id, vehiculo_id, reserva_id, precio, fecha_inicio, fecha_termino, es_valido, created_at, updated_at) VALUES (25, 18, 67, 5964, '1976-11-25 05:55:55', '1978-08-18 12:19:42', true, '2018-12-28 01:05:08', '2018-12-28 01:05:08');
INSERT INTO public.reserva_vehiculos (id, vehiculo_id, reserva_id, precio, fecha_inicio, fecha_termino, es_valido, created_at, updated_at) VALUES (26, 22, 51, 5454, '1992-03-06 23:55:38', '1997-08-13 02:49:57', true, '2018-12-28 01:05:08', '2018-12-28 01:05:08');
INSERT INTO public.reserva_vehiculos (id, vehiculo_id, reserva_id, precio, fecha_inicio, fecha_termino, es_valido, created_at, updated_at) VALUES (27, 14, 43, 8232, '1998-12-20 02:43:52', '1974-04-23 09:28:57', true, '2018-12-28 01:05:08', '2018-12-28 01:05:08');
INSERT INTO public.reserva_vehiculos (id, vehiculo_id, reserva_id, precio, fecha_inicio, fecha_termino, es_valido, created_at, updated_at) VALUES (28, 22, 27, 2644, '1984-08-11 05:05:28', '2013-10-29 09:32:14', true, '2018-12-28 01:05:08', '2018-12-28 01:05:08');
INSERT INTO public.reserva_vehiculos (id, vehiculo_id, reserva_id, precio, fecha_inicio, fecha_termino, es_valido, created_at, updated_at) VALUES (29, 34, 29, 3480, '1994-03-17 03:44:42', '1991-06-29 02:16:05', true, '2018-12-28 01:05:08', '2018-12-28 01:05:08');
INSERT INTO public.reserva_vehiculos (id, vehiculo_id, reserva_id, precio, fecha_inicio, fecha_termino, es_valido, created_at, updated_at) VALUES (30, 20, 72, 3826, '2005-11-22 08:22:46', '2012-09-01 17:32:32', true, '2018-12-28 01:05:08', '2018-12-28 01:05:08');
INSERT INTO public.reserva_vehiculos (id, vehiculo_id, reserva_id, precio, fecha_inicio, fecha_termino, es_valido, created_at, updated_at) VALUES (31, 11, 77, 8690, '1978-02-22 00:07:21', '2000-10-10 09:02:19', true, '2018-12-28 01:05:08', '2018-12-28 01:05:08');
INSERT INTO public.reserva_vehiculos (id, vehiculo_id, reserva_id, precio, fecha_inicio, fecha_termino, es_valido, created_at, updated_at) VALUES (32, 31, 46, 3932, '2016-09-16 09:48:57', '1982-08-02 02:44:26', true, '2018-12-28 01:05:08', '2018-12-28 01:05:08');
INSERT INTO public.reserva_vehiculos (id, vehiculo_id, reserva_id, precio, fecha_inicio, fecha_termino, es_valido, created_at, updated_at) VALUES (33, 50, 84, 3657, '1991-04-18 23:02:19', '1989-01-17 21:12:24', true, '2018-12-28 01:05:08', '2018-12-28 01:05:08');
INSERT INTO public.reserva_vehiculos (id, vehiculo_id, reserva_id, precio, fecha_inicio, fecha_termino, es_valido, created_at, updated_at) VALUES (34, 32, 9, 1621, '2010-02-25 00:37:54', '2010-03-12 05:10:16', true, '2018-12-28 01:05:08', '2018-12-28 01:05:08');
INSERT INTO public.reserva_vehiculos (id, vehiculo_id, reserva_id, precio, fecha_inicio, fecha_termino, es_valido, created_at, updated_at) VALUES (35, 49, 100, 6617, '1975-06-15 05:28:33', '2009-10-02 22:04:09', true, '2018-12-28 01:05:08', '2018-12-28 01:05:08');
INSERT INTO public.reserva_vehiculos (id, vehiculo_id, reserva_id, precio, fecha_inicio, fecha_termino, es_valido, created_at, updated_at) VALUES (36, 48, 13, 7531, '1971-04-01 20:40:45', '1995-11-20 09:32:33', true, '2018-12-28 01:05:08', '2018-12-28 01:05:08');
INSERT INTO public.reserva_vehiculos (id, vehiculo_id, reserva_id, precio, fecha_inicio, fecha_termino, es_valido, created_at, updated_at) VALUES (37, 37, 29, 8331, '1977-04-04 02:24:58', '2006-04-24 04:15:13', true, '2018-12-28 01:05:08', '2018-12-28 01:05:08');
INSERT INTO public.reserva_vehiculos (id, vehiculo_id, reserva_id, precio, fecha_inicio, fecha_termino, es_valido, created_at, updated_at) VALUES (38, 16, 49, 3519, '1978-03-23 21:25:23', '1983-05-01 08:03:08', true, '2018-12-28 01:05:08', '2018-12-28 01:05:08');
INSERT INTO public.reserva_vehiculos (id, vehiculo_id, reserva_id, precio, fecha_inicio, fecha_termino, es_valido, created_at, updated_at) VALUES (39, 21, 12, 9259, '2007-03-11 05:28:25', '2006-06-27 01:46:59', true, '2018-12-28 01:05:08', '2018-12-28 01:05:08');
INSERT INTO public.reserva_vehiculos (id, vehiculo_id, reserva_id, precio, fecha_inicio, fecha_termino, es_valido, created_at, updated_at) VALUES (40, 44, 38, 6239, '1978-12-14 17:51:40', '2001-03-09 06:23:06', true, '2018-12-28 01:05:08', '2018-12-28 01:05:08');
INSERT INTO public.reserva_vehiculos (id, vehiculo_id, reserva_id, precio, fecha_inicio, fecha_termino, es_valido, created_at, updated_at) VALUES (41, 15, 95, 9069, '2006-01-02 19:06:28', '2006-09-17 13:34:48', true, '2018-12-28 01:05:08', '2018-12-28 01:05:08');
INSERT INTO public.reserva_vehiculos (id, vehiculo_id, reserva_id, precio, fecha_inicio, fecha_termino, es_valido, created_at, updated_at) VALUES (42, 37, 42, 3521, '1992-12-02 07:34:07', '1984-12-04 19:40:11', true, '2018-12-28 01:05:08', '2018-12-28 01:05:08');
INSERT INTO public.reserva_vehiculos (id, vehiculo_id, reserva_id, precio, fecha_inicio, fecha_termino, es_valido, created_at, updated_at) VALUES (43, 10, 85, 6391, '1989-11-25 01:31:10', '1981-09-08 10:57:39', true, '2018-12-28 01:05:08', '2018-12-28 01:05:08');
INSERT INTO public.reserva_vehiculos (id, vehiculo_id, reserva_id, precio, fecha_inicio, fecha_termino, es_valido, created_at, updated_at) VALUES (44, 11, 57, 2811, '2016-01-13 12:55:55', '1982-07-06 22:56:48', true, '2018-12-28 01:05:08', '2018-12-28 01:05:08');
INSERT INTO public.reserva_vehiculos (id, vehiculo_id, reserva_id, precio, fecha_inicio, fecha_termino, es_valido, created_at, updated_at) VALUES (45, 33, 75, 4779, '2016-12-27 19:40:56', '1975-08-26 22:43:05', true, '2018-12-28 01:05:08', '2018-12-28 01:05:08');
INSERT INTO public.reserva_vehiculos (id, vehiculo_id, reserva_id, precio, fecha_inicio, fecha_termino, es_valido, created_at, updated_at) VALUES (46, 11, 47, 5115, '1983-02-24 02:05:22', '2009-07-24 18:43:21', true, '2018-12-28 01:05:08', '2018-12-28 01:05:08');
INSERT INTO public.reserva_vehiculos (id, vehiculo_id, reserva_id, precio, fecha_inicio, fecha_termino, es_valido, created_at, updated_at) VALUES (47, 17, 3, 282, '1990-01-19 10:24:01', '2006-03-26 18:09:14', true, '2018-12-28 01:05:08', '2018-12-28 01:05:08');
INSERT INTO public.reserva_vehiculos (id, vehiculo_id, reserva_id, precio, fecha_inicio, fecha_termino, es_valido, created_at, updated_at) VALUES (48, 14, 72, 8081, '1997-04-13 17:54:44', '2000-03-06 06:22:10', true, '2018-12-28 01:05:08', '2018-12-28 01:05:08');
INSERT INTO public.reserva_vehiculos (id, vehiculo_id, reserva_id, precio, fecha_inicio, fecha_termino, es_valido, created_at, updated_at) VALUES (49, 48, 90, 1090, '1975-09-25 15:42:21', '2017-09-30 11:30:46', true, '2018-12-28 01:05:08', '2018-12-28 01:05:08');
INSERT INTO public.reserva_vehiculos (id, vehiculo_id, reserva_id, precio, fecha_inicio, fecha_termino, es_valido, created_at, updated_at) VALUES (50, 35, 80, 5863, '2005-07-08 00:30:53', '2004-12-30 20:05:21', true, '2018-12-28 01:05:08', '2018-12-28 01:05:08');INSERT INTO public.recorrido_reservas (id, recorrido_id, reserva_id, costo_economico, costo_bussiness, es_valido, created_at, updated_at) VALUES (1, 90, 54, 365, 1777, true, '2018-12-28 01:05:08', '2018-12-28 01:05:08');
INSERT INTO public.recorrido_reservas (id, recorrido_id, reserva_id, costo_economico, costo_bussiness, es_valido, created_at, updated_at) VALUES (2, 33, 68, 7250, 3798, true, '2018-12-28 01:05:08', '2018-12-28 01:05:08');
INSERT INTO public.recorrido_reservas (id, recorrido_id, reserva_id, costo_economico, costo_bussiness, es_valido, created_at, updated_at) VALUES (3, 8, 93, 9312, 4776, true, '2018-12-28 01:05:08', '2018-12-28 01:05:08');
INSERT INTO public.recorrido_reservas (id, recorrido_id, reserva_id, costo_economico, costo_bussiness, es_valido, created_at, updated_at) VALUES (4, 13, 29, 6939, 390, true, '2018-12-28 01:05:08', '2018-12-28 01:05:08');
INSERT INTO public.recorrido_reservas (id, recorrido_id, reserva_id, costo_economico, costo_bussiness, es_valido, created_at, updated_at) VALUES (5, 76, 100, 7939, 7193, true, '2018-12-28 01:05:08', '2018-12-28 01:05:08');
INSERT INTO public.recorrido_reservas (id, recorrido_id, reserva_id, costo_economico, costo_bussiness, es_valido, created_at, updated_at) VALUES (6, 69, 25, 7258, 2706, true, '2018-12-28 01:05:08', '2018-12-28 01:05:08');
INSERT INTO public.recorrido_reservas (id, recorrido_id, reserva_id, costo_economico, costo_bussiness, es_valido, created_at, updated_at) VALUES (7, 19, 47, 2051, 110, true, '2018-12-28 01:05:08', '2018-12-28 01:05:08');
INSERT INTO public.recorrido_reservas (id, recorrido_id, reserva_id, costo_economico, costo_bussiness, es_valido, created_at, updated_at) VALUES (8, 82, 18, 8468, 6219, true, '2018-12-28 01:05:08', '2018-12-28 01:05:08');
INSERT INTO public.recorrido_reservas (id, recorrido_id, reserva_id, costo_economico, costo_bussiness, es_valido, created_at, updated_at) VALUES (9, 67, 8, 5421, 7686, true, '2018-12-28 01:05:08', '2018-12-28 01:05:08');
INSERT INTO public.recorrido_reservas (id, recorrido_id, reserva_id, costo_economico, costo_bussiness, es_valido, created_at, updated_at) VALUES (10, 31, 36, 7456, 7835, true, '2018-12-28 01:05:08', '2018-12-28 01:05:08');
INSERT INTO public.recorrido_reservas (id, recorrido_id, reserva_id, costo_economico, costo_bussiness, es_valido, created_at, updated_at) VALUES (11, 17, 30, 3586, 6751, true, '2018-12-28 01:05:08', '2018-12-28 01:05:08');
INSERT INTO public.recorrido_reservas (id, recorrido_id, reserva_id, costo_economico, costo_bussiness, es_valido, created_at, updated_at) VALUES (12, 9, 23, 3233, 3505, true, '2018-12-28 01:05:08', '2018-12-28 01:05:08');
INSERT INTO public.recorrido_reservas (id, recorrido_id, reserva_id, costo_economico, costo_bussiness, es_valido, created_at, updated_at) VALUES (13, 61, 66, 3565, 9071, true, '2018-12-28 01:05:08', '2018-12-28 01:05:08');
INSERT INTO public.recorrido_reservas (id, recorrido_id, reserva_id, costo_economico, costo_bussiness, es_valido, created_at, updated_at) VALUES (14, 91, 14, 1936, 2391, true, '2018-12-28 01:05:08', '2018-12-28 01:05:08');
INSERT INTO public.recorrido_reservas (id, recorrido_id, reserva_id, costo_economico, costo_bussiness, es_valido, created_at, updated_at) VALUES (15, 68, 15, 4813, 7588, true, '2018-12-28 01:05:08', '2018-12-28 01:05:08');
INSERT INTO public.recorrido_reservas (id, recorrido_id, reserva_id, costo_economico, costo_bussiness, es_valido, created_at, updated_at) VALUES (16, 17, 76, 2192, 1440, true, '2018-12-28 01:05:08', '2018-12-28 01:05:08');
INSERT INTO public.recorrido_reservas (id, recorrido_id, reserva_id, costo_economico, costo_bussiness, es_valido, created_at, updated_at) VALUES (17, 10, 2, 4112, 4916, true, '2018-12-28 01:05:08', '2018-12-28 01:05:08');
INSERT INTO public.recorrido_reservas (id, recorrido_id, reserva_id, costo_economico, costo_bussiness, es_valido, created_at, updated_at) VALUES (18, 71, 73, 9597, 8708, true, '2018-12-28 01:05:08', '2018-12-28 01:05:08');
INSERT INTO public.recorrido_reservas (id, recorrido_id, reserva_id, costo_economico, costo_bussiness, es_valido, created_at, updated_at) VALUES (19, 35, 29, 266, 4963, true, '2018-12-28 01:05:08', '2018-12-28 01:05:08');
INSERT INTO public.recorrido_reservas (id, recorrido_id, reserva_id, costo_economico, costo_bussiness, es_valido, created_at, updated_at) VALUES (20, 82, 83, 5030, 4978, true, '2018-12-28 01:05:08', '2018-12-28 01:05:08');
INSERT INTO public.recorrido_reservas (id, recorrido_id, reserva_id, costo_economico, costo_bussiness, es_valido, created_at, updated_at) VALUES (21, 78, 30, 7612, 8589, true, '2018-12-28 01:05:08', '2018-12-28 01:05:08');
INSERT INTO public.recorrido_reservas (id, recorrido_id, reserva_id, costo_economico, costo_bussiness, es_valido, created_at, updated_at) VALUES (22, 7, 82, 6527, 1850, true, '2018-12-28 01:05:08', '2018-12-28 01:05:08');
INSERT INTO public.recorrido_reservas (id, recorrido_id, reserva_id, costo_economico, costo_bussiness, es_valido, created_at, updated_at) VALUES (23, 99, 87, 6976, 1322, true, '2018-12-28 01:05:08', '2018-12-28 01:05:08');
INSERT INTO public.recorrido_reservas (id, recorrido_id, reserva_id, costo_economico, costo_bussiness, es_valido, created_at, updated_at) VALUES (24, 37, 33, 1150, 9990, true, '2018-12-28 01:05:08', '2018-12-28 01:05:08');
INSERT INTO public.recorrido_reservas (id, recorrido_id, reserva_id, costo_economico, costo_bussiness, es_valido, created_at, updated_at) VALUES (25, 9, 30, 4804, 7623, true, '2018-12-28 01:05:08', '2018-12-28 01:05:08');
INSERT INTO public.recorrido_reservas (id, recorrido_id, reserva_id, costo_economico, costo_bussiness, es_valido, created_at, updated_at) VALUES (26, 82, 71, 9856, 1879, true, '2018-12-28 01:05:08', '2018-12-28 01:05:08');
INSERT INTO public.recorrido_reservas (id, recorrido_id, reserva_id, costo_economico, costo_bussiness, es_valido, created_at, updated_at) VALUES (27, 25, 38, 3635, 5260, true, '2018-12-28 01:05:08', '2018-12-28 01:05:08');
INSERT INTO public.recorrido_reservas (id, recorrido_id, reserva_id, costo_economico, costo_bussiness, es_valido, created_at, updated_at) VALUES (28, 41, 62, 6553, 7473, true, '2018-12-28 01:05:08', '2018-12-28 01:05:08');
INSERT INTO public.recorrido_reservas (id, recorrido_id, reserva_id, costo_economico, costo_bussiness, es_valido, created_at, updated_at) VALUES (29, 48, 56, 2257, 7761, true, '2018-12-28 01:05:08', '2018-12-28 01:05:08');
INSERT INTO public.recorrido_reservas (id, recorrido_id, reserva_id, costo_economico, costo_bussiness, es_valido, created_at, updated_at) VALUES (30, 25, 60, 5375, 3663, true, '2018-12-28 01:05:08', '2018-12-28 01:05:08');
INSERT INTO public.recorrido_reservas (id, recorrido_id, reserva_id, costo_economico, costo_bussiness, es_valido, created_at, updated_at) VALUES (31, 82, 52, 9471, 3726, true, '2018-12-28 01:05:08', '2018-12-28 01:05:08');
INSERT INTO public.recorrido_reservas (id, recorrido_id, reserva_id, costo_economico, costo_bussiness, es_valido, created_at, updated_at) VALUES (32, 89, 3, 1058, 812, true, '2018-12-28 01:05:08', '2018-12-28 01:05:08');
INSERT INTO public.recorrido_reservas (id, recorrido_id, reserva_id, costo_economico, costo_bussiness, es_valido, created_at, updated_at) VALUES (33, 8, 31, 6314, 7174, true, '2018-12-28 01:05:08', '2018-12-28 01:05:08');
INSERT INTO public.recorrido_reservas (id, recorrido_id, reserva_id, costo_economico, costo_bussiness, es_valido, created_at, updated_at) VALUES (34, 98, 52, 2971, 9634, true, '2018-12-28 01:05:08', '2018-12-28 01:05:08');
INSERT INTO public.recorrido_reservas (id, recorrido_id, reserva_id, costo_economico, costo_bussiness, es_valido, created_at, updated_at) VALUES (35, 96, 42, 7173, 5190, true, '2018-12-28 01:05:08', '2018-12-28 01:05:08');
INSERT INTO public.recorrido_reservas (id, recorrido_id, reserva_id, costo_economico, costo_bussiness, es_valido, created_at, updated_at) VALUES (36, 94, 84, 6986, 9921, true, '2018-12-28 01:05:08', '2018-12-28 01:05:08');
INSERT INTO public.recorrido_reservas (id, recorrido_id, reserva_id, costo_economico, costo_bussiness, es_valido, created_at, updated_at) VALUES (37, 23, 66, 4941, 1503, true, '2018-12-28 01:05:08', '2018-12-28 01:05:08');
INSERT INTO public.recorrido_reservas (id, recorrido_id, reserva_id, costo_economico, costo_bussiness, es_valido, created_at, updated_at) VALUES (38, 11, 55, 6086, 2677, true, '2018-12-28 01:05:08', '2018-12-28 01:05:08');
INSERT INTO public.recorrido_reservas (id, recorrido_id, reserva_id, costo_economico, costo_bussiness, es_valido, created_at, updated_at) VALUES (39, 34, 67, 6094, 6370, true, '2018-12-28 01:05:08', '2018-12-28 01:05:08');
INSERT INTO public.recorrido_reservas (id, recorrido_id, reserva_id, costo_economico, costo_bussiness, es_valido, created_at, updated_at) VALUES (40, 83, 82, 3087, 6045, true, '2018-12-28 01:05:08', '2018-12-28 01:05:08');
INSERT INTO public.recorrido_reservas (id, recorrido_id, reserva_id, costo_economico, costo_bussiness, es_valido, created_at, updated_at) VALUES (41, 6, 10, 3668, 233, true, '2018-12-28 01:05:08', '2018-12-28 01:05:08');
INSERT INTO public.recorrido_reservas (id, recorrido_id, reserva_id, costo_economico, costo_bussiness, es_valido, created_at, updated_at) VALUES (42, 66, 24, 2603, 5984, true, '2018-12-28 01:05:08', '2018-12-28 01:05:08');
INSERT INTO public.recorrido_reservas (id, recorrido_id, reserva_id, costo_economico, costo_bussiness, es_valido, created_at, updated_at) VALUES (43, 66, 33, 2769, 7165, true, '2018-12-28 01:05:08', '2018-12-28 01:05:08');
INSERT INTO public.recorrido_reservas (id, recorrido_id, reserva_id, costo_economico, costo_bussiness, es_valido, created_at, updated_at) VALUES (44, 19, 85, 4739, 3260, true, '2018-12-28 01:05:08', '2018-12-28 01:05:08');
INSERT INTO public.recorrido_reservas (id, recorrido_id, reserva_id, costo_economico, costo_bussiness, es_valido, created_at, updated_at) VALUES (45, 82, 2, 6781, 438, true, '2018-12-28 01:05:08', '2018-12-28 01:05:08');
INSERT INTO public.recorrido_reservas (id, recorrido_id, reserva_id, costo_economico, costo_bussiness, es_valido, created_at, updated_at) VALUES (46, 79, 18, 5613, 2173, true, '2018-12-28 01:05:08', '2018-12-28 01:05:08');
INSERT INTO public.recorrido_reservas (id, recorrido_id, reserva_id, costo_economico, costo_bussiness, es_valido, created_at, updated_at) VALUES (47, 97, 32, 6382, 8884, true, '2018-12-28 01:05:08', '2018-12-28 01:05:08');
INSERT INTO public.recorrido_reservas (id, recorrido_id, reserva_id, costo_economico, costo_bussiness, es_valido, created_at, updated_at) VALUES (48, 83, 49, 8073, 9348, true, '2018-12-28 01:05:08', '2018-12-28 01:05:08');
INSERT INTO public.recorrido_reservas (id, recorrido_id, reserva_id, costo_economico, costo_bussiness, es_valido, created_at, updated_at) VALUES (49, 13, 61, 2044, 361, true, '2018-12-28 01:05:08', '2018-12-28 01:05:08');
INSERT INTO public.recorrido_reservas (id, recorrido_id, reserva_id, costo_economico, costo_bussiness, es_valido, created_at, updated_at) VALUES (50, 21, 99, 4223, 5111, true, '2018-12-28 01:05:08', '2018-12-28 01:05:08');INSERT INTO public.habitacion_reservas (id, habitacion_id, reserva_id, precio, fecha_inicio, fecha_termino, es_valido, created_at, updated_at) VALUES (1, 11, 66, 5159, '1987-10-22 05:40:36', '1989-05-03 15:24:32', true, '2018-12-28 01:05:08', '2018-12-28 01:05:08');
INSERT INTO public.habitacion_reservas (id, habitacion_id, reserva_id, precio, fecha_inicio, fecha_termino, es_valido, created_at, updated_at) VALUES (2, 18, 6, 7238, '1999-09-23 02:54:10', '1977-08-23 01:32:20', true, '2018-12-28 01:05:08', '2018-12-28 01:05:08');
INSERT INTO public.habitacion_reservas (id, habitacion_id, reserva_id, precio, fecha_inicio, fecha_termino, es_valido, created_at, updated_at) VALUES (3, 18, 62, 5145, '2009-09-30 07:00:27', '2014-07-17 01:37:51', true, '2018-12-28 01:05:08', '2018-12-28 01:05:08');
INSERT INTO public.habitacion_reservas (id, habitacion_id, reserva_id, precio, fecha_inicio, fecha_termino, es_valido, created_at, updated_at) VALUES (4, 18, 36, 3356, '2018-03-14 09:47:31', '1999-01-11 17:07:20', true, '2018-12-28 01:05:08', '2018-12-28 01:05:08');
INSERT INTO public.habitacion_reservas (id, habitacion_id, reserva_id, precio, fecha_inicio, fecha_termino, es_valido, created_at, updated_at) VALUES (5, 6, 54, 5522, '1975-07-05 03:25:38', '1979-08-08 02:58:11', true, '2018-12-28 01:05:08', '2018-12-28 01:05:08');
INSERT INTO public.habitacion_reservas (id, habitacion_id, reserva_id, precio, fecha_inicio, fecha_termino, es_valido, created_at, updated_at) VALUES (6, 6, 65, 3439, '2001-06-07 11:58:44', '1973-05-19 06:13:50', true, '2018-12-28 01:05:08', '2018-12-28 01:05:08');
INSERT INTO public.habitacion_reservas (id, habitacion_id, reserva_id, precio, fecha_inicio, fecha_termino, es_valido, created_at, updated_at) VALUES (7, 2, 77, 1076, '1985-06-23 22:20:54', '1983-09-25 00:35:22', true, '2018-12-28 01:05:08', '2018-12-28 01:05:08');
INSERT INTO public.habitacion_reservas (id, habitacion_id, reserva_id, precio, fecha_inicio, fecha_termino, es_valido, created_at, updated_at) VALUES (8, 28, 44, 5649, '2013-03-15 20:50:10', '1975-08-28 15:08:03', true, '2018-12-28 01:05:08', '2018-12-28 01:05:08');
INSERT INTO public.habitacion_reservas (id, habitacion_id, reserva_id, precio, fecha_inicio, fecha_termino, es_valido, created_at, updated_at) VALUES (9, 18, 90, 1314, '2010-11-28 18:33:26', '2000-04-09 00:28:46', true, '2018-12-28 01:05:08', '2018-12-28 01:05:08');
INSERT INTO public.habitacion_reservas (id, habitacion_id, reserva_id, precio, fecha_inicio, fecha_termino, es_valido, created_at, updated_at) VALUES (10, 20, 29, 4543, '1999-06-22 01:17:00', '1998-03-10 09:59:25', true, '2018-12-28 01:05:08', '2018-12-28 01:05:08');
INSERT INTO public.habitacion_reservas (id, habitacion_id, reserva_id, precio, fecha_inicio, fecha_termino, es_valido, created_at, updated_at) VALUES (11, 12, 47, 4045, '2013-04-20 03:03:36', '2013-11-13 22:01:41', true, '2018-12-28 01:05:08', '2018-12-28 01:05:08');
INSERT INTO public.habitacion_reservas (id, habitacion_id, reserva_id, precio, fecha_inicio, fecha_termino, es_valido, created_at, updated_at) VALUES (12, 13, 56, 4831, '1974-06-08 19:35:46', '2002-08-11 23:09:45', true, '2018-12-28 01:05:08', '2018-12-28 01:05:08');
INSERT INTO public.habitacion_reservas (id, habitacion_id, reserva_id, precio, fecha_inicio, fecha_termino, es_valido, created_at, updated_at) VALUES (13, 23, 99, 4838, '2006-10-26 14:05:46', '1978-03-01 22:31:29', true, '2018-12-28 01:05:08', '2018-12-28 01:05:08');
INSERT INTO public.habitacion_reservas (id, habitacion_id, reserva_id, precio, fecha_inicio, fecha_termino, es_valido, created_at, updated_at) VALUES (14, 12, 55, 2814, '1999-10-30 23:23:17', '2006-08-05 04:29:52', true, '2018-12-28 01:05:08', '2018-12-28 01:05:08');
INSERT INTO public.habitacion_reservas (id, habitacion_id, reserva_id, precio, fecha_inicio, fecha_termino, es_valido, created_at, updated_at) VALUES (15, 25, 51, 9207, '2000-04-27 15:57:08', '1986-10-31 18:55:13', true, '2018-12-28 01:05:08', '2018-12-28 01:05:08');
INSERT INTO public.habitacion_reservas (id, habitacion_id, reserva_id, precio, fecha_inicio, fecha_termino, es_valido, created_at, updated_at) VALUES (16, 15, 34, 1263, '1996-12-02 05:36:39', '2008-01-20 04:02:18', true, '2018-12-28 01:05:08', '2018-12-28 01:05:08');
INSERT INTO public.habitacion_reservas (id, habitacion_id, reserva_id, precio, fecha_inicio, fecha_termino, es_valido, created_at, updated_at) VALUES (17, 29, 30, 6140, '2007-09-22 19:18:43', '1974-01-10 16:24:48', true, '2018-12-28 01:05:08', '2018-12-28 01:05:08');
INSERT INTO public.habitacion_reservas (id, habitacion_id, reserva_id, precio, fecha_inicio, fecha_termino, es_valido, created_at, updated_at) VALUES (18, 1, 47, 295, '1977-06-09 11:44:06', '2001-04-13 21:02:54', true, '2018-12-28 01:05:08', '2018-12-28 01:05:08');
INSERT INTO public.habitacion_reservas (id, habitacion_id, reserva_id, precio, fecha_inicio, fecha_termino, es_valido, created_at, updated_at) VALUES (19, 26, 76, 1915, '2004-06-18 17:08:06', '2011-10-18 14:10:55', true, '2018-12-28 01:05:08', '2018-12-28 01:05:08');
INSERT INTO public.habitacion_reservas (id, habitacion_id, reserva_id, precio, fecha_inicio, fecha_termino, es_valido, created_at, updated_at) VALUES (20, 2, 26, 6317, '1996-05-01 03:25:03', '1999-11-30 09:45:34', true, '2018-12-28 01:05:08', '2018-12-28 01:05:08');
INSERT INTO public.habitacion_reservas (id, habitacion_id, reserva_id, precio, fecha_inicio, fecha_termino, es_valido, created_at, updated_at) VALUES (21, 12, 30, 942, '2003-11-03 09:03:29', '1999-10-03 10:17:16', true, '2018-12-28 01:05:08', '2018-12-28 01:05:08');
INSERT INTO public.habitacion_reservas (id, habitacion_id, reserva_id, precio, fecha_inicio, fecha_termino, es_valido, created_at, updated_at) VALUES (22, 15, 61, 8176, '2011-04-06 02:25:25', '1974-12-14 05:43:15', true, '2018-12-28 01:05:08', '2018-12-28 01:05:08');
INSERT INTO public.habitacion_reservas (id, habitacion_id, reserva_id, precio, fecha_inicio, fecha_termino, es_valido, created_at, updated_at) VALUES (23, 28, 76, 7929, '2013-08-25 19:53:01', '1995-07-12 01:09:04', true, '2018-12-28 01:05:08', '2018-12-28 01:05:08');
INSERT INTO public.habitacion_reservas (id, habitacion_id, reserva_id, precio, fecha_inicio, fecha_termino, es_valido, created_at, updated_at) VALUES (24, 16, 42, 2818, '1981-11-16 04:10:14', '1982-11-14 04:46:42', true, '2018-12-28 01:05:08', '2018-12-28 01:05:08');
INSERT INTO public.habitacion_reservas (id, habitacion_id, reserva_id, precio, fecha_inicio, fecha_termino, es_valido, created_at, updated_at) VALUES (25, 23, 39, 5696, '2004-05-17 00:53:37', '1982-09-21 23:12:43', true, '2018-12-28 01:05:08', '2018-12-28 01:05:08');
INSERT INTO public.habitacion_reservas (id, habitacion_id, reserva_id, precio, fecha_inicio, fecha_termino, es_valido, created_at, updated_at) VALUES (26, 7, 39, 5150, '2013-08-06 06:03:09', '2007-04-12 10:29:14', true, '2018-12-28 01:05:08', '2018-12-28 01:05:08');
INSERT INTO public.habitacion_reservas (id, habitacion_id, reserva_id, precio, fecha_inicio, fecha_termino, es_valido, created_at, updated_at) VALUES (27, 25, 67, 9709, '2018-10-20 13:39:00', '2018-09-28 09:17:04', true, '2018-12-28 01:05:08', '2018-12-28 01:05:08');
INSERT INTO public.habitacion_reservas (id, habitacion_id, reserva_id, precio, fecha_inicio, fecha_termino, es_valido, created_at, updated_at) VALUES (28, 30, 74, 5569, '2005-10-10 03:59:11', '1986-02-14 18:53:49', true, '2018-12-28 01:05:08', '2018-12-28 01:05:08');
INSERT INTO public.habitacion_reservas (id, habitacion_id, reserva_id, precio, fecha_inicio, fecha_termino, es_valido, created_at, updated_at) VALUES (29, 26, 72, 6927, '1986-08-17 21:18:29', '1989-10-19 02:20:28', true, '2018-12-28 01:05:08', '2018-12-28 01:05:08');
INSERT INTO public.habitacion_reservas (id, habitacion_id, reserva_id, precio, fecha_inicio, fecha_termino, es_valido, created_at, updated_at) VALUES (30, 6, 48, 6004, '1997-09-15 04:29:26', '2003-08-13 07:52:11', true, '2018-12-28 01:05:08', '2018-12-28 01:05:08');
INSERT INTO public.habitacion_reservas (id, habitacion_id, reserva_id, precio, fecha_inicio, fecha_termino, es_valido, created_at, updated_at) VALUES (31, 10, 59, 2257, '1979-05-19 09:23:20', '1992-05-18 03:19:47', true, '2018-12-28 01:05:08', '2018-12-28 01:05:08');
INSERT INTO public.habitacion_reservas (id, habitacion_id, reserva_id, precio, fecha_inicio, fecha_termino, es_valido, created_at, updated_at) VALUES (32, 25, 72, 8296, '1986-07-02 00:13:20', '2000-12-11 12:58:06', true, '2018-12-28 01:05:08', '2018-12-28 01:05:08');
INSERT INTO public.habitacion_reservas (id, habitacion_id, reserva_id, precio, fecha_inicio, fecha_termino, es_valido, created_at, updated_at) VALUES (33, 8, 40, 720, '1986-11-18 16:15:39', '1978-08-09 19:09:51', true, '2018-12-28 01:05:08', '2018-12-28 01:05:08');
INSERT INTO public.habitacion_reservas (id, habitacion_id, reserva_id, precio, fecha_inicio, fecha_termino, es_valido, created_at, updated_at) VALUES (34, 25, 16, 8574, '1982-08-20 12:12:12', '2016-06-03 00:46:19', true, '2018-12-28 01:05:08', '2018-12-28 01:05:08');
INSERT INTO public.habitacion_reservas (id, habitacion_id, reserva_id, precio, fecha_inicio, fecha_termino, es_valido, created_at, updated_at) VALUES (35, 15, 52, 6895, '1972-08-24 19:01:12', '2004-06-25 21:48:35', true, '2018-12-28 01:05:08', '2018-12-28 01:05:08');
INSERT INTO public.habitacion_reservas (id, habitacion_id, reserva_id, precio, fecha_inicio, fecha_termino, es_valido, created_at, updated_at) VALUES (36, 19, 91, 8667, '1972-06-14 01:40:23', '1993-06-15 20:20:10', true, '2018-12-28 01:05:08', '2018-12-28 01:05:08');
INSERT INTO public.habitacion_reservas (id, habitacion_id, reserva_id, precio, fecha_inicio, fecha_termino, es_valido, created_at, updated_at) VALUES (37, 15, 77, 7443, '1992-04-21 15:16:39', '1988-11-18 23:17:24', true, '2018-12-28 01:05:08', '2018-12-28 01:05:08');
INSERT INTO public.habitacion_reservas (id, habitacion_id, reserva_id, precio, fecha_inicio, fecha_termino, es_valido, created_at, updated_at) VALUES (38, 1, 93, 3762, '1974-09-28 21:35:50', '2013-01-14 15:31:56', true, '2018-12-28 01:05:08', '2018-12-28 01:05:08');
INSERT INTO public.habitacion_reservas (id, habitacion_id, reserva_id, precio, fecha_inicio, fecha_termino, es_valido, created_at, updated_at) VALUES (39, 24, 5, 7092, '1992-01-23 04:30:56', '2018-06-07 08:09:38', true, '2018-12-28 01:05:08', '2018-12-28 01:05:08');
INSERT INTO public.habitacion_reservas (id, habitacion_id, reserva_id, precio, fecha_inicio, fecha_termino, es_valido, created_at, updated_at) VALUES (40, 13, 54, 5771, '1981-09-21 08:50:43', '2002-04-15 12:25:33', true, '2018-12-28 01:05:08', '2018-12-28 01:05:08');
INSERT INTO public.habitacion_reservas (id, habitacion_id, reserva_id, precio, fecha_inicio, fecha_termino, es_valido, created_at, updated_at) VALUES (41, 24, 94, 8834, '2006-02-25 20:47:37', '1971-10-04 05:41:51', true, '2018-12-28 01:05:08', '2018-12-28 01:05:08');
INSERT INTO public.habitacion_reservas (id, habitacion_id, reserva_id, precio, fecha_inicio, fecha_termino, es_valido, created_at, updated_at) VALUES (42, 4, 22, 762, '1975-08-22 22:06:10', '2008-01-16 09:20:35', true, '2018-12-28 01:05:08', '2018-12-28 01:05:08');
INSERT INTO public.habitacion_reservas (id, habitacion_id, reserva_id, precio, fecha_inicio, fecha_termino, es_valido, created_at, updated_at) VALUES (43, 12, 79, 5288, '2018-01-18 12:21:48', '2018-04-26 00:03:03', true, '2018-12-28 01:05:08', '2018-12-28 01:05:08');
INSERT INTO public.habitacion_reservas (id, habitacion_id, reserva_id, precio, fecha_inicio, fecha_termino, es_valido, created_at, updated_at) VALUES (44, 16, 63, 2484, '1972-06-28 04:06:15', '1983-02-09 23:22:39', true, '2018-12-28 01:05:08', '2018-12-28 01:05:08');
INSERT INTO public.habitacion_reservas (id, habitacion_id, reserva_id, precio, fecha_inicio, fecha_termino, es_valido, created_at, updated_at) VALUES (45, 20, 96, 9650, '2016-11-19 00:46:16', '2004-04-12 14:10:06', true, '2018-12-28 01:05:08', '2018-12-28 01:05:08');
INSERT INTO public.habitacion_reservas (id, habitacion_id, reserva_id, precio, fecha_inicio, fecha_termino, es_valido, created_at, updated_at) VALUES (46, 12, 15, 4981, '2002-10-27 18:57:29', '1992-08-05 21:11:59', true, '2018-12-28 01:05:08', '2018-12-28 01:05:08');
INSERT INTO public.habitacion_reservas (id, habitacion_id, reserva_id, precio, fecha_inicio, fecha_termino, es_valido, created_at, updated_at) VALUES (47, 26, 98, 8975, '1987-06-09 22:42:29', '2012-06-29 17:36:31', true, '2018-12-28 01:05:08', '2018-12-28 01:05:08');
INSERT INTO public.habitacion_reservas (id, habitacion_id, reserva_id, precio, fecha_inicio, fecha_termino, es_valido, created_at, updated_at) VALUES (48, 3, 58, 9910, '2017-02-04 03:49:23', '2009-03-13 02:53:38', true, '2018-12-28 01:05:08', '2018-12-28 01:05:08');
INSERT INTO public.habitacion_reservas (id, habitacion_id, reserva_id, precio, fecha_inicio, fecha_termino, es_valido, created_at, updated_at) VALUES (49, 19, 67, 947, '1972-06-03 20:43:09', '1981-08-14 17:01:52', true, '2018-12-28 01:05:08', '2018-12-28 01:05:08');
INSERT INTO public.habitacion_reservas (id, habitacion_id, reserva_id, precio, fecha_inicio, fecha_termino, es_valido, created_at, updated_at) VALUES (50, 12, 79, 3751, '1986-01-10 12:30:26', '1984-10-25 11:54:02', true, '2018-12-28 01:05:08', '2018-12-28 01:05:08');INSERT INTO public.paquete_reservas (id, paquete_id, reserva_id, descuento, es_valido, created_at, updated_at) VALUES (1, 19, 61, 7, true, '2018-12-28 01:05:08', '2018-12-28 01:05:08');
INSERT INTO public.paquete_reservas (id, paquete_id, reserva_id, descuento, es_valido, created_at, updated_at) VALUES (2, 26, 39, 86, true, '2018-12-28 01:05:08', '2018-12-28 01:05:08');
INSERT INTO public.paquete_reservas (id, paquete_id, reserva_id, descuento, es_valido, created_at, updated_at) VALUES (3, 49, 26, 5, true, '2018-12-28 01:05:08', '2018-12-28 01:05:08');
INSERT INTO public.paquete_reservas (id, paquete_id, reserva_id, descuento, es_valido, created_at, updated_at) VALUES (4, 45, 66, 71, true, '2018-12-28 01:05:08', '2018-12-28 01:05:08');
INSERT INTO public.paquete_reservas (id, paquete_id, reserva_id, descuento, es_valido, created_at, updated_at) VALUES (5, 36, 41, 37, true, '2018-12-28 01:05:08', '2018-12-28 01:05:08');
INSERT INTO public.paquete_reservas (id, paquete_id, reserva_id, descuento, es_valido, created_at, updated_at) VALUES (6, 41, 50, 3, true, '2018-12-28 01:05:08', '2018-12-28 01:05:08');
INSERT INTO public.paquete_reservas (id, paquete_id, reserva_id, descuento, es_valido, created_at, updated_at) VALUES (7, 36, 23, 42, true, '2018-12-28 01:05:08', '2018-12-28 01:05:08');
INSERT INTO public.paquete_reservas (id, paquete_id, reserva_id, descuento, es_valido, created_at, updated_at) VALUES (8, 22, 81, 1, true, '2018-12-28 01:05:08', '2018-12-28 01:05:08');
INSERT INTO public.paquete_reservas (id, paquete_id, reserva_id, descuento, es_valido, created_at, updated_at) VALUES (9, 1, 39, 18, true, '2018-12-28 01:05:08', '2018-12-28 01:05:08');
INSERT INTO public.paquete_reservas (id, paquete_id, reserva_id, descuento, es_valido, created_at, updated_at) VALUES (10, 24, 62, 51, true, '2018-12-28 01:05:08', '2018-12-28 01:05:08');
INSERT INTO public.paquete_reservas (id, paquete_id, reserva_id, descuento, es_valido, created_at, updated_at) VALUES (11, 45, 65, 0, true, '2018-12-28 01:05:08', '2018-12-28 01:05:08');
INSERT INTO public.paquete_reservas (id, paquete_id, reserva_id, descuento, es_valido, created_at, updated_at) VALUES (12, 14, 7, 32, true, '2018-12-28 01:05:08', '2018-12-28 01:05:08');
INSERT INTO public.paquete_reservas (id, paquete_id, reserva_id, descuento, es_valido, created_at, updated_at) VALUES (13, 49, 63, 37, true, '2018-12-28 01:05:08', '2018-12-28 01:05:08');
INSERT INTO public.paquete_reservas (id, paquete_id, reserva_id, descuento, es_valido, created_at, updated_at) VALUES (14, 22, 45, 41, true, '2018-12-28 01:05:08', '2018-12-28 01:05:08');
INSERT INTO public.paquete_reservas (id, paquete_id, reserva_id, descuento, es_valido, created_at, updated_at) VALUES (15, 43, 77, 68, true, '2018-12-28 01:05:08', '2018-12-28 01:05:08');
INSERT INTO public.paquete_reservas (id, paquete_id, reserva_id, descuento, es_valido, created_at, updated_at) VALUES (16, 44, 28, 74, true, '2018-12-28 01:05:08', '2018-12-28 01:05:08');
INSERT INTO public.paquete_reservas (id, paquete_id, reserva_id, descuento, es_valido, created_at, updated_at) VALUES (17, 33, 10, 73, true, '2018-12-28 01:05:08', '2018-12-28 01:05:08');
INSERT INTO public.paquete_reservas (id, paquete_id, reserva_id, descuento, es_valido, created_at, updated_at) VALUES (18, 4, 38, 2, true, '2018-12-28 01:05:08', '2018-12-28 01:05:08');
INSERT INTO public.paquete_reservas (id, paquete_id, reserva_id, descuento, es_valido, created_at, updated_at) VALUES (19, 32, 4, 45, true, '2018-12-28 01:05:08', '2018-12-28 01:05:08');
INSERT INTO public.paquete_reservas (id, paquete_id, reserva_id, descuento, es_valido, created_at, updated_at) VALUES (20, 50, 76, 11, true, '2018-12-28 01:05:08', '2018-12-28 01:05:08');
INSERT INTO public.paquete_reservas (id, paquete_id, reserva_id, descuento, es_valido, created_at, updated_at) VALUES (21, 48, 4, 40, true, '2018-12-28 01:05:08', '2018-12-28 01:05:08');
INSERT INTO public.paquete_reservas (id, paquete_id, reserva_id, descuento, es_valido, created_at, updated_at) VALUES (22, 44, 5, 49, true, '2018-12-28 01:05:08', '2018-12-28 01:05:08');
INSERT INTO public.paquete_reservas (id, paquete_id, reserva_id, descuento, es_valido, created_at, updated_at) VALUES (23, 18, 89, 29, true, '2018-12-28 01:05:08', '2018-12-28 01:05:08');
INSERT INTO public.paquete_reservas (id, paquete_id, reserva_id, descuento, es_valido, created_at, updated_at) VALUES (24, 24, 69, 90, true, '2018-12-28 01:05:08', '2018-12-28 01:05:08');
INSERT INTO public.paquete_reservas (id, paquete_id, reserva_id, descuento, es_valido, created_at, updated_at) VALUES (25, 12, 68, 85, true, '2018-12-28 01:05:08', '2018-12-28 01:05:08');
INSERT INTO public.paquete_reservas (id, paquete_id, reserva_id, descuento, es_valido, created_at, updated_at) VALUES (26, 46, 19, 57, true, '2018-12-28 01:05:08', '2018-12-28 01:05:08');
INSERT INTO public.paquete_reservas (id, paquete_id, reserva_id, descuento, es_valido, created_at, updated_at) VALUES (27, 32, 95, 59, true, '2018-12-28 01:05:08', '2018-12-28 01:05:08');
INSERT INTO public.paquete_reservas (id, paquete_id, reserva_id, descuento, es_valido, created_at, updated_at) VALUES (28, 29, 66, 8, true, '2018-12-28 01:05:08', '2018-12-28 01:05:08');
INSERT INTO public.paquete_reservas (id, paquete_id, reserva_id, descuento, es_valido, created_at, updated_at) VALUES (29, 39, 94, 36, true, '2018-12-28 01:05:08', '2018-12-28 01:05:08');
INSERT INTO public.paquete_reservas (id, paquete_id, reserva_id, descuento, es_valido, created_at, updated_at) VALUES (30, 17, 82, 23, true, '2018-12-28 01:05:08', '2018-12-28 01:05:08');
INSERT INTO public.paquete_reservas (id, paquete_id, reserva_id, descuento, es_valido, created_at, updated_at) VALUES (31, 16, 91, 46, true, '2018-12-28 01:05:08', '2018-12-28 01:05:08');
INSERT INTO public.paquete_reservas (id, paquete_id, reserva_id, descuento, es_valido, created_at, updated_at) VALUES (32, 50, 13, 68, true, '2018-12-28 01:05:08', '2018-12-28 01:05:08');
INSERT INTO public.paquete_reservas (id, paquete_id, reserva_id, descuento, es_valido, created_at, updated_at) VALUES (33, 26, 68, 25, true, '2018-12-28 01:05:08', '2018-12-28 01:05:08');
INSERT INTO public.paquete_reservas (id, paquete_id, reserva_id, descuento, es_valido, created_at, updated_at) VALUES (34, 23, 87, 48, true, '2018-12-28 01:05:08', '2018-12-28 01:05:08');
INSERT INTO public.paquete_reservas (id, paquete_id, reserva_id, descuento, es_valido, created_at, updated_at) VALUES (35, 8, 73, 57, true, '2018-12-28 01:05:08', '2018-12-28 01:05:08');
INSERT INTO public.paquete_reservas (id, paquete_id, reserva_id, descuento, es_valido, created_at, updated_at) VALUES (36, 27, 29, 18, true, '2018-12-28 01:05:08', '2018-12-28 01:05:08');
INSERT INTO public.paquete_reservas (id, paquete_id, reserva_id, descuento, es_valido, created_at, updated_at) VALUES (37, 4, 94, 87, true, '2018-12-28 01:05:08', '2018-12-28 01:05:08');
INSERT INTO public.paquete_reservas (id, paquete_id, reserva_id, descuento, es_valido, created_at, updated_at) VALUES (38, 25, 64, 42, true, '2018-12-28 01:05:08', '2018-12-28 01:05:08');
INSERT INTO public.paquete_reservas (id, paquete_id, reserva_id, descuento, es_valido, created_at, updated_at) VALUES (39, 22, 44, 22, true, '2018-12-28 01:05:08', '2018-12-28 01:05:08');
INSERT INTO public.paquete_reservas (id, paquete_id, reserva_id, descuento, es_valido, created_at, updated_at) VALUES (40, 11, 34, 45, true, '2018-12-28 01:05:08', '2018-12-28 01:05:08');
INSERT INTO public.paquete_reservas (id, paquete_id, reserva_id, descuento, es_valido, created_at, updated_at) VALUES (41, 30, 24, 93, true, '2018-12-28 01:05:08', '2018-12-28 01:05:08');
INSERT INTO public.paquete_reservas (id, paquete_id, reserva_id, descuento, es_valido, created_at, updated_at) VALUES (42, 11, 73, 12, true, '2018-12-28 01:05:08', '2018-12-28 01:05:08');
INSERT INTO public.paquete_reservas (id, paquete_id, reserva_id, descuento, es_valido, created_at, updated_at) VALUES (43, 11, 75, 68, true, '2018-12-28 01:05:08', '2018-12-28 01:05:08');
INSERT INTO public.paquete_reservas (id, paquete_id, reserva_id, descuento, es_valido, created_at, updated_at) VALUES (44, 47, 21, 59, true, '2018-12-28 01:05:08', '2018-12-28 01:05:08');
INSERT INTO public.paquete_reservas (id, paquete_id, reserva_id, descuento, es_valido, created_at, updated_at) VALUES (45, 3, 59, 53, true, '2018-12-28 01:05:08', '2018-12-28 01:05:08');
INSERT INTO public.paquete_reservas (id, paquete_id, reserva_id, descuento, es_valido, created_at, updated_at) VALUES (46, 33, 77, 43, true, '2018-12-28 01:05:08', '2018-12-28 01:05:08');
INSERT INTO public.paquete_reservas (id, paquete_id, reserva_id, descuento, es_valido, created_at, updated_at) VALUES (47, 24, 4, 26, true, '2018-12-28 01:05:08', '2018-12-28 01:05:08');
INSERT INTO public.paquete_reservas (id, paquete_id, reserva_id, descuento, es_valido, created_at, updated_at) VALUES (48, 29, 33, 61, true, '2018-12-28 01:05:08', '2018-12-28 01:05:08');
INSERT INTO public.paquete_reservas (id, paquete_id, reserva_id, descuento, es_valido, created_at, updated_at) VALUES (49, 40, 75, 86, true, '2018-12-28 01:05:08', '2018-12-28 01:05:08');
INSERT INTO public.paquete_reservas (id, paquete_id, reserva_id, descuento, es_valido, created_at, updated_at) VALUES (50, 49, 19, 81, true, '2018-12-28 01:05:08', '2018-12-28 01:05:08');INSERT INTO public.users (id, name, apellido, nacionalidad, edad, "tipoUsuario", email, email_verified_at, password, es_valido, remember_token, created_at, updated_at) VALUES (1, 'Ethan Kub', 'Jakubowski', 'Qui et sunt ut qui.', 73, 2, 'corwin.darion@example.net', '2018-12-28 01:05:08', '$2y$10$TKh8H1.PfQx37YgCzwiKb.KjNyWgaHb9cbcoQgdIVFlYg7B77UdFm', true, 'KvYEVUScoy', '2018-12-28 01:05:08', '2018-12-28 01:05:08');
INSERT INTO public.users (id, name, apellido, nacionalidad, edad, "tipoUsuario", email, email_verified_at, password, es_valido, remember_token, created_at, updated_at) VALUES (2, 'Hector Nikolaus', 'Rutherford', 'Eos at quam id sit.', 76, 0, 'oberbrunner.maynard@example.org', '2018-12-28 01:05:08', '$2y$10$TKh8H1.PfQx37YgCzwiKb.KjNyWgaHb9cbcoQgdIVFlYg7B77UdFm', true, 'aSujpawNLg', '2018-12-28 01:05:08', '2018-12-28 01:05:08');
INSERT INTO public.users (id, name, apellido, nacionalidad, edad, "tipoUsuario", email, email_verified_at, password, es_valido, remember_token, created_at, updated_at) VALUES (3, 'Prof. Assunta Bayer', 'Reichert', 'Eveniet autem dolor quam est.', 18, 1, 'erna.murazik@example.com', '2018-12-28 01:05:08', '$2y$10$TKh8H1.PfQx37YgCzwiKb.KjNyWgaHb9cbcoQgdIVFlYg7B77UdFm', true, 'pspWWoeeNf', '2018-12-28 01:05:08', '2018-12-28 01:05:08');
INSERT INTO public.users (id, name, apellido, nacionalidad, edad, "tipoUsuario", email, email_verified_at, password, es_valido, remember_token, created_at, updated_at) VALUES (4, 'Dr. Samson Bergnaum DVM', 'Runolfsdottir', 'In magni voluptatibus odio.', 78, 1, 'azieme@example.com', '2018-12-28 01:05:08', '$2y$10$TKh8H1.PfQx37YgCzwiKb.KjNyWgaHb9cbcoQgdIVFlYg7B77UdFm', true, '4rY2p1IoQT', '2018-12-28 01:05:08', '2018-12-28 01:05:08');
INSERT INTO public.users (id, name, apellido, nacionalidad, edad, "tipoUsuario", email, email_verified_at, password, es_valido, remember_token, created_at, updated_at) VALUES (5, 'Amira Schmidt', 'Nienow', 'Et voluptatum aut delectus.', 55, 2, 'qwill@example.net', '2018-12-28 01:05:08', '$2y$10$TKh8H1.PfQx37YgCzwiKb.KjNyWgaHb9cbcoQgdIVFlYg7B77UdFm', true, 'QuVCMQhON8', '2018-12-28 01:05:08', '2018-12-28 01:05:08');
INSERT INTO public.users (id, name, apellido, nacionalidad, edad, "tipoUsuario", email, email_verified_at, password, es_valido, remember_token, created_at, updated_at) VALUES (6, 'Leola Kuvalis', 'Jacobson', 'Sed qui pariatur itaque.', 47, 0, 'cremin.tierra@example.com', '2018-12-28 01:05:08', '$2y$10$TKh8H1.PfQx37YgCzwiKb.KjNyWgaHb9cbcoQgdIVFlYg7B77UdFm', true, 'HPkUqQf4nB', '2018-12-28 01:05:08', '2018-12-28 01:05:08');
INSERT INTO public.users (id, name, apellido, nacionalidad, edad, "tipoUsuario", email, email_verified_at, password, es_valido, remember_token, created_at, updated_at) VALUES (7, 'Elijah McCullough', 'Brown', 'Possimus non iusto saepe ullam.', 47, 2, 'rogelio69@example.net', '2018-12-28 01:05:08', '$2y$10$TKh8H1.PfQx37YgCzwiKb.KjNyWgaHb9cbcoQgdIVFlYg7B77UdFm', true, 'KLDtpJtoot', '2018-12-28 01:05:08', '2018-12-28 01:05:08');
INSERT INTO public.users (id, name, apellido, nacionalidad, edad, "tipoUsuario", email, email_verified_at, password, es_valido, remember_token, created_at, updated_at) VALUES (8, 'Adrian Wuckert PhD', 'Bashirian', 'Ut quia et velit.', 29, 0, 'rashad.vonrueden@example.org', '2018-12-28 01:05:08', '$2y$10$TKh8H1.PfQx37YgCzwiKb.KjNyWgaHb9cbcoQgdIVFlYg7B77UdFm', true, 'zlnxlilvVJ', '2018-12-28 01:05:08', '2018-12-28 01:05:08');
INSERT INTO public.users (id, name, apellido, nacionalidad, edad, "tipoUsuario", email, email_verified_at, password, es_valido, remember_token, created_at, updated_at) VALUES (9, 'Aracely Ledner', 'Schulist', 'Non amet saepe incidunt aut.', 14, 1, 'zjaskolski@example.org', '2018-12-28 01:05:08', '$2y$10$TKh8H1.PfQx37YgCzwiKb.KjNyWgaHb9cbcoQgdIVFlYg7B77UdFm', true, 'VVuuJZeUjy', '2018-12-28 01:05:08', '2018-12-28 01:05:08');
INSERT INTO public.users (id, name, apellido, nacionalidad, edad, "tipoUsuario", email, email_verified_at, password, es_valido, remember_token, created_at, updated_at) VALUES (10, 'Dr. Dell Zulauf', 'Dooley', 'Pariatur a sint voluptatem et.', 5, 0, 'trycia.streich@example.org', '2018-12-28 01:05:08', '$2y$10$TKh8H1.PfQx37YgCzwiKb.KjNyWgaHb9cbcoQgdIVFlYg7B77UdFm', true, 'kf3m2hSKSY', '2018-12-28 01:05:08', '2018-12-28 01:05:08');
INSERT INTO public.users (id, name, apellido, nacionalidad, edad, "tipoUsuario", email, email_verified_at, password, es_valido, remember_token, created_at, updated_at) VALUES (11, 'Elmira Lindgren', 'Hermiston', 'Ex aut aut quis id.', 75, 0, 'ddaugherty@example.net', '2018-12-28 01:05:08', '$2y$10$TKh8H1.PfQx37YgCzwiKb.KjNyWgaHb9cbcoQgdIVFlYg7B77UdFm', true, 'djplc6woEO', '2018-12-28 01:05:08', '2018-12-28 01:05:08');
INSERT INTO public.users (id, name, apellido, nacionalidad, edad, "tipoUsuario", email, email_verified_at, password, es_valido, remember_token, created_at, updated_at) VALUES (12, 'Geoffrey Hill Jr.', 'Hettinger', 'Qui dignissimos deserunt nam.', 74, 0, 'gibson.orlo@example.org', '2018-12-28 01:05:08', '$2y$10$TKh8H1.PfQx37YgCzwiKb.KjNyWgaHb9cbcoQgdIVFlYg7B77UdFm', true, 'FUixnDBSID', '2018-12-28 01:05:08', '2018-12-28 01:05:08');
INSERT INTO public.users (id, name, apellido, nacionalidad, edad, "tipoUsuario", email, email_verified_at, password, es_valido, remember_token, created_at, updated_at) VALUES (13, 'Imelda Casper', 'Ernser', 'Enim sit sit et deserunt.', 85, 2, 'libby.toy@example.net', '2018-12-28 01:05:08', '$2y$10$TKh8H1.PfQx37YgCzwiKb.KjNyWgaHb9cbcoQgdIVFlYg7B77UdFm', true, 'XzFtJNEeWr', '2018-12-28 01:05:08', '2018-12-28 01:05:08');
INSERT INTO public.users (id, name, apellido, nacionalidad, edad, "tipoUsuario", email, email_verified_at, password, es_valido, remember_token, created_at, updated_at) VALUES (14, 'Carroll Rowe', 'Torphy', 'Magni aut et aperiam.', 57, 2, 'alaina.schamberger@example.com', '2018-12-28 01:05:08', '$2y$10$TKh8H1.PfQx37YgCzwiKb.KjNyWgaHb9cbcoQgdIVFlYg7B77UdFm', true, 'ihrEdilJD4', '2018-12-28 01:05:08', '2018-12-28 01:05:08');
INSERT INTO public.users (id, name, apellido, nacionalidad, edad, "tipoUsuario", email, email_verified_at, password, es_valido, remember_token, created_at, updated_at) VALUES (15, 'Josephine Hayes', 'O''Hara', 'Odio eos et nam.', 86, 2, 'travon.kassulke@example.org', '2018-12-28 01:05:08', '$2y$10$TKh8H1.PfQx37YgCzwiKb.KjNyWgaHb9cbcoQgdIVFlYg7B77UdFm', true, 'E0AIBNb4zE', '2018-12-28 01:05:08', '2018-12-28 01:05:08');
INSERT INTO public.users (id, name, apellido, nacionalidad, edad, "tipoUsuario", email, email_verified_at, password, es_valido, remember_token, created_at, updated_at) VALUES (16, 'Prof. Krystina Erdman', 'Crist', 'Nihil quia sunt natus sed quia.', 16, 0, 'enienow@example.com', '2018-12-28 01:05:08', '$2y$10$TKh8H1.PfQx37YgCzwiKb.KjNyWgaHb9cbcoQgdIVFlYg7B77UdFm', true, 'oRv3nZAsKm', '2018-12-28 01:05:08', '2018-12-28 01:05:08');
INSERT INTO public.users (id, name, apellido, nacionalidad, edad, "tipoUsuario", email, email_verified_at, password, es_valido, remember_token, created_at, updated_at) VALUES (17, 'Dr. Drew Haley DVM', 'Reilly', 'Saepe vel nulla delectus.', 21, 2, 'erippin@example.org', '2018-12-28 01:05:08', '$2y$10$TKh8H1.PfQx37YgCzwiKb.KjNyWgaHb9cbcoQgdIVFlYg7B77UdFm', true, '3xy6BdzctQ', '2018-12-28 01:05:08', '2018-12-28 01:05:08');
INSERT INTO public.users (id, name, apellido, nacionalidad, edad, "tipoUsuario", email, email_verified_at, password, es_valido, remember_token, created_at, updated_at) VALUES (18, 'Shyann Fadel', 'Stanton', 'Libero quas ipsa eos culpa ut.', 83, 1, 'hmitchell@example.net', '2018-12-28 01:05:08', '$2y$10$TKh8H1.PfQx37YgCzwiKb.KjNyWgaHb9cbcoQgdIVFlYg7B77UdFm', true, 'iZZHuwBrKN', '2018-12-28 01:05:08', '2018-12-28 01:05:08');
INSERT INTO public.users (id, name, apellido, nacionalidad, edad, "tipoUsuario", email, email_verified_at, password, es_valido, remember_token, created_at, updated_at) VALUES (19, 'Prof. Theodore Bashirian Jr.', 'Waters', 'Sed ab occaecati ratione qui.', 19, 0, 'kassulke.belle@example.com', '2018-12-28 01:05:08', '$2y$10$TKh8H1.PfQx37YgCzwiKb.KjNyWgaHb9cbcoQgdIVFlYg7B77UdFm', true, 'bfWPhfNN3x', '2018-12-28 01:05:08', '2018-12-28 01:05:08');
INSERT INTO public.users (id, name, apellido, nacionalidad, edad, "tipoUsuario", email, email_verified_at, password, es_valido, remember_token, created_at, updated_at) VALUES (20, 'Dashawn Osinski', 'Watsica', 'Et quos aut et.', 7, 0, 'ahmad.volkman@example.net', '2018-12-28 01:05:08', '$2y$10$TKh8H1.PfQx37YgCzwiKb.KjNyWgaHb9cbcoQgdIVFlYg7B77UdFm', true, 'iUyoNFbaNV', '2018-12-28 01:05:08', '2018-12-28 01:05:08');
INSERT INTO public.users (id, name, apellido, nacionalidad, edad, "tipoUsuario", email, email_verified_at, password, es_valido, remember_token, created_at, updated_at) VALUES (21, 'Nathen Goodwin', 'D''Amore', 'Officia et quam fuga.', 54, 1, 'schowalter.amelie@example.com', '2018-12-28 01:05:08', '$2y$10$TKh8H1.PfQx37YgCzwiKb.KjNyWgaHb9cbcoQgdIVFlYg7B77UdFm', true, 'eNxVW4TwL2', '2018-12-28 01:05:08', '2018-12-28 01:05:08');
INSERT INTO public.users (id, name, apellido, nacionalidad, edad, "tipoUsuario", email, email_verified_at, password, es_valido, remember_token, created_at, updated_at) VALUES (22, 'Filomena Weimann', 'Batz', 'Perspiciatis hic nam aut.', 65, 0, 'ruth25@example.com', '2018-12-28 01:05:08', '$2y$10$TKh8H1.PfQx37YgCzwiKb.KjNyWgaHb9cbcoQgdIVFlYg7B77UdFm', true, '1hc0vDRtZf', '2018-12-28 01:05:08', '2018-12-28 01:05:08');
INSERT INTO public.users (id, name, apellido, nacionalidad, edad, "tipoUsuario", email, email_verified_at, password, es_valido, remember_token, created_at, updated_at) VALUES (23, 'Maida Reichert', 'Brown', 'Vel aut totam aut.', 49, 0, 'ohill@example.com', '2018-12-28 01:05:08', '$2y$10$TKh8H1.PfQx37YgCzwiKb.KjNyWgaHb9cbcoQgdIVFlYg7B77UdFm', true, 'GogdY2lbJR', '2018-12-28 01:05:08', '2018-12-28 01:05:08');
INSERT INTO public.users (id, name, apellido, nacionalidad, edad, "tipoUsuario", email, email_verified_at, password, es_valido, remember_token, created_at, updated_at) VALUES (24, 'Prof. Jessy Hodkiewicz', 'Hagenes', 'Illo blanditiis ut nobis.', 6, 0, 'greta.upton@example.com', '2018-12-28 01:05:08', '$2y$10$TKh8H1.PfQx37YgCzwiKb.KjNyWgaHb9cbcoQgdIVFlYg7B77UdFm', true, 'w7TyOHlRmd', '2018-12-28 01:05:08', '2018-12-28 01:05:08');
INSERT INTO public.users (id, name, apellido, nacionalidad, edad, "tipoUsuario", email, email_verified_at, password, es_valido, remember_token, created_at, updated_at) VALUES (25, 'Ryann Hackett', 'King', 'Sint rerum sit nulla voluptas.', 81, 0, 'herzog.nakia@example.net', '2018-12-28 01:05:08', '$2y$10$TKh8H1.PfQx37YgCzwiKb.KjNyWgaHb9cbcoQgdIVFlYg7B77UdFm', true, 'S72pWVaFkG', '2018-12-28 01:05:08', '2018-12-28 01:05:08');
INSERT INTO public.users (id, name, apellido, nacionalidad, edad, "tipoUsuario", email, email_verified_at, password, es_valido, remember_token, created_at, updated_at) VALUES (26, 'Kelley Beier', 'Ernser', 'Et fuga totam repellendus odio.', 92, 1, 'yluettgen@example.net', '2018-12-28 01:05:08', '$2y$10$TKh8H1.PfQx37YgCzwiKb.KjNyWgaHb9cbcoQgdIVFlYg7B77UdFm', true, 'l1ZIlSpqB4', '2018-12-28 01:05:08', '2018-12-28 01:05:08');
INSERT INTO public.users (id, name, apellido, nacionalidad, edad, "tipoUsuario", email, email_verified_at, password, es_valido, remember_token, created_at, updated_at) VALUES (27, 'Joan Towne', 'Doyle', 'Officia at et non autem qui.', 6, 2, 'guido14@example.com', '2018-12-28 01:05:08', '$2y$10$TKh8H1.PfQx37YgCzwiKb.KjNyWgaHb9cbcoQgdIVFlYg7B77UdFm', true, 'Ma78lngb9H', '2018-12-28 01:05:08', '2018-12-28 01:05:08');
INSERT INTO public.users (id, name, apellido, nacionalidad, edad, "tipoUsuario", email, email_verified_at, password, es_valido, remember_token, created_at, updated_at) VALUES (28, 'Will Rempel', 'Pouros', 'Alias cum autem quas.', 12, 2, 'demetris.vonrueden@example.org', '2018-12-28 01:05:08', '$2y$10$TKh8H1.PfQx37YgCzwiKb.KjNyWgaHb9cbcoQgdIVFlYg7B77UdFm', true, '6XSXCjm0vC', '2018-12-28 01:05:08', '2018-12-28 01:05:08');
INSERT INTO public.users (id, name, apellido, nacionalidad, edad, "tipoUsuario", email, email_verified_at, password, es_valido, remember_token, created_at, updated_at) VALUES (29, 'Jessika Sipes III', 'Cassin', 'Nihil neque sed quidem et nam.', 37, 0, 'dcremin@example.net', '2018-12-28 01:05:08', '$2y$10$TKh8H1.PfQx37YgCzwiKb.KjNyWgaHb9cbcoQgdIVFlYg7B77UdFm', true, 'LJjb6DLKH5', '2018-12-28 01:05:08', '2018-12-28 01:05:08');
INSERT INTO public.users (id, name, apellido, nacionalidad, edad, "tipoUsuario", email, email_verified_at, password, es_valido, remember_token, created_at, updated_at) VALUES (30, 'Stevie Wiegand', 'Kuhn', 'Et ratione est et ut quisquam.', 95, 0, 'halvorson.dalton@example.org', '2018-12-28 01:05:08', '$2y$10$TKh8H1.PfQx37YgCzwiKb.KjNyWgaHb9cbcoQgdIVFlYg7B77UdFm', true, '7MNSEnH2HP', '2018-12-28 01:05:08', '2018-12-28 01:05:08');
INSERT INTO public.users (id, name, apellido, nacionalidad, edad, "tipoUsuario", email, email_verified_at, password, es_valido, remember_token, created_at, updated_at) VALUES (31, 'Jakayla Satterfield Sr.', 'White', 'Iste ut minima nihil unde.', 98, 0, 'wisoky.vilma@example.com', '2018-12-28 01:05:08', '$2y$10$TKh8H1.PfQx37YgCzwiKb.KjNyWgaHb9cbcoQgdIVFlYg7B77UdFm', true, 'nIrBCDLNch', '2018-12-28 01:05:08', '2018-12-28 01:05:08');
INSERT INTO public.users (id, name, apellido, nacionalidad, edad, "tipoUsuario", email, email_verified_at, password, es_valido, remember_token, created_at, updated_at) VALUES (32, 'Mrs. Evie Heller', 'Corkery', 'Quia ut consequatur alias.', 16, 1, 'smclaughlin@example.org', '2018-12-28 01:05:08', '$2y$10$TKh8H1.PfQx37YgCzwiKb.KjNyWgaHb9cbcoQgdIVFlYg7B77UdFm', true, 'de3WNwSANN', '2018-12-28 01:05:08', '2018-12-28 01:05:08');
INSERT INTO public.users (id, name, apellido, nacionalidad, edad, "tipoUsuario", email, email_verified_at, password, es_valido, remember_token, created_at, updated_at) VALUES (33, 'Wyman Hackett', 'Pagac', 'Enim sit est quis velit.', 11, 1, 'nicolas.ara@example.com', '2018-12-28 01:05:08', '$2y$10$TKh8H1.PfQx37YgCzwiKb.KjNyWgaHb9cbcoQgdIVFlYg7B77UdFm', true, 'r01kMzV3Pf', '2018-12-28 01:05:08', '2018-12-28 01:05:08');
INSERT INTO public.users (id, name, apellido, nacionalidad, edad, "tipoUsuario", email, email_verified_at, password, es_valido, remember_token, created_at, updated_at) VALUES (34, 'Isabel Reynolds', 'O''Reilly', 'Qui enim aut nam modi rerum.', 80, 1, 'gfadel@example.org', '2018-12-28 01:05:08', '$2y$10$TKh8H1.PfQx37YgCzwiKb.KjNyWgaHb9cbcoQgdIVFlYg7B77UdFm', true, 'c2yMwoJ9dM', '2018-12-28 01:05:08', '2018-12-28 01:05:08');
INSERT INTO public.users (id, name, apellido, nacionalidad, edad, "tipoUsuario", email, email_verified_at, password, es_valido, remember_token, created_at, updated_at) VALUES (35, 'Dr. Walton Jaskolski IV', 'Borer', 'Qui omnis est distinctio non.', 75, 1, 'gust.powlowski@example.net', '2018-12-28 01:05:08', '$2y$10$TKh8H1.PfQx37YgCzwiKb.KjNyWgaHb9cbcoQgdIVFlYg7B77UdFm', true, 'xkgrHbwCmP', '2018-12-28 01:05:08', '2018-12-28 01:05:08');
INSERT INTO public.users (id, name, apellido, nacionalidad, edad, "tipoUsuario", email, email_verified_at, password, es_valido, remember_token, created_at, updated_at) VALUES (36, 'Prof. Eulah Waters DDS', 'Kohler', 'Ut est sed et quibusdam.', 99, 2, 'dhand@example.com', '2018-12-28 01:05:08', '$2y$10$TKh8H1.PfQx37YgCzwiKb.KjNyWgaHb9cbcoQgdIVFlYg7B77UdFm', true, 'pD87QoFg7w', '2018-12-28 01:05:08', '2018-12-28 01:05:08');
INSERT INTO public.users (id, name, apellido, nacionalidad, edad, "tipoUsuario", email, email_verified_at, password, es_valido, remember_token, created_at, updated_at) VALUES (37, 'Mr. Carson Gulgowski Jr.', 'Hill', 'Sint temporibus odit culpa.', 25, 2, 'ydoyle@example.org', '2018-12-28 01:05:08', '$2y$10$TKh8H1.PfQx37YgCzwiKb.KjNyWgaHb9cbcoQgdIVFlYg7B77UdFm', true, 'Ae7eFkpgsU', '2018-12-28 01:05:08', '2018-12-28 01:05:08');
INSERT INTO public.users (id, name, apellido, nacionalidad, edad, "tipoUsuario", email, email_verified_at, password, es_valido, remember_token, created_at, updated_at) VALUES (38, 'Chaz Moen', 'Cole', 'Pariatur illum aut cumque.', 10, 1, 'juston.hirthe@example.com', '2018-12-28 01:05:08', '$2y$10$TKh8H1.PfQx37YgCzwiKb.KjNyWgaHb9cbcoQgdIVFlYg7B77UdFm', true, 'd62kOKfBEj', '2018-12-28 01:05:08', '2018-12-28 01:05:08');
INSERT INTO public.users (id, name, apellido, nacionalidad, edad, "tipoUsuario", email, email_verified_at, password, es_valido, remember_token, created_at, updated_at) VALUES (39, 'Rozella Satterfield I', 'Ondricka', 'Fuga voluptates ad est.', 21, 1, 'kareem.emmerich@example.org', '2018-12-28 01:05:08', '$2y$10$TKh8H1.PfQx37YgCzwiKb.KjNyWgaHb9cbcoQgdIVFlYg7B77UdFm', true, 'CqQKyIEJ15', '2018-12-28 01:05:08', '2018-12-28 01:05:08');
INSERT INTO public.users (id, name, apellido, nacionalidad, edad, "tipoUsuario", email, email_verified_at, password, es_valido, remember_token, created_at, updated_at) VALUES (40, 'Nasir Farrell', 'Keeling', 'At tempore optio atque ipsum.', 83, 1, 'raymundo83@example.net', '2018-12-28 01:05:08', '$2y$10$TKh8H1.PfQx37YgCzwiKb.KjNyWgaHb9cbcoQgdIVFlYg7B77UdFm', true, 'ftVXiqnwVQ', '2018-12-28 01:05:08', '2018-12-28 01:05:08');
INSERT INTO public.users (id, name, apellido, nacionalidad, edad, "tipoUsuario", email, email_verified_at, password, es_valido, remember_token, created_at, updated_at) VALUES (41, 'Allan Blick', 'Hackett', 'Voluptatum beatae et autem.', 22, 1, 'iklein@example.net', '2018-12-28 01:05:08', '$2y$10$TKh8H1.PfQx37YgCzwiKb.KjNyWgaHb9cbcoQgdIVFlYg7B77UdFm', true, 'GOVcHVQPMR', '2018-12-28 01:05:08', '2018-12-28 01:05:08');
INSERT INTO public.users (id, name, apellido, nacionalidad, edad, "tipoUsuario", email, email_verified_at, password, es_valido, remember_token, created_at, updated_at) VALUES (42, 'Aniya Boehm', 'Ernser', 'Magnam iste aut sit quos.', 43, 1, 'lauryn05@example.net', '2018-12-28 01:05:08', '$2y$10$TKh8H1.PfQx37YgCzwiKb.KjNyWgaHb9cbcoQgdIVFlYg7B77UdFm', true, '4mEtOc1xd8', '2018-12-28 01:05:08', '2018-12-28 01:05:08');
INSERT INTO public.users (id, name, apellido, nacionalidad, edad, "tipoUsuario", email, email_verified_at, password, es_valido, remember_token, created_at, updated_at) VALUES (43, 'Miss Jodie Kirlin DDS', 'Dietrich', 'Eligendi rerum ea id.', 72, 2, 'torphy.jamie@example.org', '2018-12-28 01:05:08', '$2y$10$TKh8H1.PfQx37YgCzwiKb.KjNyWgaHb9cbcoQgdIVFlYg7B77UdFm', true, 'AVS8GuaHgt', '2018-12-28 01:05:08', '2018-12-28 01:05:08');
INSERT INTO public.users (id, name, apellido, nacionalidad, edad, "tipoUsuario", email, email_verified_at, password, es_valido, remember_token, created_at, updated_at) VALUES (44, 'Prof. Paul Schimmel I', 'Swaniawski', 'Iusto dolores eius sint hic.', 22, 2, 'emmie32@example.net', '2018-12-28 01:05:08', '$2y$10$TKh8H1.PfQx37YgCzwiKb.KjNyWgaHb9cbcoQgdIVFlYg7B77UdFm', true, 'Y5WtDY0uZo', '2018-12-28 01:05:08', '2018-12-28 01:05:08');
INSERT INTO public.users (id, name, apellido, nacionalidad, edad, "tipoUsuario", email, email_verified_at, password, es_valido, remember_token, created_at, updated_at) VALUES (45, 'Dana Nienow', 'Quigley', 'Totam veniam sunt beatae omnis.', 17, 0, 'gislason.devin@example.org', '2018-12-28 01:05:08', '$2y$10$TKh8H1.PfQx37YgCzwiKb.KjNyWgaHb9cbcoQgdIVFlYg7B77UdFm', true, 'ncbNi5JkSj', '2018-12-28 01:05:08', '2018-12-28 01:05:08');
INSERT INTO public.users (id, name, apellido, nacionalidad, edad, "tipoUsuario", email, email_verified_at, password, es_valido, remember_token, created_at, updated_at) VALUES (46, 'Clare Stehr', 'O''Reilly', 'Similique et aut dolores.', 1, 2, 'garland92@example.net', '2018-12-28 01:05:08', '$2y$10$TKh8H1.PfQx37YgCzwiKb.KjNyWgaHb9cbcoQgdIVFlYg7B77UdFm', true, 'KdxOqUFXJw', '2018-12-28 01:05:08', '2018-12-28 01:05:08');
INSERT INTO public.users (id, name, apellido, nacionalidad, edad, "tipoUsuario", email, email_verified_at, password, es_valido, remember_token, created_at, updated_at) VALUES (47, 'Manuela Hilpert', 'Jaskolski', 'Et adipisci et iure saepe.', 20, 2, 'werdman@example.org', '2018-12-28 01:05:08', '$2y$10$TKh8H1.PfQx37YgCzwiKb.KjNyWgaHb9cbcoQgdIVFlYg7B77UdFm', true, 'aKZMDoJqnl', '2018-12-28 01:05:08', '2018-12-28 01:05:08');
INSERT INTO public.users (id, name, apellido, nacionalidad, edad, "tipoUsuario", email, email_verified_at, password, es_valido, remember_token, created_at, updated_at) VALUES (48, 'Reva Jacobs', 'Murray', 'Sed quaerat est eius.', 60, 0, 'srenner@example.net', '2018-12-28 01:05:08', '$2y$10$TKh8H1.PfQx37YgCzwiKb.KjNyWgaHb9cbcoQgdIVFlYg7B77UdFm', true, 'LnUcS7lR0l', '2018-12-28 01:05:08', '2018-12-28 01:05:08');
INSERT INTO public.users (id, name, apellido, nacionalidad, edad, "tipoUsuario", email, email_verified_at, password, es_valido, remember_token, created_at, updated_at) VALUES (49, 'Muhammad Wiegand', 'White', 'Et doloribus sed perferendis.', 0, 1, 'earnest52@example.net', '2018-12-28 01:05:08', '$2y$10$TKh8H1.PfQx37YgCzwiKb.KjNyWgaHb9cbcoQgdIVFlYg7B77UdFm', true, 'Oz2GiE9MVG', '2018-12-28 01:05:08', '2018-12-28 01:05:08');
INSERT INTO public.users (id, name, apellido, nacionalidad, edad, "tipoUsuario", email, email_verified_at, password, es_valido, remember_token, created_at, updated_at) VALUES (50, 'Audie Bins', 'Dach', 'Sed asperiores laborum a eius.', 3, 0, 'clittel@example.org', '2018-12-28 01:05:08', '$2y$10$TKh8H1.PfQx37YgCzwiKb.KjNyWgaHb9cbcoQgdIVFlYg7B77UdFm', true, 'gsXQNVWV22', '2018-12-28 01:05:08', '2018-12-28 01:05:08');
INSERT INTO public.users (id, name, apellido, nacionalidad, edad, "tipoUsuario", email, email_verified_at, password, es_valido, remember_token, created_at, updated_at) VALUES (51, 'Jamel Rowe', 'Bartell', 'Tempora et delectus ex commodi.', 8, 1, 'qzulauf@example.org', '2018-12-28 01:05:08', '$2y$10$TKh8H1.PfQx37YgCzwiKb.KjNyWgaHb9cbcoQgdIVFlYg7B77UdFm', true, 't3qbcaHpUx', '2018-12-28 01:05:09', '2018-12-28 01:05:09');
INSERT INTO public.users (id, name, apellido, nacionalidad, edad, "tipoUsuario", email, email_verified_at, password, es_valido, remember_token, created_at, updated_at) VALUES (52, 'Neil Bogisich', 'Breitenberg', 'Ratione labore minus voluptas.', 88, 0, 'istreich@example.net', '2018-12-28 01:05:08', '$2y$10$TKh8H1.PfQx37YgCzwiKb.KjNyWgaHb9cbcoQgdIVFlYg7B77UdFm', true, 'pPBTX9Qu18', '2018-12-28 01:05:09', '2018-12-28 01:05:09');
INSERT INTO public.users (id, name, apellido, nacionalidad, edad, "tipoUsuario", email, email_verified_at, password, es_valido, remember_token, created_at, updated_at) VALUES (53, 'Wava Lesch Sr.', 'Cummerata', 'Sint autem laborum non.', 71, 1, 'westley.cormier@example.net', '2018-12-28 01:05:08', '$2y$10$TKh8H1.PfQx37YgCzwiKb.KjNyWgaHb9cbcoQgdIVFlYg7B77UdFm', true, 'gKTvRj9TVn', '2018-12-28 01:05:09', '2018-12-28 01:05:09');
INSERT INTO public.users (id, name, apellido, nacionalidad, edad, "tipoUsuario", email, email_verified_at, password, es_valido, remember_token, created_at, updated_at) VALUES (54, 'Justen Wintheiser', 'Turner', 'Quis animi recusandae esse.', 21, 1, 'alycia88@example.net', '2018-12-28 01:05:08', '$2y$10$TKh8H1.PfQx37YgCzwiKb.KjNyWgaHb9cbcoQgdIVFlYg7B77UdFm', true, '95KQz9zEef', '2018-12-28 01:05:09', '2018-12-28 01:05:09');
INSERT INTO public.users (id, name, apellido, nacionalidad, edad, "tipoUsuario", email, email_verified_at, password, es_valido, remember_token, created_at, updated_at) VALUES (55, 'Favian Towne', 'O''Kon', 'Hic quisquam quaerat aut aut.', 45, 0, 'germaine79@example.com', '2018-12-28 01:05:08', '$2y$10$TKh8H1.PfQx37YgCzwiKb.KjNyWgaHb9cbcoQgdIVFlYg7B77UdFm', true, 'nMGGk0HtD9', '2018-12-28 01:05:09', '2018-12-28 01:05:09');
INSERT INTO public.users (id, name, apellido, nacionalidad, edad, "tipoUsuario", email, email_verified_at, password, es_valido, remember_token, created_at, updated_at) VALUES (56, 'Rhea Ryan', 'Stiedemann', 'Beatae et eum sunt sed.', 92, 2, 'ljones@example.org', '2018-12-28 01:05:08', '$2y$10$TKh8H1.PfQx37YgCzwiKb.KjNyWgaHb9cbcoQgdIVFlYg7B77UdFm', true, 'bcPcHlqvIr', '2018-12-28 01:05:09', '2018-12-28 01:05:09');
INSERT INTO public.users (id, name, apellido, nacionalidad, edad, "tipoUsuario", email, email_verified_at, password, es_valido, remember_token, created_at, updated_at) VALUES (57, 'Prof. Sunny Jones V', 'Simonis', 'Illum sit deleniti aut maxime.', 73, 1, 'cfisher@example.org', '2018-12-28 01:05:08', '$2y$10$TKh8H1.PfQx37YgCzwiKb.KjNyWgaHb9cbcoQgdIVFlYg7B77UdFm', true, 'O8Fq3UkZ33', '2018-12-28 01:05:09', '2018-12-28 01:05:09');
INSERT INTO public.users (id, name, apellido, nacionalidad, edad, "tipoUsuario", email, email_verified_at, password, es_valido, remember_token, created_at, updated_at) VALUES (58, 'Beryl Hoppe', 'Howe', 'Id aliquid dicta optio iure.', 36, 2, 'brock46@example.net', '2018-12-28 01:05:08', '$2y$10$TKh8H1.PfQx37YgCzwiKb.KjNyWgaHb9cbcoQgdIVFlYg7B77UdFm', true, 'ZGlN5t00kL', '2018-12-28 01:05:09', '2018-12-28 01:05:09');
INSERT INTO public.users (id, name, apellido, nacionalidad, edad, "tipoUsuario", email, email_verified_at, password, es_valido, remember_token, created_at, updated_at) VALUES (59, 'Dr. Earlene Bechtelar', 'Labadie', 'Beatae qui rerum aut nihil.', 72, 2, 'ssauer@example.com', '2018-12-28 01:05:08', '$2y$10$TKh8H1.PfQx37YgCzwiKb.KjNyWgaHb9cbcoQgdIVFlYg7B77UdFm', true, 'h8bC7yPDJj', '2018-12-28 01:05:09', '2018-12-28 01:05:09');
INSERT INTO public.users (id, name, apellido, nacionalidad, edad, "tipoUsuario", email, email_verified_at, password, es_valido, remember_token, created_at, updated_at) VALUES (60, 'Akeem Wunsch', 'Kuhn', 'Molestiae et atque possimus.', 96, 0, 'elvie.reinger@example.com', '2018-12-28 01:05:08', '$2y$10$TKh8H1.PfQx37YgCzwiKb.KjNyWgaHb9cbcoQgdIVFlYg7B77UdFm', true, 's66gQ2mJ1X', '2018-12-28 01:05:09', '2018-12-28 01:05:09');
INSERT INTO public.users (id, name, apellido, nacionalidad, edad, "tipoUsuario", email, email_verified_at, password, es_valido, remember_token, created_at, updated_at) VALUES (61, 'Dr. Miles Jakubowski', 'Klocko', 'Quas rem nihil in.', 28, 1, 'maryse.graham@example.com', '2018-12-28 01:05:08', '$2y$10$TKh8H1.PfQx37YgCzwiKb.KjNyWgaHb9cbcoQgdIVFlYg7B77UdFm', true, '6OWKxFsvtK', '2018-12-28 01:05:09', '2018-12-28 01:05:09');
INSERT INTO public.users (id, name, apellido, nacionalidad, edad, "tipoUsuario", email, email_verified_at, password, es_valido, remember_token, created_at, updated_at) VALUES (62, 'Bret Hammes', 'Kemmer', 'Quia ducimus itaque voluptatum.', 24, 2, 'michaela.daniel@example.net', '2018-12-28 01:05:08', '$2y$10$TKh8H1.PfQx37YgCzwiKb.KjNyWgaHb9cbcoQgdIVFlYg7B77UdFm', true, 'eqMt5lZ3xL', '2018-12-28 01:05:09', '2018-12-28 01:05:09');
INSERT INTO public.users (id, name, apellido, nacionalidad, edad, "tipoUsuario", email, email_verified_at, password, es_valido, remember_token, created_at, updated_at) VALUES (63, 'Prof. Jerrold Walker', 'Zieme', 'Id in sint facilis et.', 79, 2, 'richmond95@example.com', '2018-12-28 01:05:08', '$2y$10$TKh8H1.PfQx37YgCzwiKb.KjNyWgaHb9cbcoQgdIVFlYg7B77UdFm', true, 'tRDKbYVawC', '2018-12-28 01:05:09', '2018-12-28 01:05:09');
INSERT INTO public.users (id, name, apellido, nacionalidad, edad, "tipoUsuario", email, email_verified_at, password, es_valido, remember_token, created_at, updated_at) VALUES (64, 'Lauriane Lehner', 'Schaefer', 'Nesciunt eligendi sed omnis.', 47, 1, 'gust22@example.org', '2018-12-28 01:05:08', '$2y$10$TKh8H1.PfQx37YgCzwiKb.KjNyWgaHb9cbcoQgdIVFlYg7B77UdFm', true, 'dJeuKd0558', '2018-12-28 01:05:09', '2018-12-28 01:05:09');
INSERT INTO public.users (id, name, apellido, nacionalidad, edad, "tipoUsuario", email, email_verified_at, password, es_valido, remember_token, created_at, updated_at) VALUES (65, 'Ayden Schaden', 'Lakin', 'Dicta dicta quia saepe et.', 14, 2, 'bdoyle@example.com', '2018-12-28 01:05:08', '$2y$10$TKh8H1.PfQx37YgCzwiKb.KjNyWgaHb9cbcoQgdIVFlYg7B77UdFm', true, 'eJ9L09tZoE', '2018-12-28 01:05:09', '2018-12-28 01:05:09');
INSERT INTO public.users (id, name, apellido, nacionalidad, edad, "tipoUsuario", email, email_verified_at, password, es_valido, remember_token, created_at, updated_at) VALUES (66, 'Everardo Kiehn', 'Wyman', 'Incidunt et fugiat et omnis ut.', 75, 2, 'katelyn.nader@example.org', '2018-12-28 01:05:08', '$2y$10$TKh8H1.PfQx37YgCzwiKb.KjNyWgaHb9cbcoQgdIVFlYg7B77UdFm', true, '1YkLQ5f9l9', '2018-12-28 01:05:09', '2018-12-28 01:05:09');
INSERT INTO public.users (id, name, apellido, nacionalidad, edad, "tipoUsuario", email, email_verified_at, password, es_valido, remember_token, created_at, updated_at) VALUES (67, 'Maida Hilpert', 'Predovic', 'Quo nesciunt dolorum eveniet.', 11, 0, 'korey.mcglynn@example.net', '2018-12-28 01:05:08', '$2y$10$TKh8H1.PfQx37YgCzwiKb.KjNyWgaHb9cbcoQgdIVFlYg7B77UdFm', true, 'sSd7uzfUtG', '2018-12-28 01:05:09', '2018-12-28 01:05:09');
INSERT INTO public.users (id, name, apellido, nacionalidad, edad, "tipoUsuario", email, email_verified_at, password, es_valido, remember_token, created_at, updated_at) VALUES (68, 'Kyler Wisoky', 'Jast', 'Illo minus ipsum qui iste.', 41, 2, 'corkery.myles@example.net', '2018-12-28 01:05:08', '$2y$10$TKh8H1.PfQx37YgCzwiKb.KjNyWgaHb9cbcoQgdIVFlYg7B77UdFm', true, 'Vbib2z2R72', '2018-12-28 01:05:09', '2018-12-28 01:05:09');
INSERT INTO public.users (id, name, apellido, nacionalidad, edad, "tipoUsuario", email, email_verified_at, password, es_valido, remember_token, created_at, updated_at) VALUES (69, 'Dr. Pablo Dibbert I', 'Lowe', 'Aut dolor laboriosam rerum.', 43, 1, 'stamm.kellen@example.org', '2018-12-28 01:05:08', '$2y$10$TKh8H1.PfQx37YgCzwiKb.KjNyWgaHb9cbcoQgdIVFlYg7B77UdFm', true, 'SNDTblRhk8', '2018-12-28 01:05:09', '2018-12-28 01:05:09');
INSERT INTO public.users (id, name, apellido, nacionalidad, edad, "tipoUsuario", email, email_verified_at, password, es_valido, remember_token, created_at, updated_at) VALUES (70, 'Dr. Rickie Hettinger', 'Schaden', 'A porro ea natus ipsam.', 38, 0, 'alexander.cassin@example.net', '2018-12-28 01:05:08', '$2y$10$TKh8H1.PfQx37YgCzwiKb.KjNyWgaHb9cbcoQgdIVFlYg7B77UdFm', true, 'VZdHgrCdEM', '2018-12-28 01:05:09', '2018-12-28 01:05:09');
INSERT INTO public.users (id, name, apellido, nacionalidad, edad, "tipoUsuario", email, email_verified_at, password, es_valido, remember_token, created_at, updated_at) VALUES (71, 'Delmer Wolff', 'Borer', 'Quis eos cupiditate dolorem.', 60, 1, 'koby41@example.net', '2018-12-28 01:05:08', '$2y$10$TKh8H1.PfQx37YgCzwiKb.KjNyWgaHb9cbcoQgdIVFlYg7B77UdFm', true, 'jzR98fcVto', '2018-12-28 01:05:09', '2018-12-28 01:05:09');
INSERT INTO public.users (id, name, apellido, nacionalidad, edad, "tipoUsuario", email, email_verified_at, password, es_valido, remember_token, created_at, updated_at) VALUES (72, 'Alexis Windler', 'Gulgowski', 'Sunt optio a est omnis.', 76, 1, 'vwilkinson@example.net', '2018-12-28 01:05:08', '$2y$10$TKh8H1.PfQx37YgCzwiKb.KjNyWgaHb9cbcoQgdIVFlYg7B77UdFm', true, 'WnVhOkM4o7', '2018-12-28 01:05:09', '2018-12-28 01:05:09');
INSERT INTO public.users (id, name, apellido, nacionalidad, edad, "tipoUsuario", email, email_verified_at, password, es_valido, remember_token, created_at, updated_at) VALUES (73, 'Miss Luz Baumbach I', 'Harris', 'Qui quia asperiores quae enim.', 79, 1, 'cremin.stevie@example.org', '2018-12-28 01:05:08', '$2y$10$TKh8H1.PfQx37YgCzwiKb.KjNyWgaHb9cbcoQgdIVFlYg7B77UdFm', true, 'NdTskKz8n2', '2018-12-28 01:05:09', '2018-12-28 01:05:09');
INSERT INTO public.users (id, name, apellido, nacionalidad, edad, "tipoUsuario", email, email_verified_at, password, es_valido, remember_token, created_at, updated_at) VALUES (74, 'Doris Feeney', 'Bradtke', 'Est molestiae odio molestias.', 96, 0, 'carli.lind@example.org', '2018-12-28 01:05:08', '$2y$10$TKh8H1.PfQx37YgCzwiKb.KjNyWgaHb9cbcoQgdIVFlYg7B77UdFm', true, 'l1EEwIwODY', '2018-12-28 01:05:09', '2018-12-28 01:05:09');
INSERT INTO public.users (id, name, apellido, nacionalidad, edad, "tipoUsuario", email, email_verified_at, password, es_valido, remember_token, created_at, updated_at) VALUES (75, 'Pink Connelly', 'Towne', 'Odio consequatur harum aliquid.', 32, 1, 'matilda.hansen@example.net', '2018-12-28 01:05:08', '$2y$10$TKh8H1.PfQx37YgCzwiKb.KjNyWgaHb9cbcoQgdIVFlYg7B77UdFm', true, '88IQp8OElX', '2018-12-28 01:05:09', '2018-12-28 01:05:09');
INSERT INTO public.users (id, name, apellido, nacionalidad, edad, "tipoUsuario", email, email_verified_at, password, es_valido, remember_token, created_at, updated_at) VALUES (76, 'Georgianna Bednar', 'Oberbrunner', 'Ut et voluptatem quaerat.', 26, 0, 'mitchell.rodrick@example.com', '2018-12-28 01:05:08', '$2y$10$TKh8H1.PfQx37YgCzwiKb.KjNyWgaHb9cbcoQgdIVFlYg7B77UdFm', true, 'lVE470AKYT', '2018-12-28 01:05:09', '2018-12-28 01:05:09');
INSERT INTO public.users (id, name, apellido, nacionalidad, edad, "tipoUsuario", email, email_verified_at, password, es_valido, remember_token, created_at, updated_at) VALUES (77, 'Vladimir Kerluke', 'Cole', 'Voluptas praesentium eos ea.', 54, 0, 'gschneider@example.org', '2018-12-28 01:05:08', '$2y$10$TKh8H1.PfQx37YgCzwiKb.KjNyWgaHb9cbcoQgdIVFlYg7B77UdFm', true, 'hKsTLEIi8y', '2018-12-28 01:05:09', '2018-12-28 01:05:09');
INSERT INTO public.users (id, name, apellido, nacionalidad, edad, "tipoUsuario", email, email_verified_at, password, es_valido, remember_token, created_at, updated_at) VALUES (78, 'Madison Jaskolski', 'Mraz', 'Sint quaerat magnam iste ut.', 32, 0, 'schinner.olin@example.com', '2018-12-28 01:05:08', '$2y$10$TKh8H1.PfQx37YgCzwiKb.KjNyWgaHb9cbcoQgdIVFlYg7B77UdFm', true, 'XSpERQDAxg', '2018-12-28 01:05:09', '2018-12-28 01:05:09');
INSERT INTO public.users (id, name, apellido, nacionalidad, edad, "tipoUsuario", email, email_verified_at, password, es_valido, remember_token, created_at, updated_at) VALUES (79, 'Tillman Barrows', 'Gleason', 'Tenetur ullam nisi aut tenetur.', 9, 1, 'ova83@example.com', '2018-12-28 01:05:08', '$2y$10$TKh8H1.PfQx37YgCzwiKb.KjNyWgaHb9cbcoQgdIVFlYg7B77UdFm', true, '73VEnKYc6C', '2018-12-28 01:05:09', '2018-12-28 01:05:09');
INSERT INTO public.users (id, name, apellido, nacionalidad, edad, "tipoUsuario", email, email_verified_at, password, es_valido, remember_token, created_at, updated_at) VALUES (80, 'Eloise Fritsch', 'Christiansen', 'Non sed et quis et cumque quo.', 82, 2, 'river.hill@example.net', '2018-12-28 01:05:08', '$2y$10$TKh8H1.PfQx37YgCzwiKb.KjNyWgaHb9cbcoQgdIVFlYg7B77UdFm', true, 'RyjaakuZ33', '2018-12-28 01:05:09', '2018-12-28 01:05:09');
INSERT INTO public.users (id, name, apellido, nacionalidad, edad, "tipoUsuario", email, email_verified_at, password, es_valido, remember_token, created_at, updated_at) VALUES (81, 'Ozella Schuppe', 'Hettinger', 'Magnam quod velit harum.', 78, 2, 'dolores06@example.com', '2018-12-28 01:05:08', '$2y$10$TKh8H1.PfQx37YgCzwiKb.KjNyWgaHb9cbcoQgdIVFlYg7B77UdFm', true, 'SV6xDwEuqN', '2018-12-28 01:05:09', '2018-12-28 01:05:09');
INSERT INTO public.users (id, name, apellido, nacionalidad, edad, "tipoUsuario", email, email_verified_at, password, es_valido, remember_token, created_at, updated_at) VALUES (82, 'Katheryn Schowalter', 'Halvorson', 'Eveniet ut doloribus et eum.', 79, 1, 'dusty79@example.net', '2018-12-28 01:05:08', '$2y$10$TKh8H1.PfQx37YgCzwiKb.KjNyWgaHb9cbcoQgdIVFlYg7B77UdFm', true, 'DSbQDCHCLQ', '2018-12-28 01:05:09', '2018-12-28 01:05:09');
INSERT INTO public.users (id, name, apellido, nacionalidad, edad, "tipoUsuario", email, email_verified_at, password, es_valido, remember_token, created_at, updated_at) VALUES (83, 'Lulu Senger', 'Davis', 'Magni delectus at nam quis.', 26, 1, 'anissa84@example.org', '2018-12-28 01:05:08', '$2y$10$TKh8H1.PfQx37YgCzwiKb.KjNyWgaHb9cbcoQgdIVFlYg7B77UdFm', true, 'qR1IASR969', '2018-12-28 01:05:09', '2018-12-28 01:05:09');
INSERT INTO public.users (id, name, apellido, nacionalidad, edad, "tipoUsuario", email, email_verified_at, password, es_valido, remember_token, created_at, updated_at) VALUES (84, 'Toni Will', 'Kerluke', 'Aliquam pariatur quas ad id.', 34, 1, 'wiza.zella@example.net', '2018-12-28 01:05:08', '$2y$10$TKh8H1.PfQx37YgCzwiKb.KjNyWgaHb9cbcoQgdIVFlYg7B77UdFm', true, 'aAzTEyMncL', '2018-12-28 01:05:09', '2018-12-28 01:05:09');
INSERT INTO public.users (id, name, apellido, nacionalidad, edad, "tipoUsuario", email, email_verified_at, password, es_valido, remember_token, created_at, updated_at) VALUES (85, 'Garland Considine Jr.', 'Hettinger', 'Hic saepe beatae fugiat.', 81, 1, 'gweber@example.com', '2018-12-28 01:05:08', '$2y$10$TKh8H1.PfQx37YgCzwiKb.KjNyWgaHb9cbcoQgdIVFlYg7B77UdFm', true, 'wsifmipzHO', '2018-12-28 01:05:09', '2018-12-28 01:05:09');
INSERT INTO public.users (id, name, apellido, nacionalidad, edad, "tipoUsuario", email, email_verified_at, password, es_valido, remember_token, created_at, updated_at) VALUES (86, 'Rosalyn Mertz', 'Mann', 'Reprehenderit saepe in rerum.', 68, 0, 'dan.grady@example.net', '2018-12-28 01:05:08', '$2y$10$TKh8H1.PfQx37YgCzwiKb.KjNyWgaHb9cbcoQgdIVFlYg7B77UdFm', true, 'xcVuuAWmcS', '2018-12-28 01:05:09', '2018-12-28 01:05:09');
INSERT INTO public.users (id, name, apellido, nacionalidad, edad, "tipoUsuario", email, email_verified_at, password, es_valido, remember_token, created_at, updated_at) VALUES (87, 'Prof. Shad Murphy', 'Nicolas', 'Rerum earum quasi minus.', 49, 2, 'tessie24@example.net', '2018-12-28 01:05:08', '$2y$10$TKh8H1.PfQx37YgCzwiKb.KjNyWgaHb9cbcoQgdIVFlYg7B77UdFm', true, 'cJInuNJmrF', '2018-12-28 01:05:09', '2018-12-28 01:05:09');
INSERT INTO public.users (id, name, apellido, nacionalidad, edad, "tipoUsuario", email, email_verified_at, password, es_valido, remember_token, created_at, updated_at) VALUES (88, 'Branson Strosin', 'Satterfield', 'Ex soluta blanditiis molestiae.', 54, 0, 'fhansen@example.net', '2018-12-28 01:05:08', '$2y$10$TKh8H1.PfQx37YgCzwiKb.KjNyWgaHb9cbcoQgdIVFlYg7B77UdFm', true, 'vvQxgxvkcI', '2018-12-28 01:05:09', '2018-12-28 01:05:09');
INSERT INTO public.users (id, name, apellido, nacionalidad, edad, "tipoUsuario", email, email_verified_at, password, es_valido, remember_token, created_at, updated_at) VALUES (89, 'Mr. Newell Herman PhD', 'Larkin', 'Architecto eaque ipsa et.', 88, 2, 'neoma.lebsack@example.org', '2018-12-28 01:05:08', '$2y$10$TKh8H1.PfQx37YgCzwiKb.KjNyWgaHb9cbcoQgdIVFlYg7B77UdFm', true, 'DqsUESK75M', '2018-12-28 01:05:09', '2018-12-28 01:05:09');
INSERT INTO public.users (id, name, apellido, nacionalidad, edad, "tipoUsuario", email, email_verified_at, password, es_valido, remember_token, created_at, updated_at) VALUES (90, 'Arturo Abbott', 'Bahringer', 'Natus maiores eum saepe.', 85, 0, 'eswaniawski@example.net', '2018-12-28 01:05:08', '$2y$10$TKh8H1.PfQx37YgCzwiKb.KjNyWgaHb9cbcoQgdIVFlYg7B77UdFm', true, 'whvdjl0BHW', '2018-12-28 01:05:09', '2018-12-28 01:05:09');
INSERT INTO public.users (id, name, apellido, nacionalidad, edad, "tipoUsuario", email, email_verified_at, password, es_valido, remember_token, created_at, updated_at) VALUES (91, 'Carlee King', 'Hegmann', 'Ullam quis iure sapiente est.', 100, 2, 'clementine.zieme@example.com', '2018-12-28 01:05:08', '$2y$10$TKh8H1.PfQx37YgCzwiKb.KjNyWgaHb9cbcoQgdIVFlYg7B77UdFm', true, 'g2Q9VaIxxF', '2018-12-28 01:05:09', '2018-12-28 01:05:09');
INSERT INTO public.users (id, name, apellido, nacionalidad, edad, "tipoUsuario", email, email_verified_at, password, es_valido, remember_token, created_at, updated_at) VALUES (92, 'Marques Oberbrunner', 'Klocko', 'Quis ad officia mollitia illo.', 80, 0, 'verdman@example.org', '2018-12-28 01:05:08', '$2y$10$TKh8H1.PfQx37YgCzwiKb.KjNyWgaHb9cbcoQgdIVFlYg7B77UdFm', true, '2P4Key7K1r', '2018-12-28 01:05:09', '2018-12-28 01:05:09');
INSERT INTO public.users (id, name, apellido, nacionalidad, edad, "tipoUsuario", email, email_verified_at, password, es_valido, remember_token, created_at, updated_at) VALUES (93, 'Junius Nienow', 'Price', 'Eum et rerum hic beatae.', 79, 1, 'rebeka.skiles@example.com', '2018-12-28 01:05:08', '$2y$10$TKh8H1.PfQx37YgCzwiKb.KjNyWgaHb9cbcoQgdIVFlYg7B77UdFm', true, 'Hk1L3gRbHV', '2018-12-28 01:05:09', '2018-12-28 01:05:09');
INSERT INTO public.users (id, name, apellido, nacionalidad, edad, "tipoUsuario", email, email_verified_at, password, es_valido, remember_token, created_at, updated_at) VALUES (94, 'Domenick Zboncak', 'Boyle', 'Dolor excepturi iure sit hic.', 10, 1, 'bahringer.lavina@example.org', '2018-12-28 01:05:08', '$2y$10$TKh8H1.PfQx37YgCzwiKb.KjNyWgaHb9cbcoQgdIVFlYg7B77UdFm', true, '5jdRQRKZls', '2018-12-28 01:05:09', '2018-12-28 01:05:09');
INSERT INTO public.users (id, name, apellido, nacionalidad, edad, "tipoUsuario", email, email_verified_at, password, es_valido, remember_token, created_at, updated_at) VALUES (95, 'Nettie Zieme', 'Blick', 'Id sed officiis est molestias.', 26, 2, 'oleta56@example.org', '2018-12-28 01:05:08', '$2y$10$TKh8H1.PfQx37YgCzwiKb.KjNyWgaHb9cbcoQgdIVFlYg7B77UdFm', true, 'FHKgJytnJw', '2018-12-28 01:05:09', '2018-12-28 01:05:09');
INSERT INTO public.users (id, name, apellido, nacionalidad, edad, "tipoUsuario", email, email_verified_at, password, es_valido, remember_token, created_at, updated_at) VALUES (96, 'Mrs. Jaquelin Huels IV', 'Stamm', 'Earum non qui natus et quis.', 66, 0, 'stoltenberg.era@example.net', '2018-12-28 01:05:08', '$2y$10$TKh8H1.PfQx37YgCzwiKb.KjNyWgaHb9cbcoQgdIVFlYg7B77UdFm', true, '33JJYW8rBZ', '2018-12-28 01:05:09', '2018-12-28 01:05:09');
INSERT INTO public.users (id, name, apellido, nacionalidad, edad, "tipoUsuario", email, email_verified_at, password, es_valido, remember_token, created_at, updated_at) VALUES (97, 'Randall Corkery', 'Leuschke', 'Quisquam iste ducimus ut cum.', 27, 0, 'cedrick92@example.net', '2018-12-28 01:05:08', '$2y$10$TKh8H1.PfQx37YgCzwiKb.KjNyWgaHb9cbcoQgdIVFlYg7B77UdFm', true, 'sU1gblYul6', '2018-12-28 01:05:09', '2018-12-28 01:05:09');
INSERT INTO public.users (id, name, apellido, nacionalidad, edad, "tipoUsuario", email, email_verified_at, password, es_valido, remember_token, created_at, updated_at) VALUES (98, 'Julius Berge Sr.', 'Reichert', 'Est maiores omnis nam iure.', 38, 0, 'ada.heller@example.org', '2018-12-28 01:05:08', '$2y$10$TKh8H1.PfQx37YgCzwiKb.KjNyWgaHb9cbcoQgdIVFlYg7B77UdFm', true, 'D6yBwkAGjG', '2018-12-28 01:05:09', '2018-12-28 01:05:09');
INSERT INTO public.users (id, name, apellido, nacionalidad, edad, "tipoUsuario", email, email_verified_at, password, es_valido, remember_token, created_at, updated_at) VALUES (99, 'Griffin Kozey', 'Collins', 'Nihil earum sapiente ut.', 3, 0, 'rosalind05@example.net', '2018-12-28 01:05:08', '$2y$10$TKh8H1.PfQx37YgCzwiKb.KjNyWgaHb9cbcoQgdIVFlYg7B77UdFm', true, '59PFatDr76', '2018-12-28 01:05:09', '2018-12-28 01:05:09');
INSERT INTO public.users (id, name, apellido, nacionalidad, edad, "tipoUsuario", email, email_verified_at, password, es_valido, remember_token, created_at, updated_at) VALUES (100, 'Candice West Jr.', 'Stiedemann', 'Vel sit sed quo dicta.', 51, 1, 'cristopher.labadie@example.org', '2018-12-28 01:05:08', '$2y$10$TKh8H1.PfQx37YgCzwiKb.KjNyWgaHb9cbcoQgdIVFlYg7B77UdFm', true, 'VOVQ1ApOvM', '2018-12-28 01:05:09', '2018-12-28 01:05:09');INSERT INTO public.compras (id, reserva_id, user_id, fecha_compra, es_valido, created_at, updated_at) VALUES (1, 42, 1, '2018-12-28 01:05:09', true, '2018-12-28 01:05:09', '2018-12-28 01:05:09');
INSERT INTO public.compras (id, reserva_id, user_id, fecha_compra, es_valido, created_at, updated_at) VALUES (2, 10, 50, '2018-12-28 01:05:09', true, '2018-12-28 01:05:09', '2018-12-28 01:05:09');
INSERT INTO public.compras (id, reserva_id, user_id, fecha_compra, es_valido, created_at, updated_at) VALUES (3, 50, 26, '2018-12-28 01:05:09', true, '2018-12-28 01:05:09', '2018-12-28 01:05:09');
INSERT INTO public.compras (id, reserva_id, user_id, fecha_compra, es_valido, created_at, updated_at) VALUES (4, 44, 66, '2018-12-28 01:05:09', true, '2018-12-28 01:05:09', '2018-12-28 01:05:09');
INSERT INTO public.compras (id, reserva_id, user_id, fecha_compra, es_valido, created_at, updated_at) VALUES (5, 76, 90, '2018-12-28 01:05:09', true, '2018-12-28 01:05:09', '2018-12-28 01:05:09');
INSERT INTO public.compras (id, reserva_id, user_id, fecha_compra, es_valido, created_at, updated_at) VALUES (6, 35, 41, '2018-12-28 01:05:09', true, '2018-12-28 01:05:09', '2018-12-28 01:05:09');
INSERT INTO public.compras (id, reserva_id, user_id, fecha_compra, es_valido, created_at, updated_at) VALUES (7, 79, 42, '2018-12-28 01:05:09', true, '2018-12-28 01:05:09', '2018-12-28 01:05:09');
INSERT INTO public.compras (id, reserva_id, user_id, fecha_compra, es_valido, created_at, updated_at) VALUES (8, 58, 35, '2018-12-28 01:05:09', true, '2018-12-28 01:05:09', '2018-12-28 01:05:09');
INSERT INTO public.compras (id, reserva_id, user_id, fecha_compra, es_valido, created_at, updated_at) VALUES (9, 31, 49, '2018-12-28 01:05:09', true, '2018-12-28 01:05:09', '2018-12-28 01:05:09');
INSERT INTO public.compras (id, reserva_id, user_id, fecha_compra, es_valido, created_at, updated_at) VALUES (10, 9, 67, '2018-12-28 01:05:09', true, '2018-12-28 01:05:09', '2018-12-28 01:05:09');
INSERT INTO public.compras (id, reserva_id, user_id, fecha_compra, es_valido, created_at, updated_at) VALUES (11, 26, 47, '2018-12-28 01:05:09', true, '2018-12-28 01:05:09', '2018-12-28 01:05:09');
INSERT INTO public.compras (id, reserva_id, user_id, fecha_compra, es_valido, created_at, updated_at) VALUES (12, 60, 79, '2018-12-28 01:05:09', true, '2018-12-28 01:05:09', '2018-12-28 01:05:09');
INSERT INTO public.compras (id, reserva_id, user_id, fecha_compra, es_valido, created_at, updated_at) VALUES (13, 74, 22, '2018-12-28 01:05:09', true, '2018-12-28 01:05:09', '2018-12-28 01:05:09');
INSERT INTO public.compras (id, reserva_id, user_id, fecha_compra, es_valido, created_at, updated_at) VALUES (14, 61, 98, '2018-12-28 01:05:09', true, '2018-12-28 01:05:09', '2018-12-28 01:05:09');
INSERT INTO public.compras (id, reserva_id, user_id, fecha_compra, es_valido, created_at, updated_at) VALUES (15, 30, 40, '2018-12-28 01:05:09', true, '2018-12-28 01:05:09', '2018-12-28 01:05:09');
INSERT INTO public.compras (id, reserva_id, user_id, fecha_compra, es_valido, created_at, updated_at) VALUES (16, 61, 69, '2018-12-28 01:05:09', true, '2018-12-28 01:05:09', '2018-12-28 01:05:09');
INSERT INTO public.compras (id, reserva_id, user_id, fecha_compra, es_valido, created_at, updated_at) VALUES (17, 36, 80, '2018-12-28 01:05:09', true, '2018-12-28 01:05:09', '2018-12-28 01:05:09');
INSERT INTO public.compras (id, reserva_id, user_id, fecha_compra, es_valido, created_at, updated_at) VALUES (18, 73, 56, '2018-12-28 01:05:09', true, '2018-12-28 01:05:09', '2018-12-28 01:05:09');
INSERT INTO public.compras (id, reserva_id, user_id, fecha_compra, es_valido, created_at, updated_at) VALUES (19, 3, 70, '2018-12-28 01:05:09', true, '2018-12-28 01:05:09', '2018-12-28 01:05:09');
INSERT INTO public.compras (id, reserva_id, user_id, fecha_compra, es_valido, created_at, updated_at) VALUES (20, 72, 97, '2018-12-28 01:05:09', true, '2018-12-28 01:05:09', '2018-12-28 01:05:09');
INSERT INTO public.compras (id, reserva_id, user_id, fecha_compra, es_valido, created_at, updated_at) VALUES (21, 61, 58, '2018-12-28 01:05:09', true, '2018-12-28 01:05:09', '2018-12-28 01:05:09');
INSERT INTO public.compras (id, reserva_id, user_id, fecha_compra, es_valido, created_at, updated_at) VALUES (22, 89, 65, '2018-12-28 01:05:09', true, '2018-12-28 01:05:09', '2018-12-28 01:05:09');
INSERT INTO public.compras (id, reserva_id, user_id, fecha_compra, es_valido, created_at, updated_at) VALUES (23, 10, 22, '2018-12-28 01:05:09', true, '2018-12-28 01:05:09', '2018-12-28 01:05:09');
INSERT INTO public.compras (id, reserva_id, user_id, fecha_compra, es_valido, created_at, updated_at) VALUES (24, 29, 46, '2018-12-28 01:05:09', true, '2018-12-28 01:05:09', '2018-12-28 01:05:09');
INSERT INTO public.compras (id, reserva_id, user_id, fecha_compra, es_valido, created_at, updated_at) VALUES (25, 83, 73, '2018-12-28 01:05:09', true, '2018-12-28 01:05:09', '2018-12-28 01:05:09');
INSERT INTO public.compras (id, reserva_id, user_id, fecha_compra, es_valido, created_at, updated_at) VALUES (26, 97, 20, '2018-12-28 01:05:09', true, '2018-12-28 01:05:09', '2018-12-28 01:05:09');
INSERT INTO public.compras (id, reserva_id, user_id, fecha_compra, es_valido, created_at, updated_at) VALUES (27, 99, 63, '2018-12-28 01:05:09', true, '2018-12-28 01:05:09', '2018-12-28 01:05:09');
INSERT INTO public.compras (id, reserva_id, user_id, fecha_compra, es_valido, created_at, updated_at) VALUES (28, 79, 63, '2018-12-28 01:05:09', true, '2018-12-28 01:05:09', '2018-12-28 01:05:09');
INSERT INTO public.compras (id, reserva_id, user_id, fecha_compra, es_valido, created_at, updated_at) VALUES (29, 25, 62, '2018-12-28 01:05:09', true, '2018-12-28 01:05:09', '2018-12-28 01:05:09');
INSERT INTO public.compras (id, reserva_id, user_id, fecha_compra, es_valido, created_at, updated_at) VALUES (30, 9, 28, '2018-12-28 01:05:09', true, '2018-12-28 01:05:09', '2018-12-28 01:05:09');
INSERT INTO public.compras (id, reserva_id, user_id, fecha_compra, es_valido, created_at, updated_at) VALUES (31, 36, 67, '2018-12-28 01:05:09', true, '2018-12-28 01:05:09', '2018-12-28 01:05:09');
INSERT INTO public.compras (id, reserva_id, user_id, fecha_compra, es_valido, created_at, updated_at) VALUES (32, 17, 84, '2018-12-28 01:05:09', true, '2018-12-28 01:05:09', '2018-12-28 01:05:09');
INSERT INTO public.compras (id, reserva_id, user_id, fecha_compra, es_valido, created_at, updated_at) VALUES (33, 10, 95, '2018-12-28 01:05:09', true, '2018-12-28 01:05:09', '2018-12-28 01:05:09');
INSERT INTO public.compras (id, reserva_id, user_id, fecha_compra, es_valido, created_at, updated_at) VALUES (34, 82, 67, '2018-12-28 01:05:09', true, '2018-12-28 01:05:09', '2018-12-28 01:05:09');
INSERT INTO public.compras (id, reserva_id, user_id, fecha_compra, es_valido, created_at, updated_at) VALUES (35, 57, 94, '2018-12-28 01:05:09', true, '2018-12-28 01:05:09', '2018-12-28 01:05:09');
INSERT INTO public.compras (id, reserva_id, user_id, fecha_compra, es_valido, created_at, updated_at) VALUES (36, 50, 48, '2018-12-28 01:05:09', true, '2018-12-28 01:05:09', '2018-12-28 01:05:09');
INSERT INTO public.compras (id, reserva_id, user_id, fecha_compra, es_valido, created_at, updated_at) VALUES (37, 46, 69, '2018-12-28 01:05:09', true, '2018-12-28 01:05:09', '2018-12-28 01:05:09');
INSERT INTO public.compras (id, reserva_id, user_id, fecha_compra, es_valido, created_at, updated_at) VALUES (38, 79, 17, '2018-12-28 01:05:09', true, '2018-12-28 01:05:09', '2018-12-28 01:05:09');
INSERT INTO public.compras (id, reserva_id, user_id, fecha_compra, es_valido, created_at, updated_at) VALUES (39, 90, 5, '2018-12-28 01:05:09', true, '2018-12-28 01:05:09', '2018-12-28 01:05:09');
INSERT INTO public.compras (id, reserva_id, user_id, fecha_compra, es_valido, created_at, updated_at) VALUES (40, 77, 52, '2018-12-28 01:05:09', true, '2018-12-28 01:05:09', '2018-12-28 01:05:09');
INSERT INTO public.compras (id, reserva_id, user_id, fecha_compra, es_valido, created_at, updated_at) VALUES (41, 38, 78, '2018-12-28 01:05:09', true, '2018-12-28 01:05:09', '2018-12-28 01:05:09');
INSERT INTO public.compras (id, reserva_id, user_id, fecha_compra, es_valido, created_at, updated_at) VALUES (42, 64, 11, '2018-12-28 01:05:09', true, '2018-12-28 01:05:09', '2018-12-28 01:05:09');
INSERT INTO public.compras (id, reserva_id, user_id, fecha_compra, es_valido, created_at, updated_at) VALUES (43, 22, 59, '2018-12-28 01:05:09', true, '2018-12-28 01:05:09', '2018-12-28 01:05:09');
INSERT INTO public.compras (id, reserva_id, user_id, fecha_compra, es_valido, created_at, updated_at) VALUES (44, 44, 55, '2018-12-28 01:05:09', true, '2018-12-28 01:05:09', '2018-12-28 01:05:09');
INSERT INTO public.compras (id, reserva_id, user_id, fecha_compra, es_valido, created_at, updated_at) VALUES (45, 26, 16, '2018-12-28 01:05:09', true, '2018-12-28 01:05:09', '2018-12-28 01:05:09');
INSERT INTO public.compras (id, reserva_id, user_id, fecha_compra, es_valido, created_at, updated_at) VALUES (46, 77, 68, '2018-12-28 01:05:09', true, '2018-12-28 01:05:09', '2018-12-28 01:05:09');
INSERT INTO public.compras (id, reserva_id, user_id, fecha_compra, es_valido, created_at, updated_at) VALUES (47, 48, 74, '2018-12-28 01:05:09', true, '2018-12-28 01:05:09', '2018-12-28 01:05:09');
INSERT INTO public.compras (id, reserva_id, user_id, fecha_compra, es_valido, created_at, updated_at) VALUES (48, 77, 98, '2018-12-28 01:05:09', true, '2018-12-28 01:05:09', '2018-12-28 01:05:09');
INSERT INTO public.compras (id, reserva_id, user_id, fecha_compra, es_valido, created_at, updated_at) VALUES (49, 79, 18, '2018-12-28 01:05:09', true, '2018-12-28 01:05:09', '2018-12-28 01:05:09');
INSERT INTO public.compras (id, reserva_id, user_id, fecha_compra, es_valido, created_at, updated_at) VALUES (50, 8, 33, '2018-12-28 01:05:09', true, '2018-12-28 01:05:09', '2018-12-28 01:05:09');
INSERT INTO public.compras (id, reserva_id, user_id, fecha_compra, es_valido, created_at, updated_at) VALUES (51, 96, 8, '2018-12-28 01:05:09', true, '2018-12-28 01:05:09', '2018-12-28 01:05:09');
INSERT INTO public.compras (id, reserva_id, user_id, fecha_compra, es_valido, created_at, updated_at) VALUES (52, 57, 3, '2018-12-28 01:05:09', true, '2018-12-28 01:05:09', '2018-12-28 01:05:09');
INSERT INTO public.compras (id, reserva_id, user_id, fecha_compra, es_valido, created_at, updated_at) VALUES (53, 46, 75, '2018-12-28 01:05:09', true, '2018-12-28 01:05:09', '2018-12-28 01:05:09');
INSERT INTO public.compras (id, reserva_id, user_id, fecha_compra, es_valido, created_at, updated_at) VALUES (54, 65, 36, '2018-12-28 01:05:09', true, '2018-12-28 01:05:09', '2018-12-28 01:05:09');
INSERT INTO public.compras (id, reserva_id, user_id, fecha_compra, es_valido, created_at, updated_at) VALUES (55, 46, 33, '2018-12-28 01:05:09', true, '2018-12-28 01:05:09', '2018-12-28 01:05:09');
INSERT INTO public.compras (id, reserva_id, user_id, fecha_compra, es_valido, created_at, updated_at) VALUES (56, 73, 6, '2018-12-28 01:05:09', true, '2018-12-28 01:05:09', '2018-12-28 01:05:09');
INSERT INTO public.compras (id, reserva_id, user_id, fecha_compra, es_valido, created_at, updated_at) VALUES (57, 66, 55, '2018-12-28 01:05:09', true, '2018-12-28 01:05:09', '2018-12-28 01:05:09');
INSERT INTO public.compras (id, reserva_id, user_id, fecha_compra, es_valido, created_at, updated_at) VALUES (58, 33, 73, '2018-12-28 01:05:09', true, '2018-12-28 01:05:09', '2018-12-28 01:05:09');
INSERT INTO public.compras (id, reserva_id, user_id, fecha_compra, es_valido, created_at, updated_at) VALUES (59, 11, 20, '2018-12-28 01:05:09', true, '2018-12-28 01:05:09', '2018-12-28 01:05:09');
INSERT INTO public.compras (id, reserva_id, user_id, fecha_compra, es_valido, created_at, updated_at) VALUES (60, 67, 30, '2018-12-28 01:05:09', true, '2018-12-28 01:05:09', '2018-12-28 01:05:09');INSERT INTO public.pasajes (id, reserva_id, vuelo_id, fila, columna, pasaje_simple, asiento_bussiness, asiento_discapacidad, es_valido, created_at, updated_at) VALUES (1, 58, 41, 'e                                                                                                                                                                                                                                                              ', 6, false, true, false, true, '2018-12-28 01:05:09', '2018-12-28 01:05:09');
INSERT INTO public.pasajes (id, reserva_id, vuelo_id, fila, columna, pasaje_simple, asiento_bussiness, asiento_discapacidad, es_valido, created_at, updated_at) VALUES (2, 77, 29, 'q                                                                                                                                                                                                                                                              ', 52, false, false, true, true, '2018-12-28 01:05:09', '2018-12-28 01:05:09');
INSERT INTO public.pasajes (id, reserva_id, vuelo_id, fila, columna, pasaje_simple, asiento_bussiness, asiento_discapacidad, es_valido, created_at, updated_at) VALUES (3, 76, 33, 'x                                                                                                                                                                                                                                                              ', 11, true, false, false, true, '2018-12-28 01:05:09', '2018-12-28 01:05:09');
INSERT INTO public.pasajes (id, reserva_id, vuelo_id, fila, columna, pasaje_simple, asiento_bussiness, asiento_discapacidad, es_valido, created_at, updated_at) VALUES (4, 40, 41, 'h                                                                                                                                                                                                                                                              ', 75, false, false, false, true, '2018-12-28 01:05:09', '2018-12-28 01:05:09');
INSERT INTO public.pasajes (id, reserva_id, vuelo_id, fila, columna, pasaje_simple, asiento_bussiness, asiento_discapacidad, es_valido, created_at, updated_at) VALUES (5, 98, 4, 'u                                                                                                                                                                                                                                                              ', 72, true, true, true, true, '2018-12-28 01:05:09', '2018-12-28 01:05:09');
INSERT INTO public.pasajes (id, reserva_id, vuelo_id, fila, columna, pasaje_simple, asiento_bussiness, asiento_discapacidad, es_valido, created_at, updated_at) VALUES (6, 97, 22, 'o                                                                                                                                                                                                                                                              ', 43, false, true, true, true, '2018-12-28 01:05:09', '2018-12-28 01:05:09');
INSERT INTO public.pasajes (id, reserva_id, vuelo_id, fila, columna, pasaje_simple, asiento_bussiness, asiento_discapacidad, es_valido, created_at, updated_at) VALUES (7, 97, 44, 'k                                                                                                                                                                                                                                                              ', 58, false, false, true, true, '2018-12-28 01:05:09', '2018-12-28 01:05:09');
INSERT INTO public.pasajes (id, reserva_id, vuelo_id, fila, columna, pasaje_simple, asiento_bussiness, asiento_discapacidad, es_valido, created_at, updated_at) VALUES (8, 92, 33, 'd                                                                                                                                                                                                                                                              ', 42, false, false, true, true, '2018-12-28 01:05:09', '2018-12-28 01:05:09');
INSERT INTO public.pasajes (id, reserva_id, vuelo_id, fila, columna, pasaje_simple, asiento_bussiness, asiento_discapacidad, es_valido, created_at, updated_at) VALUES (9, 67, 16, 'k                                                                                                                                                                                                                                                              ', 98, true, false, true, true, '2018-12-28 01:05:09', '2018-12-28 01:05:09');
INSERT INTO public.pasajes (id, reserva_id, vuelo_id, fila, columna, pasaje_simple, asiento_bussiness, asiento_discapacidad, es_valido, created_at, updated_at) VALUES (10, 56, 12, 'g                                                                                                                                                                                                                                                              ', 17, false, true, false, true, '2018-12-28 01:05:09', '2018-12-28 01:05:09');
INSERT INTO public.pasajes (id, reserva_id, vuelo_id, fila, columna, pasaje_simple, asiento_bussiness, asiento_discapacidad, es_valido, created_at, updated_at) VALUES (11, 55, 11, 'i                                                                                                                                                                                                                                                              ', 41, false, false, true, true, '2018-12-28 01:05:09', '2018-12-28 01:05:09');
INSERT INTO public.pasajes (id, reserva_id, vuelo_id, fila, columna, pasaje_simple, asiento_bussiness, asiento_discapacidad, es_valido, created_at, updated_at) VALUES (12, 81, 12, 'i                                                                                                                                                                                                                                                              ', 76, true, true, true, true, '2018-12-28 01:05:09', '2018-12-28 01:05:09');
INSERT INTO public.pasajes (id, reserva_id, vuelo_id, fila, columna, pasaje_simple, asiento_bussiness, asiento_discapacidad, es_valido, created_at, updated_at) VALUES (13, 68, 31, 'h                                                                                                                                                                                                                                                              ', 58, false, true, true, true, '2018-12-28 01:05:09', '2018-12-28 01:05:09');
INSERT INTO public.pasajes (id, reserva_id, vuelo_id, fila, columna, pasaje_simple, asiento_bussiness, asiento_discapacidad, es_valido, created_at, updated_at) VALUES (14, 72, 47, 'v                                                                                                                                                                                                                                                              ', 33, false, true, false, true, '2018-12-28 01:05:09', '2018-12-28 01:05:09');
INSERT INTO public.pasajes (id, reserva_id, vuelo_id, fila, columna, pasaje_simple, asiento_bussiness, asiento_discapacidad, es_valido, created_at, updated_at) VALUES (15, 70, 42, 'j                                                                                                                                                                                                                                                              ', 98, false, true, true, true, '2018-12-28 01:05:09', '2018-12-28 01:05:09');
INSERT INTO public.pasajes (id, reserva_id, vuelo_id, fila, columna, pasaje_simple, asiento_bussiness, asiento_discapacidad, es_valido, created_at, updated_at) VALUES (16, 58, 42, 'x                                                                                                                                                                                                                                                              ', 73, false, true, true, true, '2018-12-28 01:05:09', '2018-12-28 01:05:09');
INSERT INTO public.pasajes (id, reserva_id, vuelo_id, fila, columna, pasaje_simple, asiento_bussiness, asiento_discapacidad, es_valido, created_at, updated_at) VALUES (17, 15, 42, 'v                                                                                                                                                                                                                                                              ', 8, false, false, true, true, '2018-12-28 01:05:09', '2018-12-28 01:05:09');
INSERT INTO public.pasajes (id, reserva_id, vuelo_id, fila, columna, pasaje_simple, asiento_bussiness, asiento_discapacidad, es_valido, created_at, updated_at) VALUES (18, 18, 17, 'f                                                                                                                                                                                                                                                              ', 47, true, true, true, true, '2018-12-28 01:05:09', '2018-12-28 01:05:09');
INSERT INTO public.pasajes (id, reserva_id, vuelo_id, fila, columna, pasaje_simple, asiento_bussiness, asiento_discapacidad, es_valido, created_at, updated_at) VALUES (19, 10, 45, 'n                                                                                                                                                                                                                                                              ', 27, false, true, true, true, '2018-12-28 01:05:09', '2018-12-28 01:05:09');
INSERT INTO public.pasajes (id, reserva_id, vuelo_id, fila, columna, pasaje_simple, asiento_bussiness, asiento_discapacidad, es_valido, created_at, updated_at) VALUES (20, 35, 41, 'q                                                                                                                                                                                                                                                              ', 56, false, false, true, true, '2018-12-28 01:05:09', '2018-12-28 01:05:09');
INSERT INTO public.pasajes (id, reserva_id, vuelo_id, fila, columna, pasaje_simple, asiento_bussiness, asiento_discapacidad, es_valido, created_at, updated_at) VALUES (21, 71, 2, 'q                                                                                                                                                                                                                                                              ', 47, false, false, true, true, '2018-12-28 01:05:09', '2018-12-28 01:05:09');
INSERT INTO public.pasajes (id, reserva_id, vuelo_id, fila, columna, pasaje_simple, asiento_bussiness, asiento_discapacidad, es_valido, created_at, updated_at) VALUES (22, 49, 25, 'f                                                                                                                                                                                                                                                              ', 56, false, true, true, true, '2018-12-28 01:05:09', '2018-12-28 01:05:09');
INSERT INTO public.pasajes (id, reserva_id, vuelo_id, fila, columna, pasaje_simple, asiento_bussiness, asiento_discapacidad, es_valido, created_at, updated_at) VALUES (23, 78, 15, 'n                                                                                                                                                                                                                                                              ', 49, false, true, false, true, '2018-12-28 01:05:09', '2018-12-28 01:05:09');
INSERT INTO public.pasajes (id, reserva_id, vuelo_id, fila, columna, pasaje_simple, asiento_bussiness, asiento_discapacidad, es_valido, created_at, updated_at) VALUES (24, 13, 4, 'd                                                                                                                                                                                                                                                              ', 96, false, true, false, true, '2018-12-28 01:05:09', '2018-12-28 01:05:09');
INSERT INTO public.pasajes (id, reserva_id, vuelo_id, fila, columna, pasaje_simple, asiento_bussiness, asiento_discapacidad, es_valido, created_at, updated_at) VALUES (25, 43, 10, 'o                                                                                                                                                                                                                                                              ', 92, false, false, true, true, '2018-12-28 01:05:09', '2018-12-28 01:05:09');
INSERT INTO public.pasajes (id, reserva_id, vuelo_id, fila, columna, pasaje_simple, asiento_bussiness, asiento_discapacidad, es_valido, created_at, updated_at) VALUES (26, 99, 13, 'i                                                                                                                                                                                                                                                              ', 34, true, false, false, true, '2018-12-28 01:05:09', '2018-12-28 01:05:09');
INSERT INTO public.pasajes (id, reserva_id, vuelo_id, fila, columna, pasaje_simple, asiento_bussiness, asiento_discapacidad, es_valido, created_at, updated_at) VALUES (27, 89, 11, 'o                                                                                                                                                                                                                                                              ', 66, false, true, true, true, '2018-12-28 01:05:09', '2018-12-28 01:05:09');
INSERT INTO public.pasajes (id, reserva_id, vuelo_id, fila, columna, pasaje_simple, asiento_bussiness, asiento_discapacidad, es_valido, created_at, updated_at) VALUES (28, 89, 31, 'r                                                                                                                                                                                                                                                              ', 13, false, true, true, true, '2018-12-28 01:05:09', '2018-12-28 01:05:09');
INSERT INTO public.pasajes (id, reserva_id, vuelo_id, fila, columna, pasaje_simple, asiento_bussiness, asiento_discapacidad, es_valido, created_at, updated_at) VALUES (29, 64, 13, 't                                                                                                                                                                                                                                                              ', 85, false, true, false, true, '2018-12-28 01:05:09', '2018-12-28 01:05:09');
INSERT INTO public.pasajes (id, reserva_id, vuelo_id, fila, columna, pasaje_simple, asiento_bussiness, asiento_discapacidad, es_valido, created_at, updated_at) VALUES (30, 24, 22, 'v                                                                                                                                                                                                                                                              ', 60, true, true, false, true, '2018-12-28 01:05:09', '2018-12-28 01:05:09');
INSERT INTO public.pasajes (id, reserva_id, vuelo_id, fila, columna, pasaje_simple, asiento_bussiness, asiento_discapacidad, es_valido, created_at, updated_at) VALUES (31, 96, 37, 'i                                                                                                                                                                                                                                                              ', 78, true, false, true, true, '2018-12-28 01:05:09', '2018-12-28 01:05:09');
INSERT INTO public.pasajes (id, reserva_id, vuelo_id, fila, columna, pasaje_simple, asiento_bussiness, asiento_discapacidad, es_valido, created_at, updated_at) VALUES (32, 65, 6, 'p                                                                                                                                                                                                                                                              ', 100, false, false, false, true, '2018-12-28 01:05:09', '2018-12-28 01:05:09');
INSERT INTO public.pasajes (id, reserva_id, vuelo_id, fila, columna, pasaje_simple, asiento_bussiness, asiento_discapacidad, es_valido, created_at, updated_at) VALUES (33, 60, 33, 'b                                                                                                                                                                                                                                                              ', 54, false, false, false, true, '2018-12-28 01:05:09', '2018-12-28 01:05:09');
INSERT INTO public.pasajes (id, reserva_id, vuelo_id, fila, columna, pasaje_simple, asiento_bussiness, asiento_discapacidad, es_valido, created_at, updated_at) VALUES (34, 34, 4, 'o                                                                                                                                                                                                                                                              ', 49, true, true, true, true, '2018-12-28 01:05:09', '2018-12-28 01:05:09');
INSERT INTO public.pasajes (id, reserva_id, vuelo_id, fila, columna, pasaje_simple, asiento_bussiness, asiento_discapacidad, es_valido, created_at, updated_at) VALUES (35, 11, 26, 'l                                                                                                                                                                                                                                                              ', 99, false, false, true, true, '2018-12-28 01:05:09', '2018-12-28 01:05:09');
INSERT INTO public.pasajes (id, reserva_id, vuelo_id, fila, columna, pasaje_simple, asiento_bussiness, asiento_discapacidad, es_valido, created_at, updated_at) VALUES (36, 47, 43, 'q                                                                                                                                                                                                                                                              ', 45, true, false, true, true, '2018-12-28 01:05:09', '2018-12-28 01:05:09');
INSERT INTO public.pasajes (id, reserva_id, vuelo_id, fila, columna, pasaje_simple, asiento_bussiness, asiento_discapacidad, es_valido, created_at, updated_at) VALUES (37, 79, 20, 'v                                                                                                                                                                                                                                                              ', 7, true, true, false, true, '2018-12-28 01:05:09', '2018-12-28 01:05:09');
INSERT INTO public.pasajes (id, reserva_id, vuelo_id, fila, columna, pasaje_simple, asiento_bussiness, asiento_discapacidad, es_valido, created_at, updated_at) VALUES (38, 61, 16, 'x                                                                                                                                                                                                                                                              ', 10, false, false, true, true, '2018-12-28 01:05:09', '2018-12-28 01:05:09');
INSERT INTO public.pasajes (id, reserva_id, vuelo_id, fila, columna, pasaje_simple, asiento_bussiness, asiento_discapacidad, es_valido, created_at, updated_at) VALUES (39, 26, 18, 'v                                                                                                                                                                                                                                                              ', 68, false, false, true, true, '2018-12-28 01:05:09', '2018-12-28 01:05:09');
INSERT INTO public.pasajes (id, reserva_id, vuelo_id, fila, columna, pasaje_simple, asiento_bussiness, asiento_discapacidad, es_valido, created_at, updated_at) VALUES (40, 44, 44, 'a                                                                                                                                                                                                                                                              ', 28, false, true, true, true, '2018-12-28 01:05:09', '2018-12-28 01:05:09');
INSERT INTO public.pasajes (id, reserva_id, vuelo_id, fila, columna, pasaje_simple, asiento_bussiness, asiento_discapacidad, es_valido, created_at, updated_at) VALUES (41, 72, 34, 'v                                                                                                                                                                                                                                                              ', 88, true, true, false, true, '2018-12-28 01:05:09', '2018-12-28 01:05:09');
INSERT INTO public.pasajes (id, reserva_id, vuelo_id, fila, columna, pasaje_simple, asiento_bussiness, asiento_discapacidad, es_valido, created_at, updated_at) VALUES (42, 37, 35, 's                                                                                                                                                                                                                                                              ', 86, false, false, false, true, '2018-12-28 01:05:09', '2018-12-28 01:05:09');
INSERT INTO public.pasajes (id, reserva_id, vuelo_id, fila, columna, pasaje_simple, asiento_bussiness, asiento_discapacidad, es_valido, created_at, updated_at) VALUES (43, 20, 34, 'h                                                                                                                                                                                                                                                              ', 13, true, false, true, true, '2018-12-28 01:05:09', '2018-12-28 01:05:09');
INSERT INTO public.pasajes (id, reserva_id, vuelo_id, fila, columna, pasaje_simple, asiento_bussiness, asiento_discapacidad, es_valido, created_at, updated_at) VALUES (44, 32, 43, 'k                                                                                                                                                                                                                                                              ', 99, true, false, true, true, '2018-12-28 01:05:09', '2018-12-28 01:05:09');
INSERT INTO public.pasajes (id, reserva_id, vuelo_id, fila, columna, pasaje_simple, asiento_bussiness, asiento_discapacidad, es_valido, created_at, updated_at) VALUES (45, 73, 3, 'y                                                                                                                                                                                                                                                              ', 47, true, false, true, true, '2018-12-28 01:05:09', '2018-12-28 01:05:09');
INSERT INTO public.pasajes (id, reserva_id, vuelo_id, fila, columna, pasaje_simple, asiento_bussiness, asiento_discapacidad, es_valido, created_at, updated_at) VALUES (46, 29, 48, 's                                                                                                                                                                                                                                                              ', 32, true, false, false, true, '2018-12-28 01:05:09', '2018-12-28 01:05:09');
INSERT INTO public.pasajes (id, reserva_id, vuelo_id, fila, columna, pasaje_simple, asiento_bussiness, asiento_discapacidad, es_valido, created_at, updated_at) VALUES (47, 7, 31, 'b                                                                                                                                                                                                                                                              ', 11, true, true, false, true, '2018-12-28 01:05:09', '2018-12-28 01:05:09');
INSERT INTO public.pasajes (id, reserva_id, vuelo_id, fila, columna, pasaje_simple, asiento_bussiness, asiento_discapacidad, es_valido, created_at, updated_at) VALUES (48, 98, 5, 'n                                                                                                                                                                                                                                                              ', 61, false, true, false, true, '2018-12-28 01:05:09', '2018-12-28 01:05:09');
INSERT INTO public.pasajes (id, reserva_id, vuelo_id, fila, columna, pasaje_simple, asiento_bussiness, asiento_discapacidad, es_valido, created_at, updated_at) VALUES (49, 79, 3, 'o                                                                                                                                                                                                                                                              ', 88, true, true, false, true, '2018-12-28 01:05:09', '2018-12-28 01:05:09');
INSERT INTO public.pasajes (id, reserva_id, vuelo_id, fila, columna, pasaje_simple, asiento_bussiness, asiento_discapacidad, es_valido, created_at, updated_at) VALUES (50, 1, 26, 'v                                                                                                                                                                                                                                                              ', 31, false, false, true, true, '2018-12-28 01:05:09', '2018-12-28 01:05:09');
INSERT INTO public.pasajes (id, reserva_id, vuelo_id, fila, columna, pasaje_simple, asiento_bussiness, asiento_discapacidad, es_valido, created_at, updated_at) VALUES (51, 45, 7, 'n                                                                                                                                                                                                                                                              ', 25, false, true, false, true, '2018-12-28 01:05:09', '2018-12-28 01:05:09');
INSERT INTO public.pasajes (id, reserva_id, vuelo_id, fila, columna, pasaje_simple, asiento_bussiness, asiento_discapacidad, es_valido, created_at, updated_at) VALUES (52, 60, 29, 'm                                                                                                                                                                                                                                                              ', 28, true, true, false, true, '2018-12-28 01:05:09', '2018-12-28 01:05:09');
INSERT INTO public.pasajes (id, reserva_id, vuelo_id, fila, columna, pasaje_simple, asiento_bussiness, asiento_discapacidad, es_valido, created_at, updated_at) VALUES (53, 32, 15, 'b                                                                                                                                                                                                                                                              ', 83, true, true, true, true, '2018-12-28 01:05:09', '2018-12-28 01:05:09');
INSERT INTO public.pasajes (id, reserva_id, vuelo_id, fila, columna, pasaje_simple, asiento_bussiness, asiento_discapacidad, es_valido, created_at, updated_at) VALUES (54, 53, 16, 'r                                                                                                                                                                                                                                                              ', 64, false, false, false, true, '2018-12-28 01:05:09', '2018-12-28 01:05:09');
INSERT INTO public.pasajes (id, reserva_id, vuelo_id, fila, columna, pasaje_simple, asiento_bussiness, asiento_discapacidad, es_valido, created_at, updated_at) VALUES (55, 54, 34, 'r                                                                                                                                                                                                                                                              ', 92, true, false, true, true, '2018-12-28 01:05:09', '2018-12-28 01:05:09');
INSERT INTO public.pasajes (id, reserva_id, vuelo_id, fila, columna, pasaje_simple, asiento_bussiness, asiento_discapacidad, es_valido, created_at, updated_at) VALUES (56, 93, 42, 'u                                                                                                                                                                                                                                                              ', 54, true, false, true, true, '2018-12-28 01:05:09', '2018-12-28 01:05:09');
INSERT INTO public.pasajes (id, reserva_id, vuelo_id, fila, columna, pasaje_simple, asiento_bussiness, asiento_discapacidad, es_valido, created_at, updated_at) VALUES (57, 96, 37, 'f                                                                                                                                                                                                                                                              ', 90, true, true, true, true, '2018-12-28 01:05:09', '2018-12-28 01:05:09');
INSERT INTO public.pasajes (id, reserva_id, vuelo_id, fila, columna, pasaje_simple, asiento_bussiness, asiento_discapacidad, es_valido, created_at, updated_at) VALUES (58, 11, 31, 'a                                                                                                                                                                                                                                                              ', 82, false, false, true, true, '2018-12-28 01:05:09', '2018-12-28 01:05:09');
INSERT INTO public.pasajes (id, reserva_id, vuelo_id, fila, columna, pasaje_simple, asiento_bussiness, asiento_discapacidad, es_valido, created_at, updated_at) VALUES (59, 31, 8, 's                                                                                                                                                                                                                                                              ', 54, true, false, true, true, '2018-12-28 01:05:09', '2018-12-28 01:05:09');
INSERT INTO public.pasajes (id, reserva_id, vuelo_id, fila, columna, pasaje_simple, asiento_bussiness, asiento_discapacidad, es_valido, created_at, updated_at) VALUES (60, 23, 45, 'c                                                                                                                                                                                                                                                              ', 75, false, true, true, true, '2018-12-28 01:05:09', '2018-12-28 01:05:09');INSERT INTO public."queryLogs" (id, query, user_id, fecha_consulta, es_valido, created_at, updated_at) VALUES (1, 'Illo sunt sint veritatis eos esse quia et. Rerum sint a quia neque aspernatur. Nobis modi cumque eum eius aperiam.', 98, '2018-12-28 01:05:09', true, '2018-12-28 01:05:09', '2018-12-28 01:05:09');
INSERT INTO public."queryLogs" (id, query, user_id, fecha_consulta, es_valido, created_at, updated_at) VALUES (2, 'Deleniti dolor molestiae ullam ut accusamus ut. Sint corrupti quod est accusamus provident aut ipsum. Autem et ut accusamus occaecati.', 72, '2018-12-28 01:05:09', true, '2018-12-28 01:05:09', '2018-12-28 01:05:09');
INSERT INTO public."queryLogs" (id, query, user_id, fecha_consulta, es_valido, created_at, updated_at) VALUES (3, 'Vel qui eligendi non architecto aut dolor. Eos sunt enim omnis iure omnis omnis. Ipsam eaque hic incidunt voluptatem sunt voluptatem accusantium nisi. Totam voluptatem vel pariatur laudantium velit.', 48, '2018-12-28 01:05:09', true, '2018-12-28 01:05:09', '2018-12-28 01:05:09');
INSERT INTO public."queryLogs" (id, query, user_id, fecha_consulta, es_valido, created_at, updated_at) VALUES (4, 'Ab neque dolorum tenetur numquam. Rem sit aut fugit cum aliquid aliquam. Non corrupti laborum animi explicabo necessitatibus in asperiores.', 56, '2018-12-28 01:05:09', true, '2018-12-28 01:05:09', '2018-12-28 01:05:09');
INSERT INTO public."queryLogs" (id, query, user_id, fecha_consulta, es_valido, created_at, updated_at) VALUES (5, 'Accusantium ipsa commodi cumque dolores. Et voluptas blanditiis aut. Beatae molestias fugiat accusantium beatae molestiae. Est sed consequatur eius ut corporis qui et.', 16, '2018-12-28 01:05:09', true, '2018-12-28 01:05:09', '2018-12-28 01:05:09');
INSERT INTO public."queryLogs" (id, query, user_id, fecha_consulta, es_valido, created_at, updated_at) VALUES (6, 'Officia odio corporis a. Laudantium et quis ducimus eaque enim consequatur. Reprehenderit delectus ut sit dolores velit.', 69, '2018-12-28 01:05:09', true, '2018-12-28 01:05:09', '2018-12-28 01:05:09');
INSERT INTO public."queryLogs" (id, query, user_id, fecha_consulta, es_valido, created_at, updated_at) VALUES (7, 'Doloremque qui ipsum modi. Deleniti est recusandae et nulla. Natus voluptatibus provident et ducimus.', 60, '2018-12-28 01:05:09', true, '2018-12-28 01:05:09', '2018-12-28 01:05:09');
INSERT INTO public."queryLogs" (id, query, user_id, fecha_consulta, es_valido, created_at, updated_at) VALUES (8, 'Rerum placeat est et corporis maxime rem. Illo et et et perferendis. Ut nihil doloribus cum eum repudiandae id.', 41, '2018-12-28 01:05:09', true, '2018-12-28 01:05:09', '2018-12-28 01:05:09');
INSERT INTO public."queryLogs" (id, query, user_id, fecha_consulta, es_valido, created_at, updated_at) VALUES (9, 'Nihil deserunt aut qui quas vitae. Aut cupiditate commodi ea qui quas minus. Cum maxime quasi porro quis. Omnis odio aut laborum animi iste dicta.', 78, '2018-12-28 01:05:09', true, '2018-12-28 01:05:09', '2018-12-28 01:05:09');
INSERT INTO public."queryLogs" (id, query, user_id, fecha_consulta, es_valido, created_at, updated_at) VALUES (10, 'Explicabo omnis exercitationem molestiae. Provident quia voluptatem doloremque voluptas magni et.', 53, '2018-12-28 01:05:09', true, '2018-12-28 01:05:09', '2018-12-28 01:05:09');
INSERT INTO public."queryLogs" (id, query, user_id, fecha_consulta, es_valido, created_at, updated_at) VALUES (11, 'Sint natus recusandae ducimus labore itaque eius voluptate dolorem. Voluptatum aut molestiae in consequatur velit. Impedit non eaque deserunt velit quod.', 44, '2018-12-28 01:05:09', true, '2018-12-28 01:05:09', '2018-12-28 01:05:09');
INSERT INTO public."queryLogs" (id, query, user_id, fecha_consulta, es_valido, created_at, updated_at) VALUES (12, 'Qui commodi eaque architecto. Quia molestiae veritatis sit. Fugiat et quis odio impedit rerum. Quia qui vitae iure iure. Error assumenda consequatur nostrum neque saepe ut est.', 87, '2018-12-28 01:05:09', true, '2018-12-28 01:05:09', '2018-12-28 01:05:09');
INSERT INTO public."queryLogs" (id, query, user_id, fecha_consulta, es_valido, created_at, updated_at) VALUES (13, 'Est aliquid nisi tempore. Molestiae ea et blanditiis sapiente. Quae sunt voluptate debitis sed voluptas.', 51, '2018-12-28 01:05:09', true, '2018-12-28 01:05:09', '2018-12-28 01:05:09');
INSERT INTO public."queryLogs" (id, query, user_id, fecha_consulta, es_valido, created_at, updated_at) VALUES (14, 'Sit et ad quis qui aut et. Et quis et et quas quidem. Facere qui non eum recusandae magni exercitationem. Autem blanditiis saepe blanditiis quos aut dolorem enim.', 7, '2018-12-28 01:05:09', true, '2018-12-28 01:05:09', '2018-12-28 01:05:09');
INSERT INTO public."queryLogs" (id, query, user_id, fecha_consulta, es_valido, created_at, updated_at) VALUES (15, 'Et nemo quam veniam officia sunt enim tempora assumenda. Sint et aperiam minima ullam ipsum minima. Earum quia asperiores officia et.', 84, '2018-12-28 01:05:09', true, '2018-12-28 01:05:09', '2018-12-28 01:05:09');
INSERT INTO public."queryLogs" (id, query, user_id, fecha_consulta, es_valido, created_at, updated_at) VALUES (16, 'Ex minima odio temporibus natus. Expedita expedita consequuntur in ut vel accusamus. Quia sit fuga quis corrupti quibusdam est. Qui corporis tempore dolores consequuntur sequi.', 36, '2018-12-28 01:05:09', true, '2018-12-28 01:05:09', '2018-12-28 01:05:09');
INSERT INTO public."queryLogs" (id, query, user_id, fecha_consulta, es_valido, created_at, updated_at) VALUES (17, 'Omnis omnis provident a deleniti saepe ut officia. Facere cum eaque molestiae sapiente sed recusandae voluptatum. Ut eaque porro voluptates perferendis. Nihil iure quia vel veritatis molestiae.', 36, '2018-12-28 01:05:09', true, '2018-12-28 01:05:09', '2018-12-28 01:05:09');
INSERT INTO public."queryLogs" (id, query, user_id, fecha_consulta, es_valido, created_at, updated_at) VALUES (18, 'Sit neque alias repudiandae a aperiam error alias aliquid. Hic ratione unde consequatur consectetur. Nobis omnis sint ea quia. Est veritatis numquam sed est.', 62, '2018-12-28 01:05:09', true, '2018-12-28 01:05:09', '2018-12-28 01:05:09');
INSERT INTO public."queryLogs" (id, query, user_id, fecha_consulta, es_valido, created_at, updated_at) VALUES (19, 'Quibusdam consequatur dignissimos animi eaque quis nesciunt. Quo temporibus et quidem architecto. Aut ut rerum aut pariatur. Quisquam debitis voluptatem perferendis dolor.', 61, '2018-12-28 01:05:09', true, '2018-12-28 01:05:09', '2018-12-28 01:05:09');
INSERT INTO public."queryLogs" (id, query, user_id, fecha_consulta, es_valido, created_at, updated_at) VALUES (20, 'Et laborum qui ex eligendi omnis quae recusandae. Sit aspernatur iure voluptas. Voluptates doloremque aut beatae ea.', 38, '2018-12-28 01:05:09', true, '2018-12-28 01:05:09', '2018-12-28 01:05:09');
INSERT INTO public."queryLogs" (id, query, user_id, fecha_consulta, es_valido, created_at, updated_at) VALUES (21, 'Impedit asperiores officiis velit rem vel. Suscipit ullam vitae dolorem eligendi. Qui et fugiat ipsum cum laborum quibusdam.', 25, '2018-12-28 01:05:09', true, '2018-12-28 01:05:09', '2018-12-28 01:05:09');
INSERT INTO public."queryLogs" (id, query, user_id, fecha_consulta, es_valido, created_at, updated_at) VALUES (22, 'Natus ut quisquam et recusandae consequuntur quidem. Natus sunt hic commodi alias quo perferendis. Beatae in maiores et deserunt voluptatem ut.', 63, '2018-12-28 01:05:09', true, '2018-12-28 01:05:09', '2018-12-28 01:05:09');
INSERT INTO public."queryLogs" (id, query, user_id, fecha_consulta, es_valido, created_at, updated_at) VALUES (23, 'Reprehenderit nostrum fuga assumenda totam. Accusantium aliquam est commodi veniam excepturi amet sed. Qui quas quis nulla deserunt voluptas.', 61, '2018-12-28 01:05:09', true, '2018-12-28 01:05:09', '2018-12-28 01:05:09');
INSERT INTO public."queryLogs" (id, query, user_id, fecha_consulta, es_valido, created_at, updated_at) VALUES (24, 'Commodi quis dolorum quibusdam deleniti. Et vel nulla aut rerum. Facere labore ut est sed provident aliquam occaecati. Facere culpa ipsa aut nesciunt nam quaerat neque.', 18, '2018-12-28 01:05:09', true, '2018-12-28 01:05:09', '2018-12-28 01:05:09');
INSERT INTO public."queryLogs" (id, query, user_id, fecha_consulta, es_valido, created_at, updated_at) VALUES (25, 'Nostrum cumque dolorem modi sunt nostrum id nemo distinctio. Rem amet voluptate cupiditate animi cupiditate maxime itaque. Voluptatem laboriosam nisi aperiam dolores. Quia aut ut id porro quia quos.', 74, '2018-12-28 01:05:09', true, '2018-12-28 01:05:09', '2018-12-28 01:05:09');
INSERT INTO public."queryLogs" (id, query, user_id, fecha_consulta, es_valido, created_at, updated_at) VALUES (26, 'Et illum quod eveniet ab omnis eos culpa. Non temporibus architecto est odit quisquam perspiciatis. Officiis magni iste dolorum. Nemo architecto neque dolorem quia nesciunt porro.', 15, '2018-12-28 01:05:09', true, '2018-12-28 01:05:09', '2018-12-28 01:05:09');
INSERT INTO public."queryLogs" (id, query, user_id, fecha_consulta, es_valido, created_at, updated_at) VALUES (27, 'Provident aut voluptatem nulla voluptatem fuga quasi. Quia nisi molestias maxime. Incidunt architecto qui iure iste accusantium. A voluptate eius enim minima natus pariatur eaque.', 51, '2018-12-28 01:05:09', true, '2018-12-28 01:05:09', '2018-12-28 01:05:09');
INSERT INTO public."queryLogs" (id, query, user_id, fecha_consulta, es_valido, created_at, updated_at) VALUES (28, 'Sit occaecati dolorem amet placeat nesciunt ut. Esse eos exercitationem laboriosam adipisci qui. In eum corporis magnam quis. Dolores minima impedit sequi quas omnis rerum earum.', 98, '2018-12-28 01:05:09', true, '2018-12-28 01:05:09', '2018-12-28 01:05:09');
INSERT INTO public."queryLogs" (id, query, user_id, fecha_consulta, es_valido, created_at, updated_at) VALUES (29, 'Minus ea quam sapiente dolorem est libero eum. Ea sit reiciendis recusandae fugit. Aut facilis doloribus odit vel veniam reiciendis. Molestiae placeat ea sequi praesentium.', 96, '2018-12-28 01:05:09', true, '2018-12-28 01:05:09', '2018-12-28 01:05:09');
INSERT INTO public."queryLogs" (id, query, user_id, fecha_consulta, es_valido, created_at, updated_at) VALUES (30, 'Fugit beatae sit sed harum. Et eos consectetur rerum sint velit. Perferendis vel non nisi deleniti rem. Quo exercitationem perspiciatis nostrum voluptatem aut rerum in.', 81, '2018-12-28 01:05:09', true, '2018-12-28 01:05:09', '2018-12-28 01:05:09');
INSERT INTO public."queryLogs" (id, query, user_id, fecha_consulta, es_valido, created_at, updated_at) VALUES (31, 'Fuga ipsum officia autem odio rerum expedita. Aspernatur blanditiis inventore impedit ad et esse. Quis est culpa explicabo qui odio nihil consequuntur.', 39, '2018-12-28 01:05:09', true, '2018-12-28 01:05:09', '2018-12-28 01:05:09');
INSERT INTO public."queryLogs" (id, query, user_id, fecha_consulta, es_valido, created_at, updated_at) VALUES (32, 'Est iure mollitia et nostrum soluta. Tenetur voluptas ipsa dolor natus placeat rerum. Aut est esse ut omnis deserunt. Quibusdam ipsam eaque nam officia est.', 46, '2018-12-28 01:05:09', true, '2018-12-28 01:05:09', '2018-12-28 01:05:09');
INSERT INTO public."queryLogs" (id, query, user_id, fecha_consulta, es_valido, created_at, updated_at) VALUES (33, 'Nulla in omnis ut numquam sint nostrum voluptatum. Quas natus nulla explicabo est nostrum repudiandae.', 98, '2018-12-28 01:05:09', true, '2018-12-28 01:05:09', '2018-12-28 01:05:09');
INSERT INTO public."queryLogs" (id, query, user_id, fecha_consulta, es_valido, created_at, updated_at) VALUES (34, 'Saepe ipsa nesciunt veritatis vel. Occaecati et voluptatum iure aut. Delectus sapiente porro nisi architecto modi. Fuga consectetur facere ratione omnis accusantium consequatur ratione amet.', 80, '2018-12-28 01:05:09', true, '2018-12-28 01:05:09', '2018-12-28 01:05:09');
INSERT INTO public."queryLogs" (id, query, user_id, fecha_consulta, es_valido, created_at, updated_at) VALUES (35, 'Velit recusandae nulla aut. Est natus praesentium sit quia ex illo. Fugit consectetur molestiae sapiente deserunt.', 91, '2018-12-28 01:05:09', true, '2018-12-28 01:05:09', '2018-12-28 01:05:09');
INSERT INTO public."queryLogs" (id, query, user_id, fecha_consulta, es_valido, created_at, updated_at) VALUES (36, 'Ex est ipsam ut cum. Quia amet aut eaque fugit dolor explicabo. Nulla quaerat minus quia. Aut eveniet ut qui ut.', 36, '2018-12-28 01:05:09', true, '2018-12-28 01:05:09', '2018-12-28 01:05:09');
INSERT INTO public."queryLogs" (id, query, user_id, fecha_consulta, es_valido, created_at, updated_at) VALUES (37, 'Quia sint rerum alias rem quas. Ipsum id nostrum a quis mollitia iste vero. Nulla corporis placeat aspernatur veniam ab enim.', 83, '2018-12-28 01:05:09', true, '2018-12-28 01:05:09', '2018-12-28 01:05:09');
INSERT INTO public."queryLogs" (id, query, user_id, fecha_consulta, es_valido, created_at, updated_at) VALUES (38, 'Repellendus et sunt minima et repellendus ex. In dolorum voluptas quam facilis. Quas impedit ut dolore quibusdam nisi molestias officia. Id et saepe nam perferendis at.', 66, '2018-12-28 01:05:09', true, '2018-12-28 01:05:09', '2018-12-28 01:05:09');
INSERT INTO public."queryLogs" (id, query, user_id, fecha_consulta, es_valido, created_at, updated_at) VALUES (39, 'Minus laboriosam dolores esse aut adipisci facere facere voluptate. Quia et sed aut quia. Reiciendis consequatur ut qui.', 57, '2018-12-28 01:05:09', true, '2018-12-28 01:05:09', '2018-12-28 01:05:09');
INSERT INTO public."queryLogs" (id, query, user_id, fecha_consulta, es_valido, created_at, updated_at) VALUES (40, 'Esse fuga asperiores necessitatibus iste voluptatem consequatur. Minus autem rerum eum voluptatum perspiciatis quam commodi. Ipsum est voluptatem mollitia delectus doloremque.', 32, '2018-12-28 01:05:09', true, '2018-12-28 01:05:09', '2018-12-28 01:05:09');
INSERT INTO public."queryLogs" (id, query, user_id, fecha_consulta, es_valido, created_at, updated_at) VALUES (41, 'Voluptas qui ipsum voluptas magni vel quasi. Consequatur in autem non vero ab eos quia. Nostrum aut deserunt nulla sequi fuga repellendus ea.', 24, '2018-12-28 01:05:09', true, '2018-12-28 01:05:09', '2018-12-28 01:05:09');
INSERT INTO public."queryLogs" (id, query, user_id, fecha_consulta, es_valido, created_at, updated_at) VALUES (42, 'Neque aut sequi exercitationem ut minima. Nihil voluptate harum nemo et et optio quis. Unde sequi nihil explicabo error et debitis. Consequatur velit nemo omnis qui ad nam qui.', 41, '2018-12-28 01:05:09', true, '2018-12-28 01:05:09', '2018-12-28 01:05:09');
INSERT INTO public."queryLogs" (id, query, user_id, fecha_consulta, es_valido, created_at, updated_at) VALUES (43, 'Quos totam dolor dolorum id atque. Est reprehenderit eos similique quod soluta repellendus repellendus.', 56, '2018-12-28 01:05:09', true, '2018-12-28 01:05:09', '2018-12-28 01:05:09');
INSERT INTO public."queryLogs" (id, query, user_id, fecha_consulta, es_valido, created_at, updated_at) VALUES (44, 'In ut voluptates aut et voluptate officiis soluta. Exercitationem et aliquid culpa est ullam et reiciendis et. Quo eligendi aut est rem.', 88, '2018-12-28 01:05:09', true, '2018-12-28 01:05:09', '2018-12-28 01:05:09');
INSERT INTO public."queryLogs" (id, query, user_id, fecha_consulta, es_valido, created_at, updated_at) VALUES (45, 'Esse est dolor magni qui. Nam eius eos vel itaque voluptates beatae expedita expedita. Vero dolores repudiandae aut eveniet fuga est voluptatibus.', 99, '2018-12-28 01:05:09', true, '2018-12-28 01:05:09', '2018-12-28 01:05:09');
INSERT INTO public."queryLogs" (id, query, user_id, fecha_consulta, es_valido, created_at, updated_at) VALUES (46, 'Illo earum et vel vel ratione. Ut magnam deleniti sit. Maiores quod recusandae cum inventore. Tempore impedit aut ut necessitatibus alias animi.', 78, '2018-12-28 01:05:09', true, '2018-12-28 01:05:09', '2018-12-28 01:05:09');
INSERT INTO public."queryLogs" (id, query, user_id, fecha_consulta, es_valido, created_at, updated_at) VALUES (47, 'Et reiciendis vel natus tempore ex temporibus. Aspernatur iste error laboriosam quaerat. Soluta soluta dolorum pariatur labore. Cumque possimus omnis consequatur corporis provident architecto.', 55, '2018-12-28 01:05:09', true, '2018-12-28 01:05:09', '2018-12-28 01:05:09');
INSERT INTO public."queryLogs" (id, query, user_id, fecha_consulta, es_valido, created_at, updated_at) VALUES (48, 'Autem repellat qui mollitia odit earum aut. Tenetur soluta rerum aut atque. Aliquid ut ipsam repellendus error et aut accusamus.', 67, '2018-12-28 01:05:09', true, '2018-12-28 01:05:09', '2018-12-28 01:05:09');
INSERT INTO public."queryLogs" (id, query, user_id, fecha_consulta, es_valido, created_at, updated_at) VALUES (49, 'Dicta reiciendis praesentium et praesentium excepturi autem quis. Officiis autem sunt omnis magni dolorem maiores doloribus. Repellendus quis earum facere numquam.', 80, '2018-12-28 01:05:09', true, '2018-12-28 01:05:09', '2018-12-28 01:05:09');
INSERT INTO public."queryLogs" (id, query, user_id, fecha_consulta, es_valido, created_at, updated_at) VALUES (50, 'Aut ut atque harum necessitatibus et at et. Fugit at dolores adipisci rerum laborum voluptate. Ea architecto qui animi et recusandae perspiciatis.', 86, '2018-12-28 01:05:09', true, '2018-12-28 01:05:09', '2018-12-28 01:05:09');
INSERT INTO public."queryLogs" (id, query, user_id, fecha_consulta, es_valido, created_at, updated_at) VALUES (51, 'Sit dolor est in optio. Voluptatum tenetur culpa aspernatur possimus. Atque quae nihil vitae modi. Reiciendis rem necessitatibus et recusandae nobis.', 2, '2018-12-28 01:05:09', true, '2018-12-28 01:05:09', '2018-12-28 01:05:09');
INSERT INTO public."queryLogs" (id, query, user_id, fecha_consulta, es_valido, created_at, updated_at) VALUES (52, 'Mollitia excepturi sed magnam in. Vero minima maiores minima voluptatem ut dolorem distinctio. Et excepturi perspiciatis ut. Sunt dolore omnis commodi voluptatem impedit voluptates.', 77, '2018-12-28 01:05:09', true, '2018-12-28 01:05:09', '2018-12-28 01:05:09');
INSERT INTO public."queryLogs" (id, query, user_id, fecha_consulta, es_valido, created_at, updated_at) VALUES (53, 'Exercitationem quidem et sunt quia. Optio voluptates non voluptas doloribus dolores. Possimus voluptate dolor temporibus voluptatibus. Sit ea similique in asperiores rerum ducimus.', 85, '2018-12-28 01:05:09', true, '2018-12-28 01:05:09', '2018-12-28 01:05:09');
INSERT INTO public."queryLogs" (id, query, user_id, fecha_consulta, es_valido, created_at, updated_at) VALUES (54, 'Dignissimos iure est sunt voluptate. Ullam totam soluta expedita officia. Explicabo ut ut vel corrupti.', 61, '2018-12-28 01:05:09', true, '2018-12-28 01:05:09', '2018-12-28 01:05:09');
INSERT INTO public."queryLogs" (id, query, user_id, fecha_consulta, es_valido, created_at, updated_at) VALUES (55, 'Qui et qui totam aut numquam quia voluptatem. Repellat ipsam veniam praesentium aut nihil consequatur illum ea. Ipsam ut minima ea eveniet.', 38, '2018-12-28 01:05:09', true, '2018-12-28 01:05:09', '2018-12-28 01:05:09');
INSERT INTO public."queryLogs" (id, query, user_id, fecha_consulta, es_valido, created_at, updated_at) VALUES (56, 'Porro assumenda est ut illum quas ut. Fuga ea porro sint earum eligendi. Dolores corrupti quia consequatur modi mollitia omnis.', 65, '2018-12-28 01:05:09', true, '2018-12-28 01:05:09', '2018-12-28 01:05:09');
INSERT INTO public."queryLogs" (id, query, user_id, fecha_consulta, es_valido, created_at, updated_at) VALUES (57, 'Autem sit enim mollitia itaque nostrum et quia. Optio ea illum ea aut rem. Autem nihil enim eum voluptatem fugit et nobis. Ea sunt ex dolorum et quo molestias occaecati.', 41, '2018-12-28 01:05:09', true, '2018-12-28 01:05:09', '2018-12-28 01:05:09');
INSERT INTO public."queryLogs" (id, query, user_id, fecha_consulta, es_valido, created_at, updated_at) VALUES (58, 'Veritatis similique ad veritatis et sed provident. Officiis sed eveniet iusto eum delectus dolores aperiam. Repellendus atque consectetur quibusdam vel omnis.', 91, '2018-12-28 01:05:09', true, '2018-12-28 01:05:09', '2018-12-28 01:05:09');
INSERT INTO public."queryLogs" (id, query, user_id, fecha_consulta, es_valido, created_at, updated_at) VALUES (59, 'Nihil nemo et quo ipsam quo consequuntur. Qui quis omnis quam inventore nesciunt. Autem voluptates accusantium minus et dolor sunt autem nam. Omnis mollitia tenetur est eos quod delectus tempora.', 54, '2018-12-28 01:05:09', true, '2018-12-28 01:05:09', '2018-12-28 01:05:09');
INSERT INTO public."queryLogs" (id, query, user_id, fecha_consulta, es_valido, created_at, updated_at) VALUES (60, 'Hic amet qui et et qui. Ut sapiente ut doloribus deserunt atque voluptatem quas quidem. Ducimus et modi fuga ullam. Voluptates porro voluptatum minus in in eveniet.', 96, '2018-12-28 01:05:09', true, '2018-12-28 01:05:09', '2018-12-28 01:05:09');